collision-id,report-number,report-version,is-preliminary,ncic-code,crash-date-time,crash-time-description,beat,city-id,city-code,city-name,county-code,city-is-active,city-is-incorporated,collision-type-code,collision-type-description,collision-type-other-desc,day-of-week,dispatch-notified,has-photographs,hit-run,is-attachments-mailed,is-deleted,is-highway-related,is-tow-away,judicial-district,motor-vehicle-involved-with-code,motor-vehicle-involved-with-desc,motor-vehicle-involved-with-other-desc,number-injured,number-killed,weather-1,weather-2,road-condition-1,road-condition-2,special-condition-lighting-code,lighting-description,latitude,longitude,milepost-direction,milepost-distance,milepost-marker,milepost-unit-of-measure,pedestrian-action-code,pedestrian-action-desc,prepared-date,primary-collision-factor-code,primary-collision-factor-violation,primary-collision-factor-is-cited,primary-collision-party-number,primary-road,reporting-district,reporting-district-code,reviewed-date,roadway-surface-code,secondary-direction,secondary-distance,secondary-road,secondary-unit-of-measure,sketch-desc,traffic-control-device-code,created-date,modified-date,is-county-road,is-freeway,chp-555-version,is-additonal-object-struck,notification-date,notification-time-description,has-digital-media-files,evidence-number,is-location-refer-to-narrative,is-aoi-one-same-as-location
1726829,9370-2022-00723,1,False,9370,3/9/2022 10:18:00 AM,1018,052,14,109,Oakland,1,True,True,E,HIT OBJECT,,Wednesday,NotApplicable,False,,,False,True,False,ALAMEDA SUPERIOR COURT WILEY W. MANUEL COURTHOUSE,J,OTHER OBJECT,ROCKS/DEBRIS,0,0,CLEAR,,NO UNUSUAL CONDITIONS,,A,DAYLIGHT,37.7841,-122.181669,,,,,A,NO PEDESTRIANS INVOLVED,3/9/2022 10:18:00 AM,C,,,,I-580 W/B,,,3/18/2022 12:00:00 AM,A,W,800.0,SR-13 S/B,F,,D,3/18/2022 12:11:36 PM,3/18/2022 12:11:36 PM,False,True,4,,,,,,,
1726800,9370-2022-00643,1,False,9370,3/9/2022 2:44:00 PM,1444,176,14,109,Oakland,1,True,True,C,REAR END,,Wednesday,NotApplicable,False,,,False,True,False,ALAMEDA SUPERIOR COURT WILEY W. MANUEL COURTHOUSE,C,OTHER MOTOR VEHICLE,,0,0,CLEAR,,NO UNUSUAL CONDITIONS,,A,DAYLIGHT,37.770216,-122.22194,,,,,A,NO PEDESTRIANS INVOLVED,3/9/2022 2:44:00 PM,A,VC 22350,False,1,I-880 S/B,,,3/18/2022 12:00:00 AM,A,N,850.0,HIGH ST,F,,D,3/18/2022 11:43:33 AM,3/18/2022 11:43:33 AM,False,True,4,,,,,,,
1726785,9370-2022-00640,1,False,9370,3/9/2022 4:40:00 PM,1640,024,14,109,Oakland,1,True,True,B,SIDE SWIPE,,Wednesday,NotApplicable,False,,,False,True,True,ALAMEDA SUPERIOR COURT WILEY W. MANUEL COURTHOUSE,C,OTHER MOTOR VEHICLE,,0,0,CLEAR,,NO UNUSUAL CONDITIONS,,A,DAYLIGHT,37.85039,-122.222949,,,,,A,NO PEDESTRIANS INVOLVED,3/9/2022 4:40:00 PM,A,VC 21658(A),False,1,SR-24 W/B,,,3/18/2022 12:00:00 AM,A,E,180.0,KAY RD,F,,D,3/18/2022 11:30:17 AM,3/18/2022 11:30:17 AM,False,True,4,,,,,,,
1726689,9370-2022-00639,1,False,9370,3/9/2022 8:20:00 AM,820,053,14,109,Oakland,1,True,True,C,REAR END,,Wednesday,NotApplicable,False,,,False,True,False,ALAMEDA SUPERIOR COURT WILEY W. MANUEL COURTHOUSE,C,OTHER MOTOR VEHICLE,,0,0,CLEAR,,NO UNUSUAL CONDITIONS,,A,DAYLIGHT,37.473694,-122.121705,,,,,A,NO PEDESTRIANS INVOLVED,3/9/2022 8:20:00 AM,A,VC 22350,False,1,I-580 W/B,,,3/18/2022 12:00:00 AM,A,W,620.0,35TH AVE,F,,D,3/18/2022 10:35:44 AM,3/18/2022 10:35:44 AM,False,True,4,,,,,,,
1726688,9335-2022-00427,1,False,9335,3/9/2022 8:30:00 AM,830,082,14,109,Oakland,1,True,True,B,SIDE SWIPE,,Wednesday,NotApplicable,False,,,False,True,False,ALAMEDA SUPERIOR COURT WILEY W. MANUEL COURTHOUSE,C,OTHER MOTOR VEHICLE,,0,0,CLEAR,,NO UNUSUAL CONDITIONS,,A,DAYLIGHT,37.821856,-122.331729,,,,,A,NO PEDESTRIANS INVOLVED,3/9/2022 8:30:00 AM,A,VC 21658(A),False,1,I-80,,,3/18/2022 12:00:00 AM,A,W,1.0,SFOBB TOLL PLAZA,M,,D,3/18/2022 10:33:17 AM,3/18/2022 10:33:17 AM,False,True,4,,,,,,,
1726603,9370-2022-00632,1,False,9370,3/8/2022 6:30:00 PM,1830,008,14,109,Oakland,1,True,True,B,SIDE SWIPE,,Tuesday,NotApplicable,False,,,False,True,False,ALAMEDA SUPERIOR COURT WILEY W. MANUEL COURTHOUSE,C,OTHER MOTOR VEHICLE,,0,0,CLEAR,,NO UNUSUAL CONDITIONS,,C,DARK-STREET LIGHTS,37.493348,-122.1898,,,,,A,NO PEDESTRIANS INVOLVED,3/8/2022 6:30:00 PM,A,VC 22107,False,1,I-80 W/B,,,3/18/2022 12:00:00 AM,A,E,900.0,I-880 NORTHBOUND TO I-80 WESTBOUND,F,,D,3/18/2022 9:05:39 AM,3/18/2022 9:05:39 AM,False,True,4,,,,,,,
1726578,9370-2022-00630,1,False,9370,3/8/2022 4:50:00 PM,1650,023,14,109,Oakland,1,True,True,B,SIDE SWIPE,,Tuesday,NotApplicable,False,M,,False,True,False,ALAMEDA SUPERIOR COURT WILEY W. MANUEL COURTHOUSE,C,OTHER MOTOR VEHICLE,,0,0,CLEAR,,NO UNUSUAL CONDITIONS,,C,DARK-STREET LIGHTS,37.854846,-122.216391,,,,,A,NO PEDESTRIANS INVOLVED,3/8/2022 4:50:00 PM,A,VC 21658(A),False,1,SR-24 E/B,,,3/18/2022 12:00:00 AM,A,E,330.0,WEST ENTRANCE TO BORE #1,F,,D,3/18/2022 8:45:55 AM,3/18/2022 8:45:55 AM,False,True,4,,,,,,,
1726488,9370-2022-00622,1,False,9370,3/8/2022 7:50:00 AM,750,176,14,109,Oakland,1,True,True,B,SIDE SWIPE,,Tuesday,NotApplicable,False,M,,False,True,False,ALAMEDA SUPERIOR COURT WILEY W. MANUEL COURTHOUSE,C,OTHER MOTOR VEHICLE,,0,0,CLEAR,,NO UNUSUAL CONDITIONS,,A,DAYLIGHT,37.7447,-122.20032,,,,,A,NO PEDESTRIANS INVOLVED,3/8/2022 7:50:00 AM,A,VC 21658(A),False,1,I-880 N/B,,,3/18/2022 12:00:00 AM,A,S,1500.0,HEGENBERGER RD,F,,D,3/18/2022 7:31:30 AM,3/18/2022 7:31:30 AM,False,True,4,,,,,,,
1726445,9370-2022-00612,1,False,9370,3/7/2022 3:10:00 AM,310,176,14,109,Oakland,1,True,True,B,SIDE SWIPE,,Monday,NotApplicable,False,,,False,True,False,ALAMEDA SUPERIOR COURT WILEY W. MANUEL COURTHOUSE,C,OTHER MOTOR VEHICLE,,0,0,CLEAR,,NO UNUSUAL CONDITIONS,,C,DARK-STREET LIGHTS,37.75344,-122.207514,,,,,A,NO PEDESTRIANS INVOLVED,3/7/2022 3:10:00 AM,A,VC 21658(A),False,1,I-880 N/B,,,3/18/2022 12:00:00 AM,A,S,204.0,66TH AVE,F,,D,3/18/2022 6:04:29 AM,3/18/2022 6:04:29 AM,False,True,4,,,,,,,
1725497,9370-2022-00613,1,False,9370,3/7/2022 8:40:00 AM,840,052,14,109,Oakland,1,True,True,C,REAR END,,Monday,NotApplicable,False,,,False,True,True,ALAMEDA SUPERIOR COURT WILEY W. MANUEL COURTHOUSE,C,OTHER MOTOR VEHICLE,,0,0,CLEAR,,NO UNUSUAL CONDITIONS,,A,DAYLIGHT,37.784039,-122.181348,,,,,A,NO PEDESTRIANS INVOLVED,3/7/2022 8:40:00 AM,A,VC 22350,False,1,I-580 W/B,,,3/17/2022 12:00:00 AM,A,W,810.0,SR-13,F,,D,3/17/2022 12:10:47 PM,3/17/2022 12:10:47 PM,False,True,4,True,,,,,,
1725464,9370-2022-00595,1,False,9370,3/5/2022 11:25:00 AM,1125,053,14,109,Oakland,1,True,True,B,SIDE SWIPE,,Saturday,NotApplicable,False,,,False,True,False,ALAMEDA SUPERIOR COURT WILEY W. MANUEL COURTHOUSE,C,OTHER MOTOR VEHICLE,,0,0,CLEAR,,NO UNUSUAL CONDITIONS,,A,DAYLIGHT,37.798876,-122.217762,,,,,A,NO PEDESTRIANS INVOLVED,3/5/2022 11:25:00 AM,A,VC 21750,False,1,I-580 W/B FROM FRUITVALE AVENUE,,,3/17/2022 12:00:00 AM,A,W,230.0,FRUITVALE AVE,F,,D,3/17/2022 11:27:26 AM,3/17/2022 11:27:26 AM,False,True,4,,,,,,,
1725389,9370-2022-00600,1,False,9370,3/6/2022 12:45:00 AM,45,177,14,109,Oakland,1,True,True,E,HIT OBJECT,,Sunday,Yes,False,,,False,True,False,Alameda Superior Court Wiley W. Manuel Courthouse,I,FIXED OBJECT,CONCRETE  BARRIER WALL,2,0,CLEAR,,NO UNUSUAL CONDITIONS,,D,DARK-NO STREET LIGHTS,37.787475,-122.247634,,,,,A,NO PEDESTRIANS INVOLVED,3/6/2022 12:45:00 AM,A,VC 23152(A),True,1,I-880 N/B,,,3/17/2022 12:00:00 AM,A,S,3700.0,EMBARCADERO,F,,D,3/17/2022 10:38:32 AM,3/17/2022 10:38:32 AM,False,True,4,,,,,,,
1725343,9370-2022-00591,1,False,9370,3/4/2022 7:35:00 PM,1935,055,14,109,Oakland,1,True,True,E,HIT OBJECT,,Friday,NotApplicable,False,F,,False,True,True,ALAMEDA SUPERIOR COURT WILEY W. MANUEL COURTHOUSE,C,OTHER MOTOR VEHICLE,CENTER DIVIDE,1,0,CLEAR,,NO UNUSUAL CONDITIONS,,C,DARK-STREET LIGHTS,37.828597,-122.29291,,,,,A,NO PEDESTRIANS INVOLVED,3/4/2022 7:35:00 PM,A,VC 21658(A),False,1,I-580 W/B TO I-80 E/B,,,3/17/2022 12:00:00 AM,A,W,400.0,BEACH ST,F,,D,3/17/2022 10:09:19 AM,3/17/2022 10:09:19 AM,False,True,4,,,,,,,
1725335,9370-2022-00590,1,False,9370,3/4/2022 6:15:00 PM,1815,055,14,109,Oakland,1,True,True,C,REAR END,,Friday,NotApplicable,False,M,,False,True,False,ALAMEDA SUPERIOR COURT WILEY W. MANUEL COURTHOUSE,C,OTHER MOTOR VEHICLE,,0,0,CLEAR,,NO UNUSUAL CONDITIONS,,A,DAYLIGHT,37.809164,-122.244925,,,,,A,NO PEDESTRIANS INVOLVED,3/4/2022 6:15:00 PM,A,VC 22350,False,1,I-580 E/B,,,3/17/2022 12:00:00 AM,A,E,470.0,LAKESHORE AVE,F,,D,3/17/2022 10:04:18 AM,3/17/2022 10:04:18 AM,False,True,4,,,,,,,
1725328,9370-2022-00576,1,False,9370,3/4/2022 10:40:00 AM,1040,176,14,109,Oakland,1,True,True,B,SIDE SWIPE,,Friday,NotApplicable,False,,,False,True,False,ALAMEDA SUPERIOR COURT WILEY W. MANUEL COURTHOUSE,C,OTHER MOTOR VEHICLE,,0,0,CLEAR,,NO UNUSUAL CONDITIONS,,A,DAYLIGHT,37.762998,-122.215986,,,,,A,NO PEDESTRIANS INVOLVED,3/4/2022 10:40:00 AM,A,VC 21658(A),False,1,I-880 N/B,,,3/17/2022 12:00:00 AM,A,S,2265.0,HIGH ST,F,,D,3/17/2022 10:00:57 AM,3/17/2022 10:00:57 AM,False,True,4,,,,,,,
1725315,9370-2022-00562,1,False,9370,3/2/2022 3:26:00 AM,326,024,14,109,Oakland,1,True,True,F,OVERTURNED,,Wednesday,Yes,False,M,,False,True,True,ALAMEDA SUPERIOR COURT WILEY W. MANUEL COURTHOUSE,C,OTHER MOTOR VEHICLE,,1,0,CLEAR,,NO UNUSUAL CONDITIONS,,C,DARK-STREET LIGHTS,37.84892,-122.232815,,,,,A,NO PEDESTRIANS INVOLVED,3/2/2022 3:26:00 AM,A,VC 23152(a),True,1,SR-24 WB,,,3/17/2022 12:00:00 AM,A,W,2000.0,KAY STREET,F,,D,3/17/2022 9:52:16 AM,3/17/2022 9:52:16 AM,False,True,4,,,,,,,
1725286,9370-2022-00439,1,False,9370,2/20/2022 6:30:00 AM,630,008,14,109,Oakland,1,True,True,F,OVERTURNED,UNSAFE TURN,Sunday,Yes,False,,,False,True,False,ALAMEDA SUPERIOR COURT WILEY W. MANUEL COURTHOUSE,A,NON-COLLISION,DIRT/GRASS EMBANKMENT,1,0,CLOUDY,,NO UNUSUAL CONDITIONS,,A,DAYLIGHT,37.493776,-122.174709,,,,,A,NO PEDESTRIANS INVOLVED,2/20/2022 6:30:00 AM,A,VC 22107,False,1,I-80 E/B,,,3/17/2022 12:00:00 AM,A,E,2660.0,I-880 N/B,F,,D,3/17/2022 9:38:28 AM,3/17/2022 9:38:28 AM,False,True,4,False,,,,,,
1725248,9370-2022-00535,1,False,9370,2/20/2022 1:32:00 AM,132,176,14,109,Oakland,1,True,True,C,REAR END,,Sunday,Yes,False,,,False,True,True,ALAMEDA SUPERIOR COURT WILEY W. MANUEL COURTHOUSE,C,OTHER MOTOR VEHICLE,,1,0,CLEAR,,NO UNUSUAL CONDITIONS,,C,DARK-STREET LIGHTS,37.758655,-122.21209,,,,,A,NO PEDESTRIANS INVOLVED,2/20/2022 1:32:00 AM,C,,,,I-880 N/B,,,3/17/2022 12:00:00 AM,A,N,2360.0,66TH AVENUE,F,,D,3/17/2022 9:17:14 AM,3/17/2022 9:17:14 AM,False,True,4,,,,,,,
1725247,9370-2022-00534,1,False,9370,2/20/2022 1:31:00 AM,131,176,14,109,Oakland,1,True,True,C,REAR END,,Sunday,Yes,False,,,False,True,True,ALAMEDA SUPERIOR COURT WILEY W. MANUEL COURTHOUSE,C,OTHER MOTOR VEHICLE,,1,0,CLEAR,,NO UNUSUAL CONDITIONS,,C,DARK-STREET LIGHTS,37.758655,-122.21209,,,,,A,NO PEDESTRIANS INVOLVED,2/20/2022 1:31:00 AM,C,,,,I-880 N/B,,,3/17/2022 12:00:00 AM,A,N,2360.0,66TH STREET,F,,D,3/17/2022 9:16:01 AM,3/17/2022 9:16:01 AM,False,True,4,,,,,,,
1725244,9370-2022-00438,1,False,9370,2/20/2022 1:30:00 AM,130,176,14,109,Oakland,1,True,True,B,SIDE SWIPE,,Sunday,Yes,False,F,,False,True,True,ALAMEDA SUPERIOR COURT WILEY W. MANUEL COURTHOUSE,C,OTHER MOTOR VEHICLE,,1,0,CLEAR,,NO UNUSUAL CONDITIONS,,C,DARK-STREET LIGHTS,37.759095,-122.212482,,,,,A,NO PEDESTRIANS INVOLVED,2/20/2022 1:30:00 AM,A,VC 21658(A),False,1,I-880 N/B,,,3/17/2022 12:00:00 AM,A,N,2248.0,66TH AVE,F,,D,3/17/2022 9:14:51 AM,3/17/2022 9:14:51 AM,False,True,4,,,,,,,
1725239,9370-2022-00537,1,False,9370,2/20/2022 1:35:00 AM,135,176,14,109,Oakland,1,True,True,C,REAR END,,Sunday,Yes,False,,,False,True,True,ALAMEDA SUPERIOR COURT WILEY W. MANUEL COURTHOUSE,C,OTHER MOTOR VEHICLE,,2,0,CLEAR,,NO UNUSUAL CONDITIONS,,C,DARK-STREET LIGHTS,37.758655,-122.21209,,,,,A,NO PEDESTRIANS INVOLVED,2/20/2022 1:35:00 AM,A,VC 22350,False,1,I-880 N/B,,,3/17/2022 12:00:00 AM,A,N,2348.0,66TH AVENUE,F,,D,3/17/2022 9:12:08 AM,3/17/2022 9:12:08 AM,False,True,4,,,,,,,
1725103,9370-2022-00504,1,False,9370,2/25/2022 11:30:00 PM,2330,176,14,109,Oakland,1,True,True,G,VEHICLE/PEDESTRAIN,,Friday,Yes,False,F,,False,True,False,ALAMEDA SUPERIOR COURT WILEY W. MANUEL COURTHOUSE,B,PEDESTRIAN,,1,0,CLEAR,,NO UNUSUAL CONDITIONS,,D,DARK-NO STREET LIGHTS,37.745236,-122.200667,,,,,E,IN ROAD - INCLUDES SHOULDER,2/25/2022 11:30:00 PM,A,VC 21954(a),False,1,I-880 S/B,,,3/17/2022 12:00:00 AM,A,N,2004.0,HEGENBERGER RD,F,,D,3/17/2022 7:26:27 AM,3/17/2022 7:26:27 AM,False,True,4,,,,,,,
1723108,9370-2022-00608,1,False,9370,3/6/2022 7:22:00 PM,1922,053,14,109,Oakland,1,True,True,E,HIT OBJECT,,Sunday,Yes,False,,,False,True,True,ALAMEDA SUPERIOR COURT WILEY W. MANUEL COURTHOUSE,I,FIXED OBJECT,CONCRETE MEDIAN WALL,1,0,CLEAR,,NO UNUSUAL CONDITIONS,,D,DARK-NO STREET LIGHTS,37.79961,-122.22252,,,,,A,NO PEDESTRIANS INVOLVED,3/6/2022 7:22:00 PM,A,VC 23152(a),True,1,I-580 WB,,,3/15/2022 12:00:00 AM,A,W,1635.0,FRUITVALE AVE,F,,D,3/15/2022 10:26:52 AM,3/15/2022 10:26:52 AM,False,True,4,,,,,,,
1723084,9370-2022-00229,1,False,9370,1/29/2022 6:00:00 PM,1800,055,14,109,Oakland,1,True,True,B,SIDE SWIPE,,Saturday,NotApplicable,False,M,,False,True,False,ALAMEDA SUPERIOR COURT WILEY W. MANUEL COURTHOUSE,C,OTHER MOTOR VEHICLE,,0,0,CLEAR,,NO UNUSUAL CONDITIONS,,D,DARK-NO STREET LIGHTS,37.82694,-122.286333,,,,,A,NO PEDESTRIANS INVOLVED,1/29/2022 6:00:00 PM,A,VC 21658(A),False,1,I-580 W/B,,,3/15/2022 12:00:00 AM,A,W,100.0,HOLLIS ST,F,,D,3/15/2022 10:08:12 AM,3/15/2022 10:08:12 AM,False,True,4,,,,,,,
1722964,9370-2022-00680,1,False,9370,3/12/2022 8:00:00 PM,2000,055,14,109,Oakland,1,True,True,C,REAR END,,Saturday,NotApplicable,False,M,,False,True,False,ALAMEDA SUPERIOR COURT WILEY W. MANUEL COURTHOUSE,C,OTHER MOTOR VEHICLE,,0,0,CLEAR,,NO UNUSUAL CONDITIONS,,D,DARK-NO STREET LIGHTS,37.827314,-122.284686,,,,,A,NO PEDESTRIANS INVOLVED,3/12/2022 8:00:00 PM,A,VC 22350,False,1,I-580 W/B,,,3/15/2022 12:00:00 AM,A,W,85.0,HOLLIS STREET,F,,D,3/15/2022 8:53:49 AM,3/15/2022 8:53:49 AM,False,True,4,,,,,,,
1722919,9370-2022-00618,1,False,9370,3/7/2022 5:30:00 PM,1730,055,14,109,Oakland,1,True,True,E,HIT OBJECT,,Monday,NotApplicable,False,,,False,True,True,ALAMEDA SUPERIOR COURT WILEY W. MANUEL COURTHOUSE,I,FIXED OBJECT,CONCRETE WALL,0,0,CLEAR,,NO UNUSUAL CONDITIONS,,A,DAYLIGHT,37.824228,-122.266542,,,,,A,NO PEDESTRIANS INVOLVED,3/7/2022 5:30:00 PM,A,VC 22107,False,1,I-580 W/B,,,3/15/2022 12:00:00 AM,A,W,160.0,TELEGRAPH AVENUE,F,,D,3/15/2022 8:29:12 AM,3/15/2022 8:29:12 AM,False,True,4,,,,,,,
1722906,9370-2022-00621,1,False,9370,3/7/2022 3:25:00 PM,1525,055,14,109,Oakland,1,True,True,C,REAR END,,Monday,NotApplicable,False,,,False,True,False,ALAMEDA SUPERIOR COURT WILEY W. MANUEL COURTHOUSE,C,OTHER MOTOR VEHICLE,,0,0,CLEAR,,NO UNUSUAL CONDITIONS,,A,DAYLIGHT,37.818538,-122.253641,,,,,A,NO PEDESTRIANS INVOLVED,3/7/2022 3:25:00 PM,A,VC 22350,False,1,I-580 E/B FROM OAKLAND AVENUE,,,3/15/2022 12:00:00 AM,A,E,100.0,OAKLAND AVE,F,,D,3/15/2022 8:22:48 AM,3/15/2022 8:22:48 AM,False,True,4,,,,,,,
1722882,9370-2022-00601,1,False,9370,3/6/2022 4:55:00 AM,455,177,14,109,Oakland,1,True,True,E,HIT OBJECT,,Sunday,Yes,False,F,,False,True,False,Alameda Superior Court Wiley W. Manuel Courthouse,I,FIXED OBJECT,CONCRETE WALL,2,0,CLEAR,,NO UNUSUAL CONDITIONS,,C,DARK-STREET LIGHTS,37.78749,-122.24849,,,,,A,NO PEDESTRIANS INVOLVED,3/6/2022 4:55:00 AM,A,VC 22107,False,1,I-880 N/B,,,3/15/2022 12:00:00 AM,A,N,1660.0,16TH AVE,F,,D,3/15/2022 8:06:13 AM,3/15/2022 8:06:13 AM,False,True,4,,,,,,,
1722850,9370-2022-00605,1,False,9370,3/6/2022 1:50:00 PM,1350,008,14,109,Oakland,1,True,True,B,SIDE SWIPE,,Sunday,NotApplicable,False,M,,False,True,False,ALAMEDA SUPERIOR COURT WILEY W. MANUEL COURTHOUSE,C,OTHER MOTOR VEHICLE,,0,0,CLEAR,,NO UNUSUAL CONDITIONS,,A,DAYLIGHT,37.825117,-122.301153,,,,,A,NO PEDESTRIANS INVOLVED,3/6/2022 1:50:00 PM,A,VC 21658(a),False,1,I-80 E/B TO I-580 E/B,,,3/15/2022 12:00:00 AM,A,E,1200.0,I-880 N/B,F,,D,3/15/2022 7:46:20 AM,3/15/2022 7:46:20 AM,False,True,4,,,,,,,
1722838,9370-2022-00604,1,False,9370,3/6/2022 12:45:00 PM,1245,098,14,109,Oakland,1,True,True,C,REAR END,,Sunday,NotApplicable,False,,,False,True,True,Alameda Superior Court Wiley W. Manuel Courthouse,C,OTHER MOTOR VEHICLE,CONCRETE WALL,0,0,CLEAR,,NO UNUSUAL CONDITIONS,,A,DAYLIGHT,37.79886,-122.27594,,,,,A,NO PEDESTRIANS INVOLVED,3/6/2022 12:45:00 PM,A,VC 22350,False,3,I-980 W/B TO I-880 S/B,,,3/15/2022 12:00:00 AM,A,S,40.0,WASHINGTON ST,F,,D,3/15/2022 7:31:23 AM,3/15/2022 7:31:23 AM,False,True,4,True,,,,,,
1722816,9370-2022-00567,1,False,9370,3/3/2022 12:30:00 PM,1230,176,14,109,Oakland,1,True,True,B,SIDE SWIPE,,Thursday,NotApplicable,False,,,False,True,False,ALAMEDA SUPERIOR COURT WILEY W. MANUEL COURTHOUSE,C,OTHER MOTOR VEHICLE,,1,0,CLOUDY,,NO UNUSUAL CONDITIONS,,A,DAYLIGHT,37.785942,-122.244486,,,,,A,NO PEDESTRIANS INVOLVED,3/3/2022 12:30:00 PM,A,VC 22107,False,1,I-880 N/B,,,3/15/2022 12:00:00 AM,B,S,60.0,16TH AVE,F,,D,3/15/2022 6:49:22 AM,3/15/2022 6:49:22 AM,False,True,4,True,,,,,,
1722791,9370-2022-00583,1,False,9370,3/4/2022 5:38:00 PM,1738,052,14,109,Oakland,1,True,True,C,REAR END,,Friday,Yes,False,,,False,True,True,ALAMEDA SUPERIOR COURT WILEY W. MANUEL COURTHOUSE,C,OTHER MOTOR VEHICLE,,1,0,WIND,,NO UNUSUAL CONDITIONS,,D,DARK-NO STREET LIGHTS,37.371167,-122.114407,,,,,A,NO PEDESTRIANS INVOLVED,3/4/2022 5:38:00 PM,A,VC 22350,False,1,I-580 E/B,,,3/15/2022 12:00:00 AM,A,E,105.0,HIGH ST,F,,D,3/15/2022 6:12:33 AM,3/15/2022 6:12:33 AM,False,True,4,,,,,,,
1722774,9370-2022-00582,1,False,9370,3/4/2022 8:05:00 PM,2005,178,14,109,Oakland,1,True,True,A,HEAD-ON,,Friday,Yes,False,,,False,True,True,ALAMEDA SUPERIOR COURT WILEY W. MANUEL COURTHOUSE,C,OTHER MOTOR VEHICLE,,2,0,CLEAR,WIND,NO UNUSUAL CONDITIONS,,C,DARK-STREET LIGHTS,37.482285,-122.181385,,,,,A,NO PEDESTRIANS INVOLVED,3/4/2022 8:05:00 PM,A,VC 23153(A),True,1,I-880 N/B,,,3/15/2022 12:00:00 AM,A,S,425.0,7TH STREET,F,,D,3/15/2022 5:31:37 AM,3/15/2022 5:31:37 AM,False,True,4,,,,,,,
1722770,9370-2022-00570,1,False,9370,3/3/2022 8:15:00 PM,2015,053,14,109,Oakland,1,True,True,E,HIT OBJECT,,Thursday,NotApplicable,False,,,False,True,False,ALAMEDA SUPERIOR COURT WILEY W. MANUEL COURTHOUSE,I,FIXED OBJECT,CONCRETE BARRIER,0,0,CLOUDY,RAINING,NO UNUSUAL CONDITIONS,,C,DARK-STREET LIGHTS,37.825061,-122.265817,,,,,A,NO PEDESTRIANS INVOLVED,3/3/2022 8:15:00 PM,A,VC 22107,False,1,I-580 W/B TO I-80 W/B,,,3/15/2022 12:00:00 AM,B,E,560.0,MANDELA PKY,F,,D,3/15/2022 5:17:56 AM,3/15/2022 5:17:56 AM,False,True,4,,,,,,,
1722769,9370-2022-00565,1,False,9370,3/3/2022 2:00:00 AM,200,176,14,109,Oakland,1,True,True,C,REAR END,,Thursday,Yes,False,,,False,True,False,ALAMEDA SUPERIOR COURT WILEY W. MANUEL COURTHOUSE,C,OTHER MOTOR VEHICLE,,0,0,CLEAR,,NO UNUSUAL CONDITIONS,,C,DARK-STREET LIGHTS,37.743661,-122.198882,,,,,A,NO PEDESTRIANS INVOLVED,3/3/2022 2:00:00 AM,A,VC 22350,False,1,I-880 N/B,,,3/15/2022 12:00:00 AM,A,N,1145.0,HEGENBERGER RD,F,,D,3/15/2022 5:16:02 AM,3/15/2022 5:16:02 AM,False,True,4,,,,,,,
1745499,9335-2022-00592,1,False,9335,3/28/2022 1:55:00 AM,155,084,14,109,Oakland,1,True,True,D,BROADSIDE,,Monday,Yes,False,,,False,True,True,ALAMEDA SUPERIOR COURT WILEY W. MANUEL COURTHOUSE,C,OTHER MOTOR VEHICLE,,0,0,RAINING,,NO UNUSUAL CONDITIONS,,C,DARK-STREET LIGHTS,37.821702,-122.329898,,,,,A,NO PEDESTRIANS INVOLVED,3/28/2022 1:55:00 AM,A,VC 23152(a),False,1,I-80 E/B,,,4/11/2022 12:00:00 AM,B,W,4750.0,SAN FRANCISCO BAY BRIDGE TOLL PLAZA,F,,D,4/11/2022 2:05:34 PM,4/11/2022 2:05:34 PM,False,True,4,,,,,,,
1745408,9335-2022-00647,1,False,9335,4/7/2022 9:55:00 AM,955,082,14,109,Oakland,1,True,True,C,REAR END,,Thursday,NotApplicable,False,,,False,True,True,ALAMEDA SUPERIOR COURT ALAMEDA,C,OTHER MOTOR VEHICLE,,2,0,CLEAR,,NO UNUSUAL CONDITIONS,,A,DAYLIGHT,37.81982,-122.345259,,,,,A,NO PEDESTRIANS INVOLVED,4/7/2022 9:55:00 AM,A,VC 22350,False,2,I-80 W/B,,,4/11/2022 12:00:00 AM,A,E,4160.0,THE S.F.O.B.B. S.A.S TOWER,F,,D,4/11/2022 1:02:27 PM,4/11/2022 1:02:27 PM,False,True,4,,,,,,,
1745296,9370-2022-00944,1,False,9370,4/5/2022 7:50:00 AM,750,008,14,109,Oakland,1,True,True,C,REAR END,,Tuesday,NotApplicable,False,,,False,True,False,ALAMEDA SUPERIOR COURT WILEY W. MANUEL COURTHOUSE,C,OTHER MOTOR VEHICLE,,0,0,CLEAR,,NO UNUSUAL CONDITIONS,,A,DAYLIGHT,37.82673,-122.29959,,,,,A,NO PEDESTRIANS INVOLVED,4/5/2022 7:50:00 AM,A,VC 22350,False,2,I-80 W/B,,,4/11/2022 12:00:00 AM,A,E,2886.0,I-80 WESTBOUND TO THE W. GRAND OC,F,,D,4/11/2022 11:28:30 AM,4/11/2022 11:28:30 AM,False,True,4,,,,,,,