collision-id,report-number,report-version,is-preliminary,ncic-code,crash-date-time,crash-time-description,beat,city-id,city-code,city-name,county-code,city-is-active,city-is-incorporated,collision-type-code,collision-type-description,collision-type-other-desc,day-of-week,dispatch-notified,has-photographs,hit-run,is-attachments-mailed,is-deleted,is-highway-related,is-tow-away,judicial-district,motor-vehicle-involved-with-code,motor-vehicle-involved-with-desc,motor-vehicle-involved-with-other-desc,number-injured,number-killed,weather-1,weather-2,road-condition-1,road-condition-2,special-condition-lighting-code,lighting-description,latitude,longitude,milepost-direction,milepost-distance,milepost-marker,milepost-unit-of-measure,pedestrian-action-code,pedestrian-action-desc,prepared-date,primary-collision-factor-code,primary-collision-factor-violation,primary-collision-factor-is-cited,primary-collision-party-number,primary-road,reporting-district,reporting-district-code,reviewed-date,roadway-surface-code,secondary-direction,secondary-distance,secondary-road,secondary-unit-of-measure,sketch-desc,traffic-control-device-code,created-date,modified-date,is-county-road,is-freeway,chp-555-version,is-additonal-object-struck,notification-date,notification-time-description,has-digital-media-files,evidence-number,is-location-refer-to-narrative,is-aoi-one-same-as-location
1741045,9370-2022-00891,1,False,9370,3/31/2022 9:40:00 AM,940,053,14,109,Oakland,1,True,True,C,REAR END,,Thursday,NotApplicable,False,,,False,True,False,ALAMEDA SUPERIOR COURT WILEY W. MANUEL COURTHOUSE,C,OTHER MOTOR VEHICLE,,0,0,CLEAR,,NO UNUSUAL CONDITIONS,,A,DAYLIGHT,37.80223,-122.23062,,,,,A,NO PEDESTRIANS INVOLVED,3/31/2022 9:40:00 AM,A,VC 22350,False,1,I-580 W/B,,,4/5/2022 12:00:00 AM,A,E,120.0,13TH AVE,F,,D,4/5/2022 8:23:08 AM,4/5/2022 8:23:08 AM,False,True,4,,,,,,,
1741004,9370-2022-00886,1,False,9370,3/30/2022 4:53:00 PM,1653,053,14,109,Oakland,1,True,True,E,HIT OBJECT,,Wednesday,NotApplicable,False,,,False,True,False,ALAMEDA SUPERIOR COURT WILEY W. MANUEL COURTHOUSE,J,OTHER OBJECT,DEBRIS,0,0,CLEAR,,NO UNUSUAL CONDITIONS,,A,DAYLIGHT,37.788892,-122.199663,,,,,A,NO PEDESTRIANS INVOLVED,3/30/2022 4:53:00 PM,C,,,,I-580 W/B,,,4/5/2022 12:00:00 AM,A,E,255.0,38TH AVE,F,,D,4/5/2022 7:58:20 AM,4/5/2022 7:58:20 AM,False,True,4,,,,,,,
1740994,9370-2022-00884,1,False,9370,3/30/2022 3:58:00 PM,1558,053,14,109,Oakland,1,True,True,E,HIT OBJECT,,Wednesday,Yes,False,,,False,True,False,ALAMEDA SUPERIOR COURT WILEY W. MANUEL COURTHOUSE,I,FIXED OBJECT,CONCRETE MEDIAN WALL,2,0,CLEAR,,NO UNUSUAL CONDITIONS,,A,DAYLIGHT,37.800736,-122.227905,,,,,A,NO PEDESTRIANS INVOLVED,3/30/2022 3:58:00 PM,A,VC 22107,True,1,I-580 W/B,,,4/5/2022 12:00:00 AM,A,E,230.0,BEAUMONT AVE,F,,D,4/5/2022 7:50:15 AM,4/5/2022 7:50:15 AM,False,True,4,,,,,,,
1740981,9370-2022-00881,1,False,9370,3/30/2022 7:30:00 AM,730,024,14,109,Oakland,1,True,True,B,SIDE SWIPE,,Wednesday,NotApplicable,False,,,False,True,False,Alameda Superior Court Wiley W. Manuel Courthouse,C,OTHER MOTOR VEHICLE,,0,0,CLEAR,,NO UNUSUAL CONDITIONS,,C,DARK-STREET LIGHTS,37.857181,-122.214623,,,,,A,NO PEDESTRIANS INVOLVED,3/30/2022 7:30:00 AM,A,VC 21658(A),False,1,SR-24 W/B,,,4/5/2022 12:00:00 AM,A,E,1300.0,CALDECOTT TUNNEL BORE #3 WEST EDGE,F,,D,4/5/2022 7:36:03 AM,4/5/2022 7:36:03 AM,False,True,4,,,,,,,
1740973,9370-2022-00876,1,False,9370,3/29/2022 4:45:00 PM,1645,179,14,109,Oakland,1,True,True,C,REAR END,,Tuesday,NotApplicable,False,,,False,True,False,ALAMEDA SUPERIOR COURT WILEY W. MANUEL COURTHOUSE,C,OTHER MOTOR VEHICLE,,1,0,CLEAR,,NO UNUSUAL CONDITIONS,,A,DAYLIGHT,37.834313,-122.294751,,,,,A,NO PEDESTRIANS INVOLVED,3/29/2022 4:45:00 PM,A,VC 22350,False,1,I-880 N/B TO I-80 E/B,,,4/5/2022 12:00:00 AM,A,W,1435.0,POWELL ST,F,,D,4/5/2022 7:27:42 AM,4/5/2022 7:27:42 AM,False,True,4,,,,,,,
1740966,9370-2022-00851,1,False,9370,3/27/2022 7:33:00 PM,1933,176,14,109,Oakland,1,True,True,B,SIDE SWIPE,,Sunday,NotApplicable,False,M,,False,True,True,ALAMEDA SUPERIOR COURT WILEY W. MANUEL COURTHOUSE,C,OTHER MOTOR VEHICLE,,0,0,RAINING,,NO UNUSUAL CONDITIONS,,D,DARK-NO STREET LIGHTS,37.753139,-122.207546,,,,,A,NO PEDESTRIANS INVOLVED,3/27/2022 7:33:00 PM,A,VC 22350,False,1,I-880 S/B,,,4/5/2022 12:00:00 AM,B,N,300.0,66TH AVENUE,F,,D,4/5/2022 7:20:33 AM,4/5/2022 7:20:33 AM,False,True,4,,,,,,,
1740930,9370-2022-00862,1,False,9370,3/28/2022 9:10:00 AM,910,080,14,109,Oakland,1,True,True,B,SIDE SWIPE,,Monday,NotApplicable,False,,,False,True,True,ALAMEDA SUPERIOR COURT WILEY W. MANUEL COURTHOUSE,C,OTHER MOTOR VEHICLE,,0,0,CLOUDY,,NO UNUSUAL CONDITIONS,,A,DAYLIGHT,37.83318,-122.293808,,,,,A,NO PEDESTRIANS INVOLVED,3/28/2022 9:10:00 AM,A,VC 22350,False,1,I-80 E/B,,,4/5/2022 12:00:00 AM,B,E,1950.0,POWELL STREET,F,,D,4/5/2022 6:33:19 AM,4/5/2022 6:33:19 AM,False,True,4,,,,,,,
1740902,9370-2022-00852,1,False,9370,3/27/2022 8:45:00 PM,2045,054,14,109,Oakland,1,True,True,E,HIT OBJECT,,Sunday,Yes,False,,,False,True,True,ALAMEDA SUPERIOR COURT WILEY W. MANUEL COURTHOUSE,I,FIXED OBJECT,CONCRETE WALL,1,0,RAINING,,NO UNUSUAL CONDITIONS,,C,DARK-STREET LIGHTS,37.80747,-122.23941,,,,,A,NO PEDESTRIANS INVOLVED,3/27/2022 8:45:00 PM,A,VC 22350,False,1,I-580 W/B,,,4/5/2022 12:00:00 AM,B,E,780.0,LAKE PARK AVE,F,,D,4/5/2022 5:37:37 AM,4/5/2022 5:37:37 AM,False,True,4,,,,,,,
1740900,9370-2022-00838,1,False,9370,3/26/2022 3:05:00 PM,1505,052,14,109,Oakland,1,True,True,B,SIDE SWIPE,,Saturday,Yes,False,,,False,True,True,ALAMEDA SUPERIOR COURT WILEY W. MANUEL COURTHOUSE,C,OTHER MOTOR VEHICLE,,1,0,CLEAR,,NO UNUSUAL CONDITIONS,,A,DAYLIGHT,37.75538,-122.149775,,,,,A,NO PEDESTRIANS INVOLVED,3/26/2022 3:05:00 PM,A,VC 21658(A),False,1,I-580 E/B,,,4/5/2022 12:00:00 AM,A,W,620.0,GOLF LINKS RD,F,,D,4/5/2022 5:26:28 AM,4/5/2022 5:26:28 AM,False,True,4,,,,,,,
1740896,9370-2022-00768,1,False,9370,3/20/2022 4:38:00 AM,438,178,14,109,Oakland,1,True,True,E,HIT OBJECT,,Sunday,NotApplicable,False,,,False,True,True,ALAMEDA SUPERIOR COURT WILEY W. MANUEL COURTHOUSE,I,FIXED OBJECT,GUARD RAIL/ WOOD POST,0,0,CLEAR,,NO UNUSUAL CONDITIONS,,D,DARK-NO STREET LIGHTS,37.811277,-122.303995,,,,,A,NO PEDESTRIANS INVOLVED,3/20/2022 4:38:00 AM,A,VC 22107,False,1,I-880 N/B,,,4/5/2022 12:00:00 AM,A,N,1195.0,7TH ST,F,,D,4/5/2022 5:10:54 AM,4/5/2022 5:10:54 AM,False,True,4,,,,,,,
1740891,9370-2022-00657,1,False,9370,3/10/2022 5:55:00 PM,1755,901,14,109,Oakland,1,True,True,C,REAR END,,Thursday,NotApplicable,False,M,,False,False,False,Alameda Superior Court Wiley W. Manuel Courthouse,C,OTHER MOTOR VEHICLE,,0,0,CLEAR,,NO UNUSUAL CONDITIONS,,C,DARK-STREET LIGHTS,37.827058,-122.269098,,,,,A,NO PEDESTRIANS INVOLVED,3/10/2022 5:55:00 PM,A,VC 22350,False,1,MARTIN LUTHER KING JR WAY,,,4/5/2022 12:00:00 AM,A,S,35.0,MACARTHUR BLVD,F,,D,4/5/2022 4:40:12 AM,4/5/2022 4:40:12 AM,True,False,4,,,,,,,
1740647,9335-2022-00613,1,False,9335,4/1/2022 7:25:00 AM,725,082,14,109,Oakland,1,True,True,C,REAR END,,Friday,NotApplicable,False,,,False,True,False,ALAMEDA SUPERIOR COURT ALAMEDA,C,OTHER MOTOR VEHICLE,,1,0,CLEAR,,NO UNUSUAL CONDITIONS,,A,DAYLIGHT,37.819587,-122.346573,,,,,A,NO PEDESTRIANS INVOLVED,4/1/2022 7:25:00 AM,A,VC 22350,False,1,I-80 W/B,,,4/4/2022 12:00:00 AM,A,E,0.5,SAN FRANCISCO COUNTY LINE,M,,D,4/4/2022 5:16:32 PM,4/4/2022 5:16:32 PM,False,True,4,,,,,,,
1740410,9370-2022-00807,1,False,9370,3/23/2022 6:50:00 AM,650,008,14,109,Oakland,1,True,True,D,BROADSIDE,,Wednesday,Yes,False,,,False,True,False,ALAMEDA SUPERIOR COURT WILEY W. MANUEL COURTHOUSE,C,OTHER MOTOR VEHICLE,,1,0,CLEAR,,NO UNUSUAL CONDITIONS,,A,DAYLIGHT,37.825275,-122.312092,,,,,A,NO PEDESTRIANS INVOLVED,3/23/2022 6:50:00 AM,A,VC 21651(a),False,1,I-80 W/B,,,4/4/2022 12:00:00 AM,A,E,375.0,S.F./OAKLAND BAY BRIDGE TOLL PLAZA,F,,D,4/4/2022 1:05:51 PM,4/4/2022 1:05:51 PM,False,True,4,,,,,,,
1740404,9370-2022-00839,1,False,9370,3/26/2022 5:40:00 PM,1740,055,14,109,Oakland,1,True,True,C,REAR END,,Saturday,NotApplicable,False,,,False,True,True,ALAMEDA SUPERIOR COURT WILEY W. MANUEL COURTHOUSE,C,OTHER MOTOR VEHICLE,,0,0,CLEAR,,NO UNUSUAL CONDITIONS,,A,DAYLIGHT,37.827335,-122.284668,,,,,A,NO PEDESTRIANS INVOLVED,3/26/2022 5:40:00 PM,A,VC 22350,False,1,I-580 W/B,,,4/4/2022 12:00:00 AM,A,W,135.0,HOLLIS STREET,F,,D,4/4/2022 1:01:40 PM,4/4/2022 1:01:40 PM,False,True,4,,,,,,,
1740259,9370-2022-00819,1,False,9370,3/24/2022 8:40:00 AM,840,024,14,109,Oakland,1,True,True,C,REAR END,,Thursday,Yes,False,,,False,True,True,ALAMEDA SUPERIOR COURT WILEY W. MANUEL COURTHOUSE,C,OTHER MOTOR VEHICLE,,2,0,CLEAR,,NO UNUSUAL CONDITIONS,,A,DAYLIGHT,37.85518,-122.21629,,,,,A,NO PEDESTRIANS INVOLVED,3/24/2022 8:40:00 AM,A,VC 22350,False,1,SR-24 W/B,,,4/4/2022 12:00:00 AM,A,E,1100.0,WEST PORTAL EDGE CALDECOTT TUNNEL #3 BORE,F,,D,4/4/2022 11:22:14 AM,4/4/2022 11:22:14 AM,False,True,4,,,,,,,
1740159,9370-2022-00874,1,False,9370,3/29/2022 5:58:00 PM,1758,176,14,109,Oakland,1,True,True,C,REAR END,,Tuesday,NotApplicable,False,,,False,True,False,ALAMEDA SUPERIOR COURT WILEY W. MANUEL COURTHOUSE,C,OTHER MOTOR VEHICLE,,0,0,CLEAR,,NO UNUSUAL CONDITIONS,,A,DAYLIGHT,37.824835,-122.265865,,,,,A,NO PEDESTRIANS INVOLVED,3/29/2022 5:58:00 PM,A,VC 22350,False,3,I-880 N/B,,,4/4/2022 12:00:00 AM,A,N,433.0,FRUITVALE AVE,F,,D,4/4/2022 10:18:35 AM,4/4/2022 10:18:35 AM,False,True,4,,,,,,,
1740126,9370-2022-00865,1,False,9370,3/28/2022 10:30:00 AM,1030,008,14,109,Oakland,1,True,True,D,BROADSIDE,,Monday,NotApplicable,False,,,False,True,False,ALAMEDA SUPERIOR COURT WILEY W. MANUEL COURTHOUSE,C,OTHER MOTOR VEHICLE,,1,0,CLOUDY,,NO UNUSUAL CONDITIONS,,A,DAYLIGHT,37.828722,-122.293874,,,,,A,NO PEDESTRIANS INVOLVED,3/28/2022 10:30:00 AM,A,VC 22350,False,1,I-80 E/B,,,4/4/2022 12:00:00 AM,B,E,255.0,I-580 W/B TO I-80 W/B,F,,D,4/4/2022 10:01:01 AM,4/4/2022 10:01:01 AM,False,True,4,,,,,,,
1740048,9370-2022-00863,1,False,9370,3/28/2022 10:05:00 AM,1005,008,14,109,Oakland,1,True,True,E,HIT OBJECT,,Monday,NotApplicable,False,,,False,True,False,ALAMEDA SUPERIOR COURT WILEY W. MANUEL COURTHOUSE,I,FIXED OBJECT,GUARDRAIL,0,0,CLOUDY,,NO UNUSUAL CONDITIONS,,A,DAYLIGHT,37.827605,-122.295124,,,,,A,NO PEDESTRIANS INVOLVED,3/28/2022 10:05:00 AM,A,VC 22350,False,1,I-80 E/B,,,4/4/2022 12:00:00 AM,B,W,175.0,I-580 W/B TO I-80 W/B,F,,D,4/4/2022 9:14:32 AM,4/4/2022 9:14:32 AM,False,True,4,False,,,,,,
1740035,9370-2022-00861,1,False,9370,3/27/2022 11:30:00 PM,2330,008,14,109,Oakland,1,True,True,B,SIDE SWIPE,,Sunday,NotApplicable,False,M,,False,True,False,ALAMEDA SUPERIOR COURT WILEY W. MANUEL COURTHOUSE,C,OTHER MOTOR VEHICLE,,0,0,CLEAR,,NO UNUSUAL CONDITIONS,,C,DARK-STREET LIGHTS,37.833006,-122.293284,,,,,A,NO PEDESTRIANS INVOLVED,3/27/2022 11:30:00 PM,A,VC 21658(A),False,1,I-80 E/B,,,4/4/2022 12:00:00 AM,A,W,1200.0,POWELL STREET,F,,D,4/4/2022 9:06:12 AM,4/4/2022 9:06:12 AM,False,True,4,,,,,,,
1740006,9370-2022-00822,1,False,9370,3/24/2022 7:57:00 AM,757,024,14,109,Oakland,1,True,True,B,SIDE SWIPE,,Thursday,NotApplicable,False,M,,False,True,True,ALAMEDA SUPERIOR COURT WILEY W. MANUEL COURTHOUSE,C,OTHER MOTOR VEHICLE,,0,0,CLEAR,,NO UNUSUAL CONDITIONS,,A,DAYLIGHT,37.849,-122.23222,,,,,A,NO PEDESTRIANS INVOLVED,3/24/2022 7:57:00 AM,A,VC 21658(A),False,1,SR-24 W/B,,,4/4/2022 12:00:00 AM,A,W,830.0,SR-13,F,,D,4/4/2022 8:50:04 AM,4/4/2022 8:50:04 AM,False,True,4,,,,,,,
1739927,9370-2022-00843,1,False,9370,3/26/2022 3:30:00 AM,330,176,14,109,Oakland,1,True,True,C,REAR END,,Saturday,NotApplicable,False,,,False,True,False,ALAMEDA SUPERIOR COURT WILEY W. MANUEL COURTHOUSE,C,OTHER MOTOR VEHICLE,,0,0,CLEAR,,NO UNUSUAL CONDITIONS,,C,DARK-STREET LIGHTS,37.73915,-122.19508,,,,,A,NO PEDESTRIANS INVOLVED,3/26/2022 3:30:00 AM,A,VC 22350,False,1,INTERSTATE 880 NORTHBOUND,,,4/4/2022 12:00:00 AM,A,S,560.0,HEGENBERGER ROAD,F,,A,4/4/2022 8:10:45 AM,4/4/2022 8:10:45 AM,False,True,4,,,,,,,
1739921,9370-2022-00801,1,False,9370,3/23/2022 1:30:00 AM,130,177,14,109,Oakland,1,True,True,E,HIT OBJECT,,Wednesday,NotApplicable,False,,,False,True,False,ALAMEDA SUPERIOR COURT WILEY W. MANUEL COURTHOUSE,J,OTHER OBJECT,CAL-TRANS SIGN,0,0,CLEAR,,NO UNUSUAL CONDITIONS,,D,DARK-NO STREET LIGHTS,37.786237,-122.245817,,,,,A,NO PEDESTRIANS INVOLVED,3/23/2022 1:30:00 AM,A,VC 22350,False,1,I-880 SOUTHBOUND TO 16TH AVENUE,,,4/4/2022 12:00:00 AM,A,N,510.0,16TH AVENUE OVERCROSSING,F,,D,4/4/2022 8:07:03 AM,4/4/2022 8:07:03 AM,False,True,4,,,,,,,
1739906,9370-2022-00853,1,False,9370,3/27/2022 7:34:00 PM,1934,176,14,109,Oakland,1,True,True,C,REAR END,,Sunday,NotApplicable,False,,,False,True,True,ALAMEDA SUPERIOR COURT WILEY W. MANUEL COURTHOUSE,C,OTHER MOTOR VEHICLE,,0,0,RAINING,,NO UNUSUAL CONDITIONS,,D,DARK-NO STREET LIGHTS,37.753044,-122.207416,,,,,A,NO PEDESTRIANS INVOLVED,3/27/2022 7:34:00 PM,A,VC 22350,False,1,I-880 S/B,,,4/4/2022 12:00:00 AM,B,N,365.0,66TH AVENUE,F,,D,4/4/2022 7:55:32 AM,4/4/2022 7:55:32 AM,False,True,4,,,,,,,
1739767,9370-2022-00827,1,False,9370,3/25/2022 5:10:00 PM,1710,024,14,109,Oakland,1,True,True,C,REAR END,,Friday,NotApplicable,False,,,False,True,True,ALAMEDA SUPERIOR COURT WILEY W. MANUEL COURTHOUSE,C,OTHER MOTOR VEHICLE,,0,0,CLEAR,,NO UNUSUAL CONDITIONS,,A,DAYLIGHT,35.851377,-122.223044,,,,,A,NO PEDESTRIANS INVOLVED,3/25/2022 5:10:00 PM,A,VC 22350,False,1,SR-24 W/B,,,4/4/2022 12:00:00 AM,A,E,200.0,KAY STREET,F,,D,4/4/2022 5:15:57 AM,4/4/2022 5:15:57 AM,False,True,4,,,,,,,
1739766,9370-2022-00809,1,False,9370,3/22/2022 11:50:00 AM,1150,177,14,109,Oakland,1,True,True,B,SIDE SWIPE,,Tuesday,NotApplicable,False,M,,False,True,False,ALAMEDA SUPERIOR COURT WILEY W. MANUEL COURTHOUSE,C,OTHER MOTOR VEHICLE,,0,0,CLEAR,,NO UNUSUAL CONDITIONS,,A,DAYLIGHT,37.789411,-122.256066,,,,,A,NO PEDESTRIANS INVOLVED,3/22/2022 11:50:00 AM,A,VC 21658(A),False,1,I-880,,,4/4/2022 12:00:00 AM,A,S,0.21,5TH AVE,M,,D,4/4/2022 4:45:35 AM,4/4/2022 4:45:35 AM,False,True,4,,,,,,,
1739678,9370-2022-00849,1,False,9370,3/26/2022 1:40:00 PM,1340,055,14,109,Oakland,1,True,True,C,REAR END,,Saturday,NotApplicable,False,,,False,True,False,ALAMEDA SUPERIOR COURT WILEY W. MANUEL COURTHOUSE,C,OTHER MOTOR VEHICLE,,0,0,CLEAR,,NO UNUSUAL CONDITIONS,,A,DAYLIGHT,37.827584,-122.281971,,,,,A,NO PEDESTRIANS INVOLVED,3/26/2022 1:40:00 PM,A,VC 22350,False,1,I-580 W/B,,,4/3/2022 12:00:00 AM,A,E,215.0,PERALTA ST,F,,D,4/3/2022 12:53:18 PM,4/3/2022 12:53:18 PM,False,True,4,,,,,,,
1739677,9370-2022-00847,1,False,9370,3/26/2022 1:05:00 PM,1305,055,14,109,Oakland,1,True,True,C,REAR END,,Saturday,NotApplicable,False,,,False,True,True,ALAMEDA SUPERIOR COURT WILEY W. MANUEL COURTHOUSE,C,OTHER MOTOR VEHICLE,,0,0,CLEAR,,NO UNUSUAL CONDITIONS,,A,DAYLIGHT,37.82783,-122.292041,,,,,A,NO PEDESTRIANS INVOLVED,3/26/2022 1:05:00 PM,A,VC 22350,False,1,I-580 W/B TO I-80 E/B,,,4/3/2022 12:00:00 AM,A,W,340.0,BEACH ST,F,,D,4/3/2022 12:47:57 PM,4/3/2022 12:47:57 PM,False,True,4,,,,,,,
1739671,9370-2022-00833,1,False,9370,3/26/2022 5:55:00 AM,555,178,14,109,Oakland,1,True,True,B,SIDE SWIPE,,Saturday,Yes,False,,,False,True,True,Alameda Superior Court Wiley W. Manuel Courthouse,C,OTHER MOTOR VEHICLE,,1,0,CLEAR,,NO UNUSUAL CONDITIONS,,D,DARK-NO STREET LIGHTS,37.80265,-122.28546,,,,,A,NO PEDESTRIANS INVOLVED,3/26/2022 5:55:00 AM,A,VC 21658,False,1,I-880 N/B,,,4/3/2022 12:00:00 AM,A,N,635.0,MARKET STREET,F,,D,4/3/2022 11:55:32 AM,4/3/2022 11:55:32 AM,False,True,4,,,,,,,
1739663,9370-2022-00826,1,False,9370,3/25/2022 5:40:00 PM,1740,024,14,109,Oakland,1,True,True,C,REAR END,,Friday,NotApplicable,False,,,False,True,True,Alameda Superior Court Wiley W. Manuel Courthouse,C,OTHER MOTOR VEHICLE,,0,0,CLEAR,,NO UNUSUAL CONDITIONS,,A,DAYLIGHT,37.855732,-122.217838,,,,,A,NO PEDESTRIANS INVOLVED,3/25/2022 5:40:00 PM,A,VC 22350,False,1,SR 24 W/B,,,4/3/2022 12:00:00 AM,A,E,433.0,CALDECOTT TUNNEL WEST EDGE,F,,D,4/3/2022 11:20:11 AM,4/3/2022 11:20:11 AM,False,True,4,,,,,,,
1739660,9370-2022-00828,1,False,9370,3/25/2022 4:45:00 PM,1645,055,14,109,Oakland,1,True,True,B,SIDE SWIPE,,Friday,NotApplicable,False,,,False,True,False,ALAMEDA SUPERIOR COURT WILEY W. MANUEL COURTHOUSE,C,OTHER MOTOR VEHICLE,,0,0,CLEAR,,NO UNUSUAL CONDITIONS,,A,DAYLIGHT,37.826962,-122.286769,,,,,A,NO PEDESTRIANS INVOLVED,3/25/2022 4:45:00 PM,A,VC 21658(A),False,1,I-580 W/B,,,4/3/2022 12:00:00 AM,A,W,620.0,HOLLIS ST,F,,D,4/3/2022 10:58:00 AM,4/3/2022 10:58:00 AM,False,True,4,,,,,,,
1739657,9370-2022-00845,1,False,9370,3/25/2022 8:45:00 AM,845,176,14,109,Oakland,1,True,True,C,REAR END,,Friday,NotApplicable,False,M,,False,True,False,ALAMEDA SUPERIOR COURT WILEY W. MANUEL COURTHOUSE,C,OTHER MOTOR VEHICLE,,0,0,CLEAR,,NO UNUSUAL CONDITIONS,,A,DAYLIGHT,37.773368,-122.228538,,,,,A,NO PEDESTRIANS INVOLVED,3/25/2022 8:45:00 AM,A,VC 22350,False,1,I-880 S/B,,,4/3/2022 12:00:00 AM,A,N,100.0,FRUITVALE AVE,F,,D,4/3/2022 10:49:13 AM,4/3/2022 10:49:13 AM,False,True,4,,,,,,,
1739656,9370-2022-00823,1,False,9370,3/25/2022 6:20:00 AM,620,177,14,109,Oakland,1,True,True,B,SIDE SWIPE,,Friday,NotApplicable,False,,,False,True,False,ALAMEDA SUPERIOR COURT WILEY W. MANUEL COURTHOUSE,C,OTHER MOTOR VEHICLE,,1,0,CLOUDY,,NO UNUSUAL CONDITIONS,,B,DUSK-DAWN,37.784669,-122.242287,,,,,A,NO PEDESTRIANS INVOLVED,3/25/2022 6:20:00 AM,A,VC 21658(A),False,1,I-880 N/B,,,4/3/2022 12:00:00 AM,A,S,1685.0,16TH AVENUE,F,,D,4/3/2022 10:40:18 AM,4/3/2022 10:40:18 AM,False,True,4,,,,,,,
1739655,9370-2022-00820,1,False,9370,3/24/2022 12:15:00 PM,1215,177,14,109,Oakland,1,True,True,E,HIT OBJECT,,Thursday,Yes,False,,,False,True,True,ALAMEDA SUPERIOR COURT WILEY W. MANUEL COURTHOUSE,I,FIXED OBJECT,CONCRETE WALL,1,0,CLEAR,,NO UNUSUAL CONDITIONS,,A,DAYLIGHT,37.790065,-122.258605,,,,,A,NO PEDESTRIANS INVOLVED,3/24/2022 12:15:00 PM,A,VC 22107,False,1,I-880 S/B,,,4/3/2022 12:00:00 AM,A,S,200.0,5TH AVE,F,,D,4/3/2022 10:20:51 AM,4/3/2022 10:20:51 AM,False,True,4,,,,,,,
1739654,9370-2022-00818,1,False,9370,3/24/2022 7:27:00 AM,727,025,14,109,Oakland,1,True,True,C,REAR END,,Thursday,NotApplicable,False,,,False,True,True,ALAMEDA SUPERIOR COURT WILEY W. MANUEL COURTHOUSE,C,OTHER MOTOR VEHICLE,,2,0,CLEAR,,NO UNUSUAL CONDITIONS,,A,DAYLIGHT,37.83198,-122.26677,,,,,A,NO PEDESTRIANS INVOLVED,3/24/2022 7:27:00 AM,A,VC 22350,False,1,SR-24 W/B TO I-580 W/B,,,4/3/2022 12:00:00 AM,A,E,180.0,42ND ST,F,,D,4/3/2022 10:08:17 AM,4/3/2022 10:08:17 AM,False,True,4,,,,,,,
1739652,9370-2022-00816,1,False,9370,3/23/2022 6:20:00 PM,1820,024,14,109,Oakland,1,True,True,C,REAR END,,Wednesday,NotApplicable,False,,,False,True,True,ALAMEDA SUPERIOR COURT WILEY W. MANUEL COURTHOUSE,C,OTHER MOTOR VEHICLE,,0,0,CLEAR,,NO UNUSUAL CONDITIONS,,A,DAYLIGHT,37.848545,-122.227198,,,,,A,NO PEDESTRIANS INVOLVED,3/23/2022 6:20:00 PM,A,VC 22350,False,1,SR-24 E/B,,,4/3/2022 12:00:00 AM,A,E,135.0,SR-13,F,,D,4/3/2022 9:48:49 AM,4/3/2022 9:48:49 AM,False,True,4,,,,,,,
1739651,9370-2022-00813,1,False,9370,3/23/2022 5:35:00 PM,1735,054,14,109,Oakland,1,True,True,C,REAR END,,Wednesday,NotApplicable,False,,,False,True,False,ALAMEDA SUPERIOR COURT WILEY W. MANUEL COURTHOUSE,C,OTHER MOTOR VEHICLE,,0,0,CLEAR,,NO UNUSUAL CONDITIONS,,A,DAYLIGHT,37.816771,-122.251985,,,,,A,NO PEDESTRIANS INVOLVED,3/23/2022 5:35:00 PM,A,VC 22350,False,1,I-580 E/B,,,4/3/2022 12:00:00 AM,A,E,900.0,OAKLAND AVE,F,,D,4/3/2022 9:42:13 AM,4/3/2022 9:42:13 AM,False,True,4,,,,,,,
1739649,9370-2022-00815,1,False,9370,3/23/2022 3:45:00 PM,1545,176,14,109,Oakland,1,True,True,C,REAR END,,Wednesday,NotApplicable,False,,,False,True,True,ALAMEDA SUPERIOR COURT WILEY W. MANUEL COURTHOUSE,C,OTHER MOTOR VEHICLE,,0,0,CLEAR,,NO UNUSUAL CONDITIONS,,A,DAYLIGHT,37.463524,-122.141038,,,,,A,NO PEDESTRIANS INVOLVED,3/23/2022 3:45:00 PM,A,VC 22350,False,1,I-880 S/B,,,4/3/2022 12:00:00 AM,A,N,600.0,29TH AVE,F,,D,4/3/2022 9:33:49 AM,4/3/2022 9:33:49 AM,False,True,4,,,,,,,
1739648,9370-2022-00803,1,False,9370,3/23/2022 8:45:00 AM,845,013,14,109,Oakland,1,True,True,C,REAR END,,Wednesday,NotApplicable,False,M,,False,True,True,ALAMEDA SUPERIOR COURT WILEY W. MANUEL COURTHOUSE,C,OTHER MOTOR VEHICLE,,1,0,CLOUDY,,NO UNUSUAL CONDITIONS,,A,DAYLIGHT,37.80499,-122.19176,,,,,A,NO PEDESTRIANS INVOLVED,3/23/2022 8:45:00 AM,A,VC 22350,False,1,SR-13 N/B,,,4/3/2022 12:00:00 AM,A,S,2650.0,JOAQUIN MILLER RD,F,,D,4/3/2022 9:29:43 AM,4/3/2022 9:29:43 AM,False,True,4,,,,,,,