collision-id,report-number,report-version,is-preliminary,ncic-code,crash-date-time,crash-time-description,beat,city-id,city-code,city-name,county-code,city-is-active,city-is-incorporated,collision-type-code,collision-type-description,collision-type-other-desc,day-of-week,dispatch-notified,has-photographs,hit-run,is-attachments-mailed,is-deleted,is-highway-related,is-tow-away,judicial-district,motor-vehicle-involved-with-code,motor-vehicle-involved-with-desc,motor-vehicle-involved-with-other-desc,number-injured,number-killed,weather-1,weather-2,road-condition-1,road-condition-2,special-condition-lighting-code,lighting-description,latitude,longitude,milepost-direction,milepost-distance,milepost-marker,milepost-unit-of-measure,pedestrian-action-code,pedestrian-action-desc,prepared-date,primary-collision-factor-code,primary-collision-factor-violation,primary-collision-factor-is-cited,primary-collision-party-number,primary-road,reporting-district,reporting-district-code,reviewed-date,roadway-surface-code,secondary-direction,secondary-distance,secondary-road,secondary-unit-of-measure,sketch-desc,traffic-control-device-code,created-date,modified-date,is-county-road,is-freeway,chp-555-version,is-additonal-object-struck,notification-date,notification-time-description,has-digital-media-files,evidence-number,is-location-refer-to-narrative,is-aoi-one-same-as-location
1787613,9370-2022-01292,1,False,9370,5/5/2022 11:50:00 PM,2350,176,14,109,Oakland,1,True,True,B,SIDE SWIPE,,Thursday,NotApplicable,False,M,,False,True,True,ALAMEDA SUPERIOR COURT WILEY W. MANUEL COURTHOUSE,C,OTHER MOTOR VEHICLE,,1,0,CLOUDY,,NO UNUSUAL CONDITIONS,,C,DARK-STREET LIGHTS,37.74238,-122.19806,,,,,A,NO PEDESTRIANS INVOLVED,5/5/2022 11:50:00 PM,A,VC 21658(A),False,1,I-880 S/B,,,6/3/2022 12:00:00 AM,A,N,382.0,HEGENBERGER ROAD,F,,D,6/3/2022 7:13:16 AM,6/3/2022 7:13:16 AM,False,True,4,,,,,,,
1786866,9335-2022-01005,1,False,9335,5/30/2022 10:00:00 AM,1000,082,14,109,Oakland,1,True,True,E,HIT OBJECT,,Monday,NotApplicable,False,,,False,True,False,ALAMEDA SUPERIOR COURT WILEY W. MANUEL COURTHOUSE,I,FIXED OBJECT,CONCRETE WALL,0,0,CLEAR,,NO UNUSUAL CONDITIONS,,A,DAYLIGHT,37.82482,-122.315334,,,,,A,NO PEDESTRIANS INVOLVED,5/30/2022 10:00:00 AM,A,VC 22107,False,1,I-80 W/B,,,6/2/2022 12:00:00 AM,A,W,360.0,TOLL PLAZA,F,,D,6/2/2022 11:03:43 AM,6/2/2022 11:03:43 AM,False,True,4,True,,,,,,
1786800,9370-2022-01388,1,False,9370,5/14/2022 10:15:00 PM,2215,055,14,109,Oakland,1,True,True,E,HIT OBJECT,,Saturday,NotApplicable,True,,,False,True,True,ALAMEDA SUPERIOR COURT WILEY W. MANUEL COURTHOUSE,I,FIXED OBJECT,CONCRETE WALL,0,0,CLEAR,,NO UNUSUAL CONDITIONS,,On-Duty Emergency VehicleC,DARK-STREET LIGHTS,37.825722,-122.275234,,,,,A,NO PEDESTRIANS INVOLVED,5/14/2022 10:15:00 PM,C,,,,I-580 E/B TO SR-24 E/B,,,6/2/2022 12:00:00 AM,A,E,7.0,MARKET STREET,F,,D,6/2/2022 10:15:07 AM,6/2/2022 10:15:07 AM,False,True,4,,,,,,,
1785779,9335-2022-00965,1,False,9335,5/24/2022 11:02:00 AM,1102,082,14,109,Oakland,1,True,True,C,REAR END,,Tuesday,NotApplicable,False,,,False,True,False,Alameda Superior Court Alameda,C,OTHER MOTOR VEHICLE,,0,0,CLEAR,,NO UNUSUAL CONDITIONS,,A,DAYLIGHT,37.821374,-122.33482,,,,,A,NO PEDESTRIANS INVOLVED,5/24/2022 11:02:00 AM,A,VC 22350,False,1,I-80 W/B,,,6/1/2022 12:00:00 AM,A,E,0.8,SAN FRANCISCO COUNTY LINE,M,,D,6/1/2022 9:51:31 AM,6/1/2022 9:51:31 AM,False,True,4,,,,,,,
1785232,9370-2022-01337,1,False,9370,5/10/2022 5:50:00 AM,550,025,14,109,Oakland,1,True,True,C,REAR END,,Tuesday,NotApplicable,False,,,False,True,False,Alameda Superior Court Wiley W. Manuel Courthouse,C,OTHER MOTOR VEHICLE,,0,0,CLEAR,,NO UNUSUAL CONDITIONS,,A,DAYLIGHT,37.828043,-122.2679,,,,,A,NO PEDESTRIANS INVOLVED,5/10/2022 5:50:00 AM,A,VC 22350,False,1,SR-24 W/B TO I-580 E/B  AND I-580 W/B,,,5/31/2022 12:00:00 AM,A,W,550.0,40TH ST,F,,D,5/31/2022 1:55:29 PM,5/31/2022 1:55:29 PM,False,True,4,,,,,,,
1785147,9370-2022-01459,1,False,9370,5/20/2022 4:58:00 PM,1658,177,14,109,Oakland,1,True,True,B,SIDE SWIPE,,Friday,NotApplicable,False,M,,False,True,False,ALAMEDA SUPERIOR COURT WILEY W. MANUEL COURTHOUSE,C,OTHER MOTOR VEHICLE,,0,0,CLEAR,,NO UNUSUAL CONDITIONS,,A,DAYLIGHT,37.793057,-122.263105,,,,,A,NO PEDESTRIANS INVOLVED,5/20/2022 4:58:00 PM,A,VC 21658(A),True,1,I-880 N/B,,,5/31/2022 12:00:00 AM,A,S,1255.0,OAK ST,F,,D,5/31/2022 12:45:11 PM,5/31/2022 12:45:11 PM,False,True,4,,,,,,,
1785135,9370-2022-01455,1,False,9370,5/20/2022 2:50:00 PM,1450,054,14,109,Oakland,1,True,True,C,REAR END,,Friday,NotApplicable,False,,,False,True,True,ALAMEDA SUPERIOR COURT WILEY W. MANUEL COURTHOUSE,C,OTHER MOTOR VEHICLE,,1,0,CLEAR,,NO UNUSUAL CONDITIONS,,A,DAYLIGHT,37.808292,-122.24203,,,,,A,NO PEDESTRIANS INVOLVED,5/20/2022 2:50:00 PM,A,VC 22350,False,1,I-580 E/B,,,5/31/2022 12:00:00 AM,A,W,40.0,LAKE PARK AVENUE OVERCROSSING,F,,D,5/31/2022 12:36:25 PM,5/31/2022 12:36:25 PM,False,True,4,,,,,,,
1785131,9370-2022-01461,1,False,9370,5/20/2022 4:40:00 PM,1640,024,14,109,Oakland,1,True,True,C,REAR END,,Friday,NotApplicable,False,,,False,True,False,ALAMEDA SUPERIOR COURT WILEY W. MANUEL COURTHOUSE,C,OTHER MOTOR VEHICLE,,0,0,CLEAR,,NO UNUSUAL CONDITIONS,,A,DAYLIGHT,37.84885,-122.22797,,,,,A,NO PEDESTRIANS INVOLVED,5/20/2022 4:40:00 PM,A,VC 22350,False,1,SR-24 W/B,,,5/31/2022 12:00:00 AM,A,W,60.0,SR-13,F,,D,5/31/2022 12:32:18 PM,5/31/2022 12:32:18 PM,False,True,4,,,,,,,
1785119,9370-2022-01454,1,False,9370,5/20/2022 1:45:00 PM,1345,008,14,109,Oakland,1,True,True,C,REAR END,,Friday,Yes,False,,,False,True,False,ALAMEDA SUPERIOR COURT WILEY W. MANUEL COURTHOUSE,C,OTHER MOTOR VEHICLE,,0,0,CLEAR,,NO UNUSUAL CONDITIONS,,A,DAYLIGHT,37.83409,-122.294779,,,,,A,NO PEDESTRIANS INVOLVED,5/20/2022 1:45:00 PM,A,VC 22106,False,1,I-80 E/B,,,5/31/2022 12:00:00 AM,A,W,1500.0,POWELL ST,F,,D,5/31/2022 12:25:48 PM,5/31/2022 12:25:48 PM,False,True,4,,,,,,,
1785102,9370-2022-01449,1,False,9370,5/20/2022 11:45:00 AM,1145,176,14,109,Oakland,1,True,True,C,REAR END,,Friday,NotApplicable,False,,,False,True,False,ALAMEDA SUPERIOR COURT WILEY W. MANUEL COURTHOUSE,C,OTHER MOTOR VEHICLE,,1,0,CLEAR,,NO UNUSUAL CONDITIONS,,A,DAYLIGHT,37.765343,-122.217719,,,,,A,NO PEDESTRIANS INVOLVED,5/20/2022 11:45:00 AM,A,VC 22350,False,1,I-880 N/B TO HIGH STREET,,,5/31/2022 12:00:00 AM,A,S,1300.0,HIGH ST,F,,D,5/31/2022 12:17:20 PM,5/31/2022 12:17:20 PM,False,True,4,,,,,,,
1785091,9370-2022-01452,1,False,9370,5/20/2022 11:10:00 AM,1110,176,14,109,Oakland,1,True,True,C,REAR END,,Friday,NotApplicable,False,,,False,True,False,ALAMEDA SUPERIOR COURT WILEY W. MANUEL COURTHOUSE,C,OTHER MOTOR VEHICLE,,0,0,CLEAR,,NO UNUSUAL CONDITIONS,,A,DAYLIGHT,37.772829,-122.227088,,,,,A,NO PEDESTRIANS INVOLVED,5/20/2022 11:10:00 AM,A,VC 22350,False,1,I-880 S/B,,,5/31/2022 12:00:00 AM,A,N,2540.0,HIGH ST,F,,D,5/31/2022 12:12:04 PM,5/31/2022 12:12:04 PM,False,True,4,,,,,,,
1785081,9370-2022-01451,1,False,9370,5/20/2022 9:05:00 AM,905,176,14,109,Oakland,1,True,True,C,REAR END,,Friday,NotApplicable,False,M,,False,True,False,ALAMEDA SUPERIOR COURT WILEY W. MANUEL COURTHOUSE,C,OTHER MOTOR VEHICLE,,0,0,CLEAR,,NO UNUSUAL CONDITIONS,,A,DAYLIGHT,37.735004,-122.191641,,,,,A,NO PEDESTRIANS INVOLVED,5/20/2022 9:05:00 AM,A,VC 22350,False,1,I-880 S/B,,,5/31/2022 12:00:00 AM,A,N,1440.0,98TH AVENUE,F,,D,5/31/2022 12:02:34 PM,5/31/2022 12:02:34 PM,False,True,4,,,,,,,
1784977,9370-2022-01443,1,False,9370,5/20/2022 2:20:00 AM,220,176,14,109,Oakland,1,True,True,B,SIDE SWIPE,,Friday,Yes,False,M,,False,True,False,ALAMEDA SUPERIOR COURT WILEY W. MANUEL COURTHOUSE,C,OTHER MOTOR VEHICLE,,0,0,CLEAR,,NO UNUSUAL CONDITIONS,,D,DARK-NO STREET LIGHTS,37.728758,-122.185841,,,,,A,NO PEDESTRIANS INVOLVED,5/20/2022 2:20:00 AM,A,VC 21658(A),False,1,I-880 N/B,,,5/31/2022 12:00:00 AM,A,S,1280.0,98TH AVENUE,F,,D,5/31/2022 10:55:11 AM,5/31/2022 10:55:11 AM,False,True,4,,,,,,,
1784885,9370-2022-01415,1,False,9370,5/17/2022 11:20:00 PM,2320,176,14,109,Oakland,1,True,True,E,HIT OBJECT,,Tuesday,NotApplicable,False,,,False,True,False,ALAMEDA SUPERIOR COURT WILEY W. MANUEL COURTHOUSE,I,FIXED OBJECT,CONCRETE WALL,0,0,CLEAR,,NO UNUSUAL CONDITIONS,,C,DARK-STREET LIGHTS,37.747186,-122.202181,,,,,A,NO PEDESTRIANS INVOLVED,5/17/2022 11:20:00 PM,A,VC 22107,False,1,I-880 S/B,,,5/31/2022 12:00:00 AM,A,N,0.5,HEGENBERGER ROAD OVERCROSSING,M,,D,5/31/2022 10:03:35 AM,5/31/2022 10:03:35 AM,False,True,4,,,,,,,
1784746,9370-2022-01390,1,False,9370,5/14/2022 11:35:00 PM,2335,052,14,109,Oakland,1,True,True,B,SIDE SWIPE,,Saturday,NotApplicable,False,M,,False,True,False,ALAMEDA SUPERIOR COURT WILEY W. MANUEL COURTHOUSE,C,OTHER MOTOR VEHICLE,,0,0,CLEAR,,NO UNUSUAL CONDITIONS,,C,DARK-STREET LIGHTS,37.778513,-122.16877,,,,,A,NO PEDESTRIANS INVOLVED,5/14/2022 11:35:00 PM,A,VC 21658(A),False,2,I-580 W/B,,,5/31/2022 12:00:00 AM,A,E,1500.0,SEMINARY AVE,F,,D,5/31/2022 8:39:09 AM,5/31/2022 8:39:09 AM,False,True,4,,,,,,,
1784698,9370-2022-01382,1,False,9370,5/14/2022 2:52:00 AM,252,055,14,109,Oakland,1,True,True,E,HIT OBJECT,,Saturday,Yes,False,,,False,True,True,ALAMEDA SUPERIOR COURT WILEY W. MANUEL COURTHOUSE,I,FIXED OBJECT,RAISED CURB EDGE,1,0,CLEAR,,NO UNUSUAL CONDITIONS,,D,DARK-NO STREET LIGHTS,37.828113,-122.293522,,,,,A,NO PEDESTRIANS INVOLVED,5/14/2022 2:52:00 AM,A,VC 22350,False,1,I-580 W/B,,,5/31/2022 12:00:00 AM,A,W,1160.0,MANDELA PAKWAY,F,,D,5/31/2022 8:14:58 AM,5/31/2022 8:14:58 AM,False,True,4,,,,,,,
1784627,9370-2022-01365,1,False,9370,5/13/2022 2:00:00 AM,200,176,14,109,Oakland,1,True,True,B,SIDE SWIPE,,Friday,NotApplicable,False,M,,False,True,True,ALAMEDA SUPERIOR COURT WILEY W. MANUEL COURTHOUSE,C,OTHER MOTOR VEHICLE,,0,0,CLEAR,,NO UNUSUAL CONDITIONS,,C,DARK-STREET LIGHTS,37.74318,-122.19878,,,,,A,NO PEDESTRIANS INVOLVED,5/13/2022 2:00:00 AM,A,VC 21658(A),False,1,I-880 S/B,,,5/31/2022 12:00:00 AM,A,N,1120.0,HEGENBERGER ROAD,F,,D,5/31/2022 7:30:08 AM,5/31/2022 7:30:08 AM,False,True,4,,,,,,,
1784622,9370-2022-01371,1,False,9370,5/12/2022 5:29:00 PM,1729,024,14,109,Oakland,1,True,True,C,REAR END,,Thursday,NotApplicable,False,,,False,True,True,ALAMEDA SUPERIOR COURT WILEY W. MANUEL COURTHOUSE,C,OTHER MOTOR VEHICLE,,0,0,CLEAR,,NO UNUSUAL CONDITIONS,,A,DAYLIGHT,37.844667,-122.250928,,,,,A,NO PEDESTRIANS INVOLVED,5/12/2022 5:29:00 PM,A,VC 22350,False,1,SR-24 E/B,,,5/31/2022 12:00:00 AM,A,E,100.0,COLLEGE AVE,F,,D,5/31/2022 7:25:40 AM,5/31/2022 7:25:40 AM,False,True,4,,,,,,,
1784601,9370-2022-01339,1,False,9370,5/10/2022 4:00:00 PM,1600,055,14,109,Oakland,1,True,True,C,REAR END,,Tuesday,NotApplicable,False,,,False,True,True,ALAMEDA SUPERIOR COURT WILEY W. MANUEL COURTHOUSE,C,OTHER MOTOR VEHICLE,,0,0,CLEAR,WIND,NO UNUSUAL CONDITIONS,,A,DAYLIGHT,37.828895,-122.266566,,,,,A,NO PEDESTRIANS INVOLVED,5/10/2022 4:00:00 PM,A,VC 22350,False,1,I-580 E/B TO SR-24 E/B,,,5/31/2022 12:00:00 AM,D,W,180.0,40TH ST,F,,D,5/31/2022 7:10:41 AM,5/31/2022 7:10:41 AM,False,True,4,,,,,,,
1784534,9370-2022-01423,1,False,9370,5/18/2022 6:00:00 PM,1800,008,14,109,Oakland,1,True,True,C,REAR END,,Wednesday,NotApplicable,False,M,,False,True,False,ALAMEDA SUPERIOR COURT WILEY W. MANUEL COURTHOUSE,C,OTHER MOTOR VEHICLE,,0,0,CLEAR,,NO UNUSUAL CONDITIONS,,A,DAYLIGHT,37.826679,-122.298181,,,,,A,NO PEDESTRIANS INVOLVED,5/18/2022 6:00:00 PM,A,VC 22350,False,1,I-80 E/B,,,5/31/2022 12:00:00 AM,A,W,4000.0,POWELL STREET,F,,D,5/31/2022 5:25:54 AM,5/31/2022 5:25:54 AM,False,True,4,,,,,,,
1784533,9370-2022-01362,1,False,9370,5/13/2022 2:10:00 AM,210,176,14,109,Oakland,1,True,True,D,BROADSIDE,,Friday,No,False,M,,False,True,True,ALAMEDA SUPERIOR COURT WILEY W. MANUEL COURTHOUSE,C,OTHER MOTOR VEHICLE,,0,0,CLEAR,,NO UNUSUAL CONDITIONS,,C,DARK-STREET LIGHTS,37.743017,-122.198866,,,,,A,NO PEDESTRIANS INVOLVED,5/13/2022 2:10:00 AM,C,,,,I-880 SB TO HEGENBERGER ROAD,,,5/31/2022 12:00:00 AM,A,N,1200.0,HEGENBERGER ROAD,F,,D,5/31/2022 5:08:26 AM,5/31/2022 5:08:26 AM,False,True,4,,,,,,,
1784532,9370-2022-01298,1,False,9370,5/6/2022 8:05:00 PM,2005,178,14,109,Oakland,1,True,True,B,SIDE SWIPE,,Friday,Yes,False,F,,False,True,True,ALAMEDA SUPERIOR COURT WILEY W. MANUEL COURTHOUSE,C,OTHER MOTOR VEHICLE,,1,0,CLEAR,,NO UNUSUAL CONDITIONS,,D,DARK-NO STREET LIGHTS,37.823717,-122.302398,,,,,A,NO PEDESTRIANS INVOLVED,5/6/2022 8:05:00 PM,A,VC 21658(A),False,1,I-880 N/B TO I-80 E/B,,,5/31/2022 12:00:00 AM,A,S,920.0,I-80 E/B,F,,D,5/31/2022 5:02:45 AM,5/31/2022 5:02:45 AM,False,True,4,,,,,,,
1784240,9370-2022-01434,1,False,9370,5/18/2022 7:20:00 PM,1920,053,14,109,Oakland,1,True,True,C,REAR END,,Wednesday,Yes,False,,,False,True,False,ALAMEDA SUPERIOR COURT WILEY W. MANUEL COURTHOUSE,C,OTHER MOTOR VEHICLE,,1,0,CLEAR,,NO UNUSUAL CONDITIONS,,A,DAYLIGHT,37.803667,-122.232733,,,,,A,NO PEDESTRIANS INVOLVED,5/18/2022 7:20:00 PM,A,VC 23152(a),True,1,I-580 E/B,,,5/30/2022 12:00:00 AM,A,E,250.0,PARK BLVD,F,,D,5/30/2022 12:01:49 PM,5/30/2022 12:01:49 PM,False,True,4,,,,,,,
1784217,9370-2022-01375,1,False,9370,5/10/2022 5:20:00 PM,1720,024,14,109,Oakland,1,True,True,E,HIT OBJECT,,Tuesday,NotApplicable,False,,,False,True,False,ALAMEDA SUPERIOR COURT WILEY W. MANUEL COURTHOUSE,I,FIXED OBJECT,CONCRETE BARRIER,0,0,CLEAR,,NO UNUSUAL CONDITIONS,,A,DAYLIGHT,37.841162,-122.262145,,,,,A,NO PEDESTRIANS INVOLVED,5/10/2022 5:20:00 PM,A,VC 22107,False,1,SR-24 W/B,,,5/30/2022 12:00:00 AM,A,W,200.0,TELEGRAPH AVE,F,,D,5/30/2022 11:09:08 AM,5/30/2022 11:09:08 AM,False,True,4,,,,,,,
1784197,9370-2022-01236,1,False,9370,4/30/2022 12:59:00 AM,59,052,14,109,Oakland,1,True,True,E,HIT OBJECT,,Saturday,No,False,,,False,True,False,ALAMEDA SUPERIOR COURT WILEY W. MANUEL COURTHOUSE,J,OTHER OBJECT,BICYCLE,0,0,CLEAR,,NO UNUSUAL CONDITIONS,,D,DARK-NO STREET LIGHTS,37.774185,-122.159648,,,,,A,NO PEDESTRIANS INVOLVED,4/30/2022 12:59:00 AM,A,VC 22350,False,1,I-580 W/B,,,5/30/2022 12:00:00 AM,A,W,1218.0,KELLER AVENUE,F,,D,5/30/2022 10:24:52 AM,5/30/2022 10:24:52 AM,False,True,4,,,,,,,
1784195,9370-2022-01228,1,False,9370,4/30/2022 12:58:00 AM,58,052,14,109,Oakland,1,True,True,A,HEAD-ON,,Saturday,Yes,False,,,False,True,False,ALAMEDA SUPERIOR COURT WILEY W. MANUEL COURTHOUSE,C,OTHER MOTOR VEHICLE,,0,0,CLEAR,,NO UNUSUAL CONDITIONS,,D,DARK-NO STREET LIGHTS,37.773721,-122.159175,,,,,A,NO PEDESTRIANS INVOLVED,4/30/2022 12:58:00 AM,A,VC 21658(A),False,2,I-580 E/B,,,5/30/2022 12:00:00 AM,A,W,900.0,KELLER AVENUE,F,,D,5/30/2022 10:22:55 AM,5/30/2022 10:22:55 AM,False,True,4,,,,,,,
1784133,9370-2022-01249,1,False,9370,5/2/2022 3:30:00 PM,1530,008,14,109,Oakland,1,True,True,C,REAR END,,Monday,NotApplicable,False,,,False,True,False,ALAMEDA SUPERIOR COURT WILEY W. MANUEL COURTHOUSE,C,OTHER MOTOR VEHICLE,,0,0,CLEAR,,NO UNUSUAL CONDITIONS,,A,DAYLIGHT,37.826679,-122.298181,,,,,A,NO PEDESTRIANS INVOLVED,5/2/2022 3:30:00 PM,A,VC 22350,False,1,I-80 E/B,,,5/30/2022 12:00:00 AM,A,E,3900.0,WEST GRAND AVENUE,F,,D,5/30/2022 8:33:10 AM,5/30/2022 8:33:10 AM,False,True,4,,,,,,,
1784111,9370-2022-01226,1,False,9370,4/30/2022 12:57:00 AM,57,052,14,109,Oakland,1,True,True,A,HEAD-ON,,Saturday,NotApplicable,False,,,False,True,False,ALAMEDA SUPERIOR COURT WILEY W. MANUEL COURTHOUSE,C,OTHER MOTOR VEHICLE,,0,0,CLEAR,,NO UNUSUAL CONDITIONS,,D,DARK-NO STREET LIGHTS,37.773973,-122.159672,,,,,A,NO PEDESTRIANS INVOLVED,4/30/2022 12:57:00 AM,A,VC 23152(a),True,1,I-580 E/B,,,5/30/2022 12:00:00 AM,A,W,1110.0,KELLER AVENUE,F,,D,5/30/2022 7:42:46 AM,5/30/2022 7:42:46 AM,False,True,4,,,,,,,
1784103,9370-2022-01248,1,False,9370,4/30/2022 1:45:00 AM,145,013,14,109,Oakland,1,True,True,H,OTHER,DEER,Saturday,NotApplicable,False,,,False,True,True,ALAMEDA SUPERIOR COURT WILEY W. MANUEL COURTHOUSE,H,ANIMAL,DEER,0,0,CLEAR,,NO UNUSUAL CONDITIONS,,C,DARK-STREET LIGHTS,37.8224,-122.2078,,,,,A,NO PEDESTRIANS INVOLVED,4/30/2022 1:45:00 AM,C,,,,SR-13 S/B,,,5/30/2022 12:00:00 AM,A,N,301.0,PARK BLVD,F,,D,5/30/2022 7:21:10 AM,5/30/2022 7:21:10 AM,False,True,4,,,,,,,
1783995,9370-2022-01515,2,False,9370,5/27/2022 11:43:00 PM,2343,177,14,109,Oakland,1,True,True,C,REAR END,,Friday,Yes,False,,,False,True,False,ALAMEDA SUPERIOR COURT WILEY W. MANUEL COURTHOUSE,C,OTHER MOTOR VEHICLE,,0,0,CLEAR,,NO UNUSUAL CONDITIONS,,On-Duty Emergency VehicleD,DARK-NO STREET LIGHTS,37.800099,-122.278833,,,,,A,NO PEDESTRIANS INVOLVED,5/27/2022 11:43:00 PM,A,VC 22350,False,1,I-880 N/B,,,6/6/2022 12:00:00 AM,A,S,105.0,WASHINGTON ST,F,,D,5/29/2022 10:13:54 PM,6/6/2022 12:15:52 PM,False,True,4,,,,,,,
1783961,9370-2022-01286,1,False,9370,5/5/2022 1:30:00 AM,130,025,14,109,Oakland,1,True,True,E,HIT OBJECT,,Thursday,NotApplicable,False,M,,False,True,True,Alameda Superior Court Wiley W. Manuel Courthouse,I,FIXED OBJECT,SAND BARRELS,0,0,CLEAR,,NO UNUSUAL CONDITIONS,,D,DARK-NO STREET LIGHTS,37.82746,-122.26699,,,,,A,NO PEDESTRIANS INVOLVED,5/5/2022 1:30:00 AM,A,VC 22107,False,1,SR 24 E/B,,,5/29/2022 12:00:00 AM,A,W,1210.0,51ST STREET,F,,D,5/29/2022 11:50:47 AM,5/29/2022 11:50:47 AM,False,True,4,,,,,,,
1783958,9370-2022-01278,1,False,9370,5/4/2022 3:28:00 PM,1528,176,14,109,Oakland,1,True,True,C,REAR END,,Wednesday,Yes,False,,,False,True,True,ALAMEDA SUPERIOR COURT WILEY W. MANUEL COURTHOUSE,C,OTHER MOTOR VEHICLE,,2,0,CLOUDY,,NO UNUSUAL CONDITIONS,,A,DAYLIGHT,37.762491,-122.215517,,,,,A,NO PEDESTRIANS INVOLVED,5/4/2022 3:28:00 PM,A,VC 22350,True,1,I-880 N/B,,,5/29/2022 12:00:00 AM,A,S,2500.0,HIGH ST,F,,D,5/29/2022 11:01:08 AM,5/29/2022 11:01:08 AM,False,True,4,,,,,,,
1783951,9370-2022-01255,1,False,9370,5/2/2022 4:35:00 PM,1635,177,14,109,Oakland,1,True,True,B,SIDE SWIPE,,Monday,NotApplicable,False,,,False,True,False,ALAMEDA SUPERIOR COURT WILEY W. MANUEL COURTHOUSE,C,OTHER MOTOR VEHICLE,,0,0,CLEAR,,NO UNUSUAL CONDITIONS,,A,DAYLIGHT,37.78443,-122.24214,,,,,A,NO PEDESTRIANS INVOLVED,5/2/2022 4:35:00 PM,A,VC 21658(A),False,1,I-880 S/B,,,5/29/2022 12:00:00 AM,A,S,625.0,16TH AVE,F,,D,5/29/2022 9:24:25 AM,5/29/2022 9:24:25 AM,False,True,4,,,,,,,
1783950,9370-2022-01244,1,False,9370,5/1/2022 4:50:00 PM,1650,176,14,109,Oakland,1,True,True,C,REAR END,,Sunday,NotApplicable,False,,,False,True,True,Alameda Superior Court Wiley W. Manuel Courthouse,C,OTHER MOTOR VEHICLE,,0,0,CLEAR,,NO UNUSUAL CONDITIONS,,A,DAYLIGHT,37.75049,-122.20541,,,,,A,NO PEDESTRIANS INVOLVED,5/1/2022 4:50:00 PM,A,VC 22350,False,1,I-880 S/B FROM 66TH AVENUE,,,5/29/2022 12:00:00 AM,A,S,1425.0,66TH AVE,F,,D,5/29/2022 9:18:02 AM,5/29/2022 9:18:02 AM,False,True,4,,,,,,,
1783492,9370-2022-01252,1,False,9370,5/2/2022 6:07:00 PM,1807,098,14,109,Oakland,1,True,True,B,SIDE SWIPE,,Monday,NotApplicable,False,,,False,True,False,Alameda Superior Court Wiley W. Manuel Courthouse,C,OTHER MOTOR VEHICLE,,0,0,CLEAR,,NO UNUSUAL CONDITIONS,,A,DAYLIGHT,37.812588,-122.273444,,,,,A,NO PEDESTRIANS INVOLVED,5/2/2022 6:07:00 PM,A,VC 21658(A),False,1,I-980 W/B,,,5/27/2022 12:00:00 AM,A,E,1200.0,18TH ST,F,,D,5/27/2022 1:36:18 PM,5/27/2022 1:36:18 PM,False,True,4,True,,,,,,
1783464,9370-2022-01251,1,False,9370,5/2/2022 4:50:00 PM,1650,177,14,109,Oakland,1,True,True,C,REAR END,,Monday,NotApplicable,False,M,,False,True,False,Alameda Superior Court Wiley W. Manuel Courthouse,C,OTHER MOTOR VEHICLE,,0,0,CLEAR,,NO UNUSUAL CONDITIONS,,A,DAYLIGHT,37.788524,-122.250484,,,,,A,NO PEDESTRIANS INVOLVED,5/2/2022 4:50:00 PM,A,VC 22350,False,1,I-880 S/B,,,5/27/2022 12:00:00 AM,A,N,1700.0,16TH AVE,F,,D,5/27/2022 1:06:10 PM,5/27/2022 1:06:10 PM,False,True,4,,,,,,,
1783451,9370-2022-01425,1,False,9370,5/18/2022 9:10:00 PM,2110,053,14,109,Oakland,1,True,True,B,SIDE SWIPE,,Wednesday,NotApplicable,False,M,,False,True,False,ALAMEDA SUPERIOR COURT WILEY W. MANUEL COURTHOUSE,C,OTHER MOTOR VEHICLE,,0,0,CLEAR,,NO UNUSUAL CONDITIONS,,B,DUSK-DAWN,37.79425,-122.20605,,,,,A,NO PEDESTRIANS INVOLVED,5/18/2022 9:10:00 PM,A,VC 21658(a),False,1,I-580 E/B,,,5/27/2022 12:00:00 AM,A,W,935.0,35TH AVE,F,,D,5/27/2022 12:59:20 PM,5/27/2022 12:59:20 PM,False,True,4,,,,,,,
1783445,9370-2022-01250,1,False,9370,5/2/2022 4:45:00 PM,1645,177,14,109,Oakland,1,True,True,C,REAR END,,Monday,NotApplicable,False,M,,False,True,False,ALAMEDA SUPERIOR COURT WILEY W. MANUEL COURTHOUSE,C,OTHER MOTOR VEHICLE,,0,0,CLEAR,,NO UNUSUAL CONDITIONS,,A,DAYLIGHT,37.787921,-122.249547,,,,,A,NO PEDESTRIANS INVOLVED,5/2/2022 4:45:00 PM,A,VC 22350,False,1,I-880 S/B,,,5/27/2022 12:00:00 AM,A,N,1600.0,16TH AVENUE,F,,D,5/27/2022 12:54:02 PM,5/27/2022 12:54:02 PM,False,True,4,,,,,,,