collision-id,report-number,report-version,is-preliminary,ncic-code,crash-date-time,crash-time-description,beat,city-id,city-code,city-name,county-code,city-is-active,city-is-incorporated,collision-type-code,collision-type-description,collision-type-other-desc,day-of-week,dispatch-notified,has-photographs,hit-run,is-attachments-mailed,is-deleted,is-highway-related,is-tow-away,judicial-district,motor-vehicle-involved-with-code,motor-vehicle-involved-with-desc,motor-vehicle-involved-with-other-desc,number-injured,number-killed,weather-1,weather-2,road-condition-1,road-condition-2,special-condition-lighting-code,lighting-description,latitude,longitude,milepost-direction,milepost-distance,milepost-marker,milepost-unit-of-measure,pedestrian-action-code,pedestrian-action-desc,prepared-date,primary-collision-factor-code,primary-collision-factor-violation,primary-collision-factor-is-cited,primary-collision-party-number,primary-road,reporting-district,reporting-district-code,reviewed-date,roadway-surface-code,secondary-direction,secondary-distance,secondary-road,secondary-unit-of-measure,sketch-desc,traffic-control-device-code,created-date,modified-date,is-county-road,is-freeway,chp-555-version,is-additonal-object-struck,notification-date,notification-time-description,has-digital-media-files,evidence-number,is-location-refer-to-narrative,is-aoi-one-same-as-location
1818857,9370-2022-02025,1,False,9370,7/12/2022 5:50:00 PM,1750,176,14,109,Oakland,1,True,True,B,SIDE SWIPE,,Tuesday,NotApplicable,False,M,,False,True,False,Alameda Superior Court Wiley W. Manuel Courthouse,C,OTHER MOTOR VEHICLE,,0,0,CLEAR,,NO UNUSUAL CONDITIONS,,A,DAYLIGHT,37.768488,-122.220693,,,,,A,NO PEDESTRIANS INVOLVED,7/12/2022 5:50:00 PM,A,VC 21658(A),False,1,I-880 S/B,,,7/17/2022 12:00:00 AM,A,N,100.0,HIGH ST,F,,D,7/17/2022 11:01:21 AM,7/17/2022 11:01:21 AM,False,True,4,,,,,,,
1818848,9370-2022-02012,1,False,9370,7/11/2022 4:15:00 PM,1615,052,14,109,Oakland,1,True,True,C,REAR END,,Monday,NotApplicable,False,,,False,True,True,ALAMEDA SUPERIOR COURT WILEY W. MANUEL COURTHOUSE,C,OTHER MOTOR VEHICLE,,0,0,CLEAR,,NO UNUSUAL CONDITIONS,,A,DAYLIGHT,37.755017,-122.149707,,,,,A,NO PEDESTRIANS INVOLVED,7/11/2022 4:15:00 PM,A,VC 22350,False,1,I-580 W/B FROM GOLF LINKS ROAD,,,7/17/2022 12:00:00 AM,A,W,625.0,GOLF LINKS RD,F,,D,7/17/2022 9:46:24 AM,7/17/2022 9:46:24 AM,False,True,4,,,,,,,
1818841,9370-2022-01969,1,False,9370,7/7/2022 4:15:00 PM,1615,052,14,109,Oakland,1,True,True,C,REAR END,,Thursday,NotApplicable,False,,,False,True,True,ALAMEDA SUPERIOR COURT WILEY W. MANUEL COURTHOUSE,C,OTHER MOTOR VEHICLE,,0,0,CLEAR,,NO UNUSUAL CONDITIONS,,A,DAYLIGHT,37.783197,-122.177017,,,,,A,NO PEDESTRIANS INVOLVED,7/7/2022 4:15:00 PM,A,VC 22350,False,1,I-580 E/B,,,7/17/2022 12:00:00 AM,A,W,400.0,SR-13,F,,D,7/17/2022 8:59:49 AM,7/17/2022 8:59:49 AM,False,True,4,,,,,,,
1818834,9370-2022-01947,1,False,9370,7/5/2022 5:15:00 PM,1715,013,14,109,Oakland,1,True,True,B,SIDE SWIPE,,Tuesday,NotApplicable,False,,,False,True,False,ALAMEDA SUPERIOR COURT WILEY W. MANUEL COURTHOUSE,C,OTHER MOTOR VEHICLE,,0,0,CLEAR,,NO UNUSUAL CONDITIONS,,A,DAYLIGHT,37.78934,-122.181443,,,,,A,NO PEDESTRIANS INVOLVED,7/5/2022 5:15:00 PM,A,VC 21658(A),False,1,SR-13 S/B,,,7/17/2022 12:00:00 AM,A,N,2000.0,CALAVERAS AVENUE,F,,D,7/17/2022 7:45:53 AM,7/17/2022 7:45:53 AM,False,True,4,,,,,,,
1818832,9370-2022-01832,1,False,9370,6/25/2022 12:05:00 AM,5,024,14,109,Oakland,1,True,True,B,SIDE SWIPE,,Saturday,Yes,False,F,,False,True,False,ALAMEDA SUPERIOR COURT WILEY W. MANUEL COURTHOUSE,E,PARKED MOTOR VEHICLE,,0,0,CLEAR,,NO UNUSUAL CONDITIONS,,D,DARK-NO STREET LIGHTS,37.8535,-122.221386,,,,,A,NO PEDESTRIANS INVOLVED,6/25/2022 12:05:00 AM,A,VC 23152(F),True,1,SR-24 E/B,,,7/17/2022 12:00:00 AM,A,W,1400.0,CALDECOTT TUNNEL WEST EDGE BORE #2,F,,D,7/17/2022 7:43:00 AM,7/17/2022 7:43:00 AM,False,True,4,,,,,,,
1818830,9370-2022-01755,1,False,9370,6/19/2022 1:30:00 AM,130,052,14,109,Oakland,1,True,True,C,REAR END,,Sunday,NotApplicable,False,M,,False,True,False,Alameda Superior Court Wiley W. Manuel Courthouse,C,OTHER MOTOR VEHICLE,,0,0,RAINING,,NO UNUSUAL CONDITIONS,,D,DARK-NO STREET LIGHTS,37.777964,-122.167925,,,,,A,NO PEDESTRIANS INVOLVED,6/19/2022 1:30:00 AM,A,VC 21658(a),False,1,I-580 E/B,,,7/17/2022 12:00:00 AM,A,W,1200.0,EDWARDS AVE,F,,D,7/17/2022 7:20:27 AM,7/17/2022 7:20:27 AM,False,True,4,,,,,,,
1818827,9370-2022-01762,1,False,9370,6/17/2022 1:30:00 AM,130,053,14,109,Oakland,1,True,True,E,HIT OBJECT,,Friday,NotApplicable,False,F,,False,True,False,ALAMEDA SUPERIOR COURT WILEY W. MANUEL COURTHOUSE,I,FIXED OBJECT,DIRT/GRASS AREA,0,0,CLEAR,,NO UNUSUAL CONDITIONS,,On-Duty Emergency VehicleD,DARK-NO STREET LIGHTS,37.793658,-122.204537,,,,,A,NO PEDESTRIANS INVOLVED,6/17/2022 1:30:00 AM,B,UNSAFE OPERATION,,1,I-580 W/B,,,7/17/2022 12:00:00 AM,A,W,600.0,35TH AVE,F,,D,7/17/2022 6:49:13 AM,7/17/2022 6:49:13 AM,False,True,4,,,,,,,
1816488,9335-2022-01300,1,False,9335,7/13/2022 6:48:00 AM,648,082,14,109,Oakland,1,True,True,B,SIDE SWIPE,,Wednesday,NotApplicable,False,,,False,True,False,ALAMEDA SUPERIOR COURT GEORGE E. MCDONALD HALL OF JUSTICE,C,OTHER MOTOR VEHICLE,,0,0,CLEAR,,NO UNUSUAL CONDITIONS,,A,DAYLIGHT,37.824382,-122.315004,,,,,A,NO PEDESTRIANS INVOLVED,7/13/2022 6:48:00 AM,B,UNSAFE MERGE,,,I-80 W/B,,,7/13/2022 12:00:00 AM,A,W,340.0,SAN FRANCISCO BAY BRIDGE TOLL PLAZA TOLL BOOTH OVERHANG,F,,D,7/13/2022 4:43:11 PM,7/13/2022 4:43:11 PM,False,True,4,,,,,,,
1816415,9335-2022-01295,1,False,9335,7/12/2022 9:25:00 AM,925,082,14,109,Oakland,1,True,True,C,REAR END,,Tuesday,NotApplicable,False,,,False,True,False,ALAMEDA SUPERIOR COURT WILEY W. MANUEL COURTHOUSE,C,OTHER MOTOR VEHICLE,,0,0,CLEAR,,NO UNUSUAL CONDITIONS,,A,DAYLIGHT,37.824302,-122.317097,,,,,A,NO PEDESTRIANS INVOLVED,7/12/2022 9:25:00 AM,A,VC 22350,False,1,I-80 W/B,,,7/13/2022 12:00:00 AM,A,W,940.0,SFOBB TOLL PLAZA,F,,A,7/13/2022 3:15:03 PM,7/13/2022 3:15:03 PM,False,True,4,,,,,,,
1816209,9335-2022-01293,1,False,9335,7/12/2022 8:45:00 AM,845,082,14,109,Oakland,1,True,True,E,HIT OBJECT,,Tuesday,Yes,False,,,False,True,True,ALAMEDA SUPERIOR COURT WILEY W. MANUEL COURTHOUSE,J,OTHER OBJECT,SAND BARRELS,1,0,CLEAR,,NO UNUSUAL CONDITIONS,,A,DAYLIGHT,37.82339,-122.320383,,,,,A,NO PEDESTRIANS INVOLVED,7/12/2022 8:45:00 AM,C,,,,I-80 W/B,,,7/13/2022 12:00:00 AM,A,W,0.37,SFOBB TOLL PLAZA,M,,D,7/13/2022 11:55:49 AM,7/13/2022 11:55:49 AM,False,True,4,,,,,,,
1815532,9370-2022-01484,1,False,9370,5/24/2022 7:35:00 AM,735,008,14,109,Oakland,1,True,True,C,REAR END,,Tuesday,NotApplicable,False,,,False,True,False,ALAMEDA SUPERIOR COURT WILEY W. MANUEL COURTHOUSE,C,OTHER MOTOR VEHICLE,,0,0,CLEAR,,NO UNUSUAL CONDITIONS,,A,DAYLIGHT,37.825551,-122.304195,,,,,A,NO PEDESTRIANS INVOLVED,5/24/2022 7:35:00 AM,A,VC 22350,False,1,I-80 W/B,,,7/12/2022 12:00:00 AM,A,E,2750.0,SAN FRANCISCO-OAKLAND BAY BRIDGE TOLL PLAZA,F,,D,7/12/2022 6:35:24 PM,7/12/2022 6:35:24 PM,False,True,4,,,,,,,
1815530,9370-2022-00671,1,False,9370,3/12/2022 2:20:00 AM,220,008,14,109,Oakland,1,True,True,C,REAR END,,Saturday,Yes,False,,,False,True,True,ALAMEDA SUPERIOR COURT WILEY W. MANUEL COURTHOUSE,C,OTHER MOTOR VEHICLE,,4,1,CLEAR,,OTHER* - VEHICLE BLOCKING LANE,,FatalC,DARK-STREET LIGHTS,37.83078,-122.29382,,,,,A,NO PEDESTRIANS INVOLVED,3/12/2022 2:20:00 AM,A,VC 23152(A),True,1,I-80 WB TO I-580 EB / I-880 SB,,,7/12/2022 12:00:00 AM,A,W,3140.0,POWELL ST,F,,D,7/12/2022 6:24:43 PM,7/12/2022 6:24:43 PM,False,True,4,,,,,,,
1815519,9370-2022-00395,1,False,9370,2/14/2022 9:52:00 PM,2152,053,14,109,Oakland,1,True,True,G,VEHICLE/PEDESTRAIN,,Monday,Yes,False,,,False,True,True,ALAMEDA SUPERIOR COURT WILEY W. MANUEL COURTHOUSE,B,PEDESTRIAN,,0,1,CLEAR,,NO UNUSUAL CONDITIONS,,FatalD,DARK-NO STREET LIGHTS,37.803745,-122.232662,,,,,E,IN ROAD - INCLUDES SHOULDER,2/14/2022 9:52:00 PM,A,VC 21954(a),False,1,I-580 W/B,,,7/12/2022 12:00:00 AM,A,E,246.0,PARK BLVD,F,,D,7/12/2022 5:14:07 PM,7/12/2022 5:14:07 PM,False,True,4,,,,,,,
1815286,9370-2022-01769,1,False,9370,6/20/2022 9:45:00 AM,945,054,14,109,Oakland,1,True,True,B,SIDE SWIPE,,Monday,NotApplicable,False,M,,False,True,False,ALAMEDA SUPERIOR COURT WILEY W. MANUEL COURTHOUSE,C,OTHER MOTOR VEHICLE,,0,0,CLEAR,,NO UNUSUAL CONDITIONS,,A,DAYLIGHT,37.807415,-122.239257,,,,,A,NO PEDESTRIANS INVOLVED,6/20/2022 9:45:00 AM,A,VC 21658(A),False,1,I-580 W/B,,,7/12/2022 12:00:00 AM,A,W,2036.0,PARK BLVD,F,,D,7/12/2022 12:37:37 PM,7/12/2022 12:37:37 PM,False,True,4,,,,,,,
1815257,9370-2022-01765,1,False,9370,6/19/2022 9:40:00 PM,2140,055,14,109,Oakland,1,True,True,B,SIDE SWIPE,,Sunday,NotApplicable,False,,,False,True,False,ALAMEDA SUPERIOR COURT WILEY W. MANUEL COURTHOUSE,C,OTHER MOTOR VEHICLE,,0,0,CLEAR,,NO UNUSUAL CONDITIONS,,C,DARK-STREET LIGHTS,37.827041,-122.285512,,,,,A,NO PEDESTRIANS INVOLVED,6/19/2022 9:40:00 PM,A,VC 21658(A),False,1,I-580 W/B,,,7/12/2022 12:00:00 AM,A,W,275.0,HOLLIS STREET,F,,D,7/12/2022 12:07:15 PM,7/12/2022 12:07:15 PM,False,True,4,,,,,,,
1815228,9370-2022-01883,1,False,9370,6/29/2022 9:45:00 PM,2145,052,14,109,Oakland,1,True,True,E,HIT OBJECT,RAN OFF ROAD,Wednesday,Yes,False,M,,False,True,False,ALAMEDA SUPERIOR COURT WILEY W. MANUEL COURTHOUSE,I,FIXED OBJECT,TREES AND SHRUBBERY,0,0,CLEAR,,NO UNUSUAL CONDITIONS,,D,DARK-NO STREET LIGHTS,37.746249,-122.150191,,,,,A,NO PEDESTRIANS INVOLVED,6/29/2022 9:45:00 PM,A,VC 22107,False,1,I-580 E/B,,,7/12/2022 12:00:00 AM,A,W,1000.0,106TH AVE,F,,D,7/12/2022 11:36:53 AM,7/12/2022 11:36:53 AM,False,True,4,,,,,,,
1815057,9370-2022-01871,1,False,9370,6/29/2022 2:30:00 AM,230,176,14,109,Oakland,1,True,True,C,REAR END,,Wednesday,NotApplicable,False,M,,False,True,False,ALAMEDA SUPERIOR COURT WILEY W. MANUEL COURTHOUSE,C,OTHER MOTOR VEHICLE,,0,0,CLEAR,,NO UNUSUAL CONDITIONS,,C,DARK-STREET LIGHTS,37.76433,-122.21698,,,,,A,NO PEDESTRIANS INVOLVED,6/29/2022 2:30:00 AM,A,VC 21651(A),False,1,I-880 N/B,,,7/12/2022 12:00:00 AM,A,S,1535.0,HIGH ST,F,,D,7/12/2022 9:22:13 AM,7/12/2022 9:22:13 AM,False,True,4,,,,,,,
1815036,9370-2022-01787,1,False,9370,6/18/2022 1:30:00 AM,130,176,14,109,Oakland,1,True,True,C,REAR END,,Saturday,Yes,False,M,,False,True,False,ALAMEDA SUPERIOR COURT WILEY W. MANUEL COURTHOUSE,C,OTHER MOTOR VEHICLE,,0,0,CLEAR,,NO UNUSUAL CONDITIONS,,D,DARK-NO STREET LIGHTS,37.732177,-122.189093,,,,,A,NO PEDESTRIANS INVOLVED,6/18/2022 1:30:00 AM,A,VC 22350,False,1,I-880 S/B,,,7/12/2022 12:00:00 AM,A,N,155.0,98TH AVENUE,F,,D,7/12/2022 9:09:56 AM,7/12/2022 9:09:56 AM,False,True,4,,,,,,,
1815029,9370-2022-01736,1,False,9370,6/16/2022 10:40:00 PM,2240,053,14,109,Oakland,1,True,True,C,REAR END,,Thursday,Yes,False,M,,False,True,False,ALAMEDA SUPERIOR COURT WILEY W. MANUEL COURTHOUSE,C,OTHER MOTOR VEHICLE,,0,0,CLEAR,,NO UNUSUAL CONDITIONS,,D,DARK-NO STREET LIGHTS,37.794802,-122.206547,,,,,A,NO PEDESTRIANS INVOLVED,6/16/2022 10:40:00 PM,C,,,,I-580 W/B,,,7/12/2022 12:00:00 AM,A,E,90.0,MAPLE AVE,F,,D,7/12/2022 9:06:43 AM,7/12/2022 9:06:43 AM,False,True,4,,,,,,,
1814989,9370-2022-01680,1,False,9370,6/10/2022 7:55:00 PM,1955,176,14,109,Oakland,1,True,True,E,HIT OBJECT,,Friday,NotApplicable,False,M,,False,True,True,ALAMEDA SUPERIOR COURT WILEY W. MANUEL COURTHOUSE,I,FIXED OBJECT,METAL GUARD RAIL,0,0,CLEAR,,NO UNUSUAL CONDITIONS,,A,DAYLIGHT,37.754169,-122.208625,,,,,A,NO PEDESTRIANS INVOLVED,6/10/2022 7:55:00 PM,A,VC 22107,False,1,I-880 S/B FROM 66TH AVENUE,,,7/12/2022 12:00:00 AM,A,N,112.0,66TH AVE,F,,D,7/12/2022 8:38:16 AM,7/12/2022 8:38:16 AM,False,True,4,,,,,,,
1814945,9370-2022-01229,1,False,9370,4/29/2022 11:43:00 PM,2343,176,14,109,Oakland,1,True,True,B,SIDE SWIPE,,Friday,Yes,False,,,False,True,False,Alameda Superior Court Wiley W. Manuel Courthouse,C,OTHER MOTOR VEHICLE,,0,0,CLEAR,,NO UNUSUAL CONDITIONS,,C,DARK-STREET LIGHTS,37.753458,-122.20804,,,,,A,NO PEDESTRIANS INVOLVED,4/29/2022 11:43:00 PM,A,VC 23152(a),True,2,I-880 S/B FROM 66TH AVENUE,,,7/12/2022 12:00:00 AM,A,S,135.0,66TH AVE,F,,D,7/12/2022 7:46:25 AM,7/12/2022 7:46:25 AM,False,True,4,,,,,,,
1814914,9370-2022-00718,1,False,9370,3/15/2022 1:05:00 PM,1305,053,14,109,Oakland,1,True,True,C,REAR END,,Tuesday,Yes,True,,,False,True,True,ALAMEDA SUPERIOR COURT WILEY W. MANUEL COURTHOUSE,E,PARKED MOTOR VEHICLE,,0,1,CLEAR,,NO UNUSUAL CONDITIONS,,FatalA,DAYLIGHT,37.48234,-122.133643,,,,,A,NO PEDESTRIANS INVOLVED,3/15/2022 1:05:00 PM,A,VC 22350,False,1,I-580 E/B,,,7/12/2022 12:00:00 AM,A,W,3.0,14TH AVENUE,F,,D,7/12/2022 6:54:07 AM,7/12/2022 6:54:07 AM,False,True,4,,,,,,,
1814442,9335-2022-01240,1,False,9335,7/2/2022 10:10:00 PM,2210,082,14,109,Oakland,1,True,True,B,SIDE SWIPE,,Saturday,Yes,False,,,False,True,True,ALAMEDA SUPERIOR COURT WILEY W. MANUEL COURTHOUSE,C,OTHER MOTOR VEHICLE,,0,0,CLOUDY,,NO UNUSUAL CONDITIONS,,C,DARK-STREET LIGHTS,37.82093,-122.338111,,,,,A,NO PEDESTRIANS INVOLVED,7/2/2022 10:10:00 PM,A,VC 23152(a),False,1,I-80 W/B,,,7/11/2022 12:00:00 AM,B,W,6124.0,SFOBB TOLL PLAZA METERING LIGHTS,F,,D,7/11/2022 1:31:51 PM,7/11/2022 1:31:51 PM,False,True,4,,,,,,,
1814423,9370-2022-01754,1,False,9370,6/18/2022 7:00:00 PM,1900,055,14,109,Oakland,1,True,True,B,SIDE SWIPE,,Saturday,NotApplicable,False,M,,False,True,False,Alameda Superior Court Wiley W. Manuel Courthouse,C,OTHER MOTOR VEHICLE,,0,0,CLEAR,,NO UNUSUAL CONDITIONS,,A,DAYLIGHT,37.827183,-122.284905,,,,,A,NO PEDESTRIANS INVOLVED,6/18/2022 7:00:00 PM,A,VC 21658(A),False,1,I-580 W/B,,,7/11/2022 12:00:00 AM,A,W,100.0,HOLLIS ST,F,,D,7/11/2022 1:10:30 PM,7/11/2022 1:10:30 PM,False,True,4,,,,,,,
1814341,9370-2022-01753,1,False,9370,6/18/2022 5:35:00 PM,1735,055,14,109,Oakland,1,True,True,C,REAR END,,Saturday,NotApplicable,False,,,False,True,False,Alameda Superior Court Wiley W. Manuel Courthouse,C,OTHER MOTOR VEHICLE,,0,0,CLEAR,,NO UNUSUAL CONDITIONS,,A,DAYLIGHT,37.826344,-122.276207,,,,,A,NO PEDESTRIANS INVOLVED,6/18/2022 5:35:00 PM,A,VC 22350,False,1,I-580 E/B,,,7/11/2022 12:00:00 AM,A,W,640.0,MARKET STREET,F,,D,7/11/2022 12:25:18 PM,7/11/2022 12:25:18 PM,False,True,4,,,,,,,
1814306,9370-2022-01921,1,False,9370,6/18/2022 3:26:00 AM,326,176,14,109,Oakland,1,True,True,E,HIT OBJECT,,Saturday,NotApplicable,False,M,,False,True,False,ALAMEDA SUPERIOR COURT WILEY W. MANUEL COURTHOUSE,I,FIXED OBJECT,GUARD RAIL,0,0,CLEAR,,NO UNUSUAL CONDITIONS,,C,DARK-STREET LIGHTS,37.754518,-122.207922,,,,,A,NO PEDESTRIANS INVOLVED,6/18/2022 3:26:00 AM,A,VC 22107,False,1,I-880 N/B FROM 66TH AVENUE,,,7/11/2022 12:00:00 AM,A,N,130.0,66TH AVE,F,,D,7/11/2022 12:07:03 PM,7/11/2022 12:07:03 PM,False,True,4,,,,,,,
1814157,9370-2022-01743,1,False,9370,6/17/2022 3:00:00 PM,1500,052,14,109,Oakland,1,True,True,C,REAR END,,Friday,NotApplicable,False,,,False,True,False,ALAMEDA SUPERIOR COURT WILEY W. MANUEL COURTHOUSE,C,OTHER MOTOR VEHICLE,,0,0,CLEAR,,NO UNUSUAL CONDITIONS,,A,DAYLIGHT,37.756923,-122.148533,,,,,A,NO PEDESTRIANS INVOLVED,6/17/2022 3:00:00 PM,A,VC 22350,False,1,I-580 E/B,,,7/11/2022 12:00:00 AM,A,W,1320.0,GOLF LINKS RD,F,,D,7/11/2022 10:11:36 AM,7/11/2022 10:11:36 AM,False,True,4,,,,,,,
1814021,9370-2022-01741,1,False,9370,6/17/2022 9:24:00 AM,924,054,14,109,Oakland,1,True,True,B,SIDE SWIPE,,Friday,NotApplicable,False,M,,False,True,True,ALAMEDA SUPERIOR COURT WILEY W. MANUEL COURTHOUSE,C,OTHER MOTOR VEHICLE,,1,0,CLEAR,,NO UNUSUAL CONDITIONS,,A,DAYLIGHT,37.809766,-122.246644,,,,,A,NO PEDESTRIANS INVOLVED,6/17/2022 9:24:00 AM,A,VC 21750,False,1,I-580 E/B,,,7/11/2022 12:00:00 AM,A,W,4200.0,PARK BLVD,F,,D,7/11/2022 8:19:47 AM,7/11/2022 8:19:47 AM,False,True,4,,,,,,,
1813968,9370-2022-01733,1,False,9370,6/17/2022 12:30:00 AM,30,082,14,109,Oakland,1,True,True,E,HIT OBJECT,,Friday,NotApplicable,False,,,False,True,True,Alameda Superior Court Wiley W. Manuel Courthouse,I,FIXED OBJECT,CONCRETE BARRIER,1,0,CLEAR,,NO UNUSUAL CONDITIONS,,C,DARK-STREET LIGHTS,37.94518,-122.32439,,,,,A,NO PEDESTRIANS INVOLVED,6/17/2022 12:30:00 AM,A,VC 22107,False,1,I-80 E/B,,,7/11/2022 12:00:00 AM,A,E,250.0,SOLANO AVE,F,,D,7/11/2022 7:26:37 AM,7/11/2022 7:26:37 AM,False,True,4,,,,,,,
1813891,9370-2022-01983,1,False,9370,7/8/2022 6:55:00 PM,1855,054,14,109,Oakland,1,True,True,B,SIDE SWIPE,,Friday,NotApplicable,False,M,,False,True,False,ALAMEDA SUPERIOR COURT WILEY W. MANUEL COURTHOUSE,C,OTHER MOTOR VEHICLE,,0,0,CLEAR,,NO UNUSUAL CONDITIONS,,A,DAYLIGHT,37.807569,-122.240202,,,,,A,NO PEDESTRIANS INVOLVED,7/8/2022 6:55:00 PM,A,VC 21658(A),False,1,I-580 E/B,,,7/11/2022 12:00:00 AM,A,W,2265.0,PARK BLVD,F,,D,7/11/2022 6:08:06 AM,7/11/2022 6:08:06 AM,False,True,4,,,,,,,
1813886,9370-2022-01996,1,False,9370,7/10/2022 2:40:00 PM,1440,024,14,109,Oakland,1,True,True,E,HIT OBJECT,,Sunday,NotApplicable,False,M,,False,True,False,ALAMEDA SUPERIOR COURT WILEY W. MANUEL COURTHOUSE,I,FIXED OBJECT,METAL GAURD RAIL,0,0,CLEAR,,NO UNUSUAL CONDITIONS,,A,DAYLIGHT,37.849093,-122.22772,,,,,A,NO PEDESTRIANS INVOLVED,7/10/2022 2:40:00 PM,A,VC 22107,False,1,SR-24 W/B,,,7/11/2022 12:00:00 AM,A,W,1445.0,KAY ROAD,F,,D,7/11/2022 5:50:38 AM,7/11/2022 5:50:38 AM,False,True,4,,,,,,,
1813881,9370-2022-01991,1,False,9370,7/9/2022 8:45:00 PM,2045,177,14,109,Oakland,1,True,True,E,HIT OBJECT,,Saturday,NotApplicable,False,,,False,True,True,ALAMEDA SUPERIOR COURT WILEY W. MANUEL COURTHOUSE,C,OTHER MOTOR VEHICLE,,0,0,CLEAR,,NO UNUSUAL CONDITIONS,,B,DUSK-DAWN,37.796059,-122.268003,,,,,A,NO PEDESTRIANS INVOLVED,7/9/2022 8:45:00 PM,A,VC 22107,False,1,I-880 N/B TO BROADWAY,,,7/11/2022 12:00:00 AM,A,N,30.0,MADISON ST,F,,D,7/11/2022 5:26:14 AM,7/11/2022 5:26:14 AM,False,True,4,,,,,,,
1813880,9370-2022-01997,1,False,9370,7/10/2022 4:05:00 PM,1605,025,14,109,Oakland,1,True,True,C,REAR END,,Sunday,Yes,False,,,False,True,True,ALAMEDA SUPERIOR COURT WILEY W. MANUEL COURTHOUSE,C,OTHER MOTOR VEHICLE,,2,0,CLEAR,,NO UNUSUAL CONDITIONS,,A,DAYLIGHT,37.833959,-122.266579,,,,,A,NO PEDESTRIANS INVOLVED,7/10/2022 4:05:00 PM,A,VC 22350,False,1,SR-24 W/B FROM 52ND STREET,,,7/11/2022 12:00:00 AM,A,W,1330.0,52ND ST,F,,D,7/11/2022 5:18:24 AM,7/11/2022 5:18:24 AM,False,True,4,,,,,,,
1813879,9370-2022-01834,1,False,9370,6/25/2022 4:45:00 PM,1645,055,14,109,Oakland,1,True,True,C,REAR END,,Saturday,NotApplicable,False,M,,False,True,False,ALAMEDA SUPERIOR COURT WILEY W. MANUEL COURTHOUSE,C,OTHER MOTOR VEHICLE,,0,0,CLEAR,,NO UNUSUAL CONDITIONS,,A,DAYLIGHT,37.827352,-122.284763,,,,,A,NO PEDESTRIANS INVOLVED,6/25/2022 4:45:00 PM,A,VC 22350,False,1,I-580 W/B,,,7/11/2022 12:00:00 AM,A,W,20.0,HOLLIS ST,F,,D,7/11/2022 4:55:05 AM,7/11/2022 4:55:05 AM,False,True,4,,,,,,,
1813711,9370-2022-01889,1,False,9370,6/30/2022 6:35:00 AM,635,055,14,109,Oakland,1,True,True,E,HIT OBJECT,,Thursday,NotApplicable,False,,,False,True,True,ALAMEDA SUPERIOR COURT WILEY W. MANUEL COURTHOUSE,I,FIXED OBJECT,CONCRETE WALL,0,0,CLEAR,,NO UNUSUAL CONDITIONS,,A,DAYLIGHT,37.826755,-122.286784,,,,,A,NO PEDESTRIANS INVOLVED,6/30/2022 6:35:00 AM,A,VC 22107,False,1,I-580 W/B,,,7/10/2022 12:00:00 AM,A,W,715.0,HOLLIS STREET,F,,D,7/10/2022 11:01:59 AM,7/10/2022 11:01:59 AM,False,True,4,,,,,,,
1813704,9370-2022-01761,1,False,9370,6/19/2022 4:05:00 PM,1605,176,14,109,Oakland,1,True,True,C,REAR END,,Sunday,NotApplicable,False,,,False,True,False,ALAMEDA SUPERIOR COURT WILEY W. MANUEL COURTHOUSE,C,OTHER MOTOR VEHICLE,,1,0,CLEAR,,NO UNUSUAL CONDITIONS,,A,DAYLIGHT,37.771824,-122.224059,,,,,A,NO PEDESTRIANS INVOLVED,6/19/2022 4:05:00 PM,A,VC 22350,False,3,I-880 S/B,,,7/10/2022 12:00:00 AM,A,N,1680.0,HIGH STREET,F,,D,7/10/2022 8:55:06 AM,7/10/2022 8:55:06 AM,False,True,4,,,,,,,
1813702,9370-2022-01789,1,False,9370,6/16/2022 10:42:00 PM,2242,053,14,109,Oakland,1,True,True,C,REAR END,,Thursday,NotApplicable,False,M,,False,True,False,ALAMEDA SUPERIOR COURT WILEY W. MANUEL COURTHOUSE,C,OTHER MOTOR VEHICLE,,0,0,CLEAR,,NO UNUSUAL CONDITIONS,,D,DARK-NO STREET LIGHTS,37.794802,-122.206547,,,,,A,NO PEDESTRIANS INVOLVED,6/16/2022 10:42:00 PM,A,VC 22350,False,1,I-580 W/B,,,7/10/2022 12:00:00 AM,A,E,210.0,MAPLE AVE,F,,D,7/10/2022 8:43:40 AM,7/10/2022 8:43:40 AM,False,True,4,,,,,,,
1813700,9370-2022-01735,1,False,9370,6/16/2022 10:42:00 PM,2242,053,14,109,Oakland,1,True,True,B,SIDE SWIPE,,Thursday,NotApplicable,False,M,,False,True,False,ALAMEDA SUPERIOR COURT WILEY W. MANUEL COURTHOUSE,C,OTHER MOTOR VEHICLE,,0,0,CLEAR,,NO UNUSUAL CONDITIONS,,C,DARK-STREET LIGHTS,37.795004,-122.207019,,,,,A,NO PEDESTRIANS INVOLVED,6/16/2022 10:42:00 PM,A,VC 21658(A),False,1,I-580 W/B,,,7/10/2022 12:00:00 AM,A,E,50.0,MAPLE AVE,F,,D,7/10/2022 8:33:22 AM,7/10/2022 8:33:22 AM,False,True,4,,,,,,,