collision-id,report-number,report-version,is-preliminary,ncic-code,crash-date-time,crash-time-description,beat,city-id,city-code,city-name,county-code,city-is-active,city-is-incorporated,collision-type-code,collision-type-description,collision-type-other-desc,day-of-week,dispatch-notified,has-photographs,hit-run,is-attachments-mailed,is-deleted,is-highway-related,is-tow-away,judicial-district,motor-vehicle-involved-with-code,motor-vehicle-involved-with-desc,motor-vehicle-involved-with-other-desc,number-injured,number-killed,weather-1,weather-2,road-condition-1,road-condition-2,special-condition-lighting-code,lighting-description,latitude,longitude,milepost-direction,milepost-distance,milepost-marker,milepost-unit-of-measure,pedestrian-action-code,pedestrian-action-desc,prepared-date,primary-collision-factor-code,primary-collision-factor-violation,primary-collision-factor-is-cited,primary-collision-party-number,primary-road,reporting-district,reporting-district-code,reviewed-date,roadway-surface-code,secondary-direction,secondary-distance,secondary-road,secondary-unit-of-measure,sketch-desc,traffic-control-device-code,created-date,modified-date,is-county-road,is-freeway,chp-555-version,is-additonal-object-struck,notification-date,notification-time-description,has-digital-media-files,evidence-number,is-location-refer-to-narrative,is-aoi-one-same-as-location
1829011,9370-2022-01826,1,False,9370,6/25/2022 10:05:00 AM,1005,177,14,109,Oakland,1,True,True,C,REAR END,,Saturday,NotApplicable,False,M,,False,True,False,ALAMEDA SUPERIOR COURT WILEY W. MANUEL COURTHOUSE,C,OTHER MOTOR VEHICLE,,0,0,CLEAR,,NO UNUSUAL CONDITIONS,,A,DAYLIGHT,37.788823,-122.252005,,,,,A,NO PEDESTRIANS INVOLVED,6/25/2022 10:05:00 AM,A,VC 22350,False,1,I-880 N/B,,,7/29/2022 12:00:00 AM,A,S,2360.0,5TH AVE,F,,D,7/29/2022 1:09:29 PM,7/29/2022 1:09:29 PM,False,True,4,,,,,,,
1828953,9370-2022-01821,1,False,9370,6/24/2022 6:30:00 PM,1830,176,14,109,Oakland,1,True,True,B,SIDE SWIPE,,Friday,NotApplicable,False,M,,False,True,False,ALAMEDA SUPERIOR COURT WILEY W. MANUEL COURTHOUSE,C,OTHER MOTOR VEHICLE,,1,0,CLEAR,,NO UNUSUAL CONDITIONS,,A,DAYLIGHT,37.736644,-122.192631,,,,,A,NO PEDESTRIANS INVOLVED,6/24/2022 6:30:00 PM,A,VC 21658(a),False,1,I-880 N/B,,,7/29/2022 12:00:00 AM,A,S,1760.0,HEGENBERGER RD,F,,D,7/29/2022 12:02:31 PM,7/29/2022 12:02:31 PM,False,True,4,,,,,,,
1828935,9370-2022-01777,1,False,9370,6/13/2022 1:00:00 AM,100,055,14,109,Oakland,1,True,True,E,HIT OBJECT,,Monday,Yes,False,,,False,True,True,ALAMEDA SUPERIOR COURT WILEY W. MANUEL COURTHOUSE,I,FIXED OBJECT,CONCRETE BARRIER,0,0,CLEAR,,NO UNUSUAL CONDITIONS,,D,DARK-NO STREET LIGHTS,37.827355,-122.284186,,,,,A,NO PEDESTRIANS INVOLVED,6/13/2022 1:00:00 AM,A,VC 23152(a),False,1,I-580 W/B,,,7/29/2022 12:00:00 AM,A,E,70.0,HOLLIS ST,F,,D,7/29/2022 11:43:45 AM,7/29/2022 11:43:45 AM,False,True,4,,,,,,,
1828930,9370-2022-02150,1,False,9370,7/24/2022 12:00:00 AM,2500,176,14,109,Oakland,1,True,True,E,HIT OBJECT,,Sunday,NotApplicable,False,M,,False,True,True,ALAMEDA SUPERIOR COURT WILEY W. MANUEL COURTHOUSE,I,FIXED OBJECT,YELLOW BARRELLS,0,0,CLEAR,,NO UNUSUAL CONDITIONS,,D,DARK-NO STREET LIGHTS,37.771109,-122.223204,,,,,A,NO PEDESTRIANS INVOLVED,7/24/2022 12:00:00 AM,A,VC 22107,False,1,I-880 S/B,,,7/29/2022 12:00:00 AM,A,N,800.0,42ND AVE,F,,D,7/29/2022 11:33:08 AM,7/29/2022 11:33:08 AM,False,True,4,,,,,,,
1828919,9370-2022-02140,1,False,9370,7/22/2022 3:55:00 PM,1555,008,14,109,Oakland,1,True,True,C,REAR END,,Friday,NotApplicable,False,,,False,True,False,ALAMEDA SUPERIOR COURT WILEY W. MANUEL COURTHOUSE,C,OTHER MOTOR VEHICLE,,0,0,CLEAR,,NO UNUSUAL CONDITIONS,,A,DAYLIGHT,37.82368,-122.314243,,,,,A,NO PEDESTRIANS INVOLVED,7/22/2022 3:55:00 PM,A,VC 22350,False,1,I-80 E/B,,,7/29/2022 12:00:00 AM,A,E,500.0,SFOBB TOLL PLAZA,F,,D,7/29/2022 11:22:24 AM,7/29/2022 11:22:24 AM,False,True,4,,,,,,,
1828808,9370-2022-02120,1,False,9370,7/21/2022 8:35:00 AM,835,008,14,109,Oakland,1,True,True,C,REAR END,,Thursday,NotApplicable,False,M,,False,True,True,Alameda Superior Court Wiley W. Manuel Courthouse,C,OTHER MOTOR VEHICLE,,0,0,CLEAR,,NO UNUSUAL CONDITIONS,,A,DAYLIGHT,37.836724,-122.296005,,,,,A,NO PEDESTRIANS INVOLVED,7/21/2022 8:35:00 AM,A,VC 22350,False,1,I-80 E/B,,,7/29/2022 12:00:00 AM,A,E,280.0,POWELL ST,F,,D,7/29/2022 9:22:53 AM,7/29/2022 9:22:53 AM,False,True,4,,,,,,,
1828724,9370-2022-02092,1,False,9370,7/19/2022 7:15:00 AM,715,008,14,109,Oakland,1,True,True,B,SIDE SWIPE,,Tuesday,NotApplicable,False,M,,False,True,False,ALAMEDA SUPERIOR COURT WILEY W. MANUEL COURTHOUSE,C,OTHER MOTOR VEHICLE,,0,0,CLEAR,,NO UNUSUAL CONDITIONS,,A,DAYLIGHT,37.825158,-122.313116,,,,,A,NO PEDESTRIANS INVOLVED,7/19/2022 7:15:00 AM,A,VC 21658(A),False,1,I-80 W/B,,,7/29/2022 12:00:00 AM,A,E,200.0,SAN FRANCISCO OAKLAND BAY BRIDGE TOLL PLAZA,F,,D,7/29/2022 8:06:16 AM,7/29/2022 8:06:16 AM,False,True,4,,,,,,,
1828718,9370-2022-02077,1,False,9370,7/17/2022 11:00:00 AM,1100,025,14,109,Oakland,1,True,True,C,REAR END,,Sunday,NotApplicable,False,,,False,True,True,Alameda Superior Court Wiley W. Manuel Courthouse,C,OTHER MOTOR VEHICLE,,0,0,CLEAR,,NO UNUSUAL CONDITIONS,,A,DAYLIGHT,37.822434,-122.268364,,,,,A,NO PEDESTRIANS INVOLVED,7/17/2022 11:00:00 AM,A,VC 22350,False,1,SR-24 W/B TO I-580 W/B,,,7/29/2022 12:00:00 AM,A,E,230.0,34TH STREET,F,,D,7/29/2022 7:58:23 AM,7/29/2022 7:58:23 AM,False,True,4,,,,,,,
1828714,9370-2022-02099,1,False,9370,7/19/2022 6:30:00 AM,630,025,14,109,Oakland,1,True,True,C,REAR END,,Tuesday,NotApplicable,False,M,,False,True,False,Alameda Superior Court Wiley W. Manuel Courthouse,C,OTHER MOTOR VEHICLE,,0,0,CLOUDY,,NO UNUSUAL CONDITIONS,,A,DAYLIGHT,37.828573,-122.26779,,,,,A,NO PEDESTRIANS INVOLVED,7/19/2022 6:30:00 AM,A,VC 22350,False,1,SR-24 W/B,,,7/29/2022 12:00:00 AM,A,E,500.0,MACARTHUR BLVD,F,,D,7/29/2022 7:52:01 AM,7/29/2022 7:52:01 AM,False,True,4,,,,,,,
1828661,9370-2022-02087,1,False,9370,7/18/2022 12:00:00 PM,1200,055,14,109,Oakland,1,True,True,C,REAR END,,Monday,NotApplicable,False,,,False,True,False,Alameda Superior Court Wiley W. Manuel Courthouse,C,OTHER MOTOR VEHICLE,,0,0,CLEAR,,NO UNUSUAL CONDITIONS,,A,DAYLIGHT,37.82733,-122.284726,,,,,A,NO PEDESTRIANS INVOLVED,7/18/2022 12:00:00 PM,A,VC 22350,False,1,I-580 W/B,,,7/29/2022 12:00:00 AM,A,W,50.0,HOLLIS ST,F,,D,7/29/2022 6:22:14 AM,7/29/2022 6:22:14 AM,False,True,4,,,,,,,
1828469,9335-2022-01333,2,False,9335,7/16/2022 5:55:00 PM,1755,084,14,109,Oakland,1,True,True,C,REAR END,,Saturday,NotApplicable,False,M,,False,True,False,Alameda Superior Court Alameda,C,OTHER MOTOR VEHICLE,,0,0,CLEAR,,NO UNUSUAL CONDITIONS,,A,DAYLIGHT,37.822414,-122.322151,,,,,A,NO PEDESTRIANS INVOLVED,7/16/2022 5:55:00 PM,A,VC 22350,False,1,I-80 EASTBOUND,,,10/31/2022 12:00:00 AM,A,W,1230.0,PHYSICAL GOREPOINT OF I-80 EASTBOUND TO SFOBB TOLL PLAZA,F,,D,7/28/2022 7:45:33 PM,10/31/2022 9:52:03 AM,False,True,4,,,,,,,
1826543,9370-2022-01820,1,False,9370,6/24/2022 3:40:00 PM,1540,008,14,109,Oakland,1,True,True,C,REAR END,,Friday,NotApplicable,False,,,False,True,False,ALAMEDA SUPERIOR COURT WILEY W. MANUEL COURTHOUSE,C,OTHER MOTOR VEHICLE,,2,0,CLEAR,,NO UNUSUAL CONDITIONS,,A,DAYLIGHT,37.824457,-122.309855,,,,,A,NO PEDESTRIANS INVOLVED,6/24/2022 3:40:00 PM,A,VC 22350,False,1,I-80 E/B,,,7/27/2022 12:00:00 AM,A,E,1070.0,SAN FRANCISO-OAKLAND BAY BRIDGE TOLL PLAZA,F,,D,7/27/2022 6:06:29 PM,7/27/2022 6:06:29 PM,False,True,4,,,,,,,
1826515,9370-2022-01811,1,False,9370,6/23/2022 5:38:00 PM,1738,054,14,109,Oakland,1,True,True,C,REAR END,,Thursday,NotApplicable,False,M,,False,True,False,ALAMEDA SUPERIOR COURT WILEY W. MANUEL COURTHOUSE,C,OTHER MOTOR VEHICLE,,0,0,CLEAR,,NO UNUSUAL CONDITIONS,,A,DAYLIGHT,37.809204,-122.244885,,,,,A,NO PEDESTRIANS INVOLVED,6/23/2022 5:38:00 PM,A,VC 22350,False,1,I-580 E/B,,,7/27/2022 12:00:00 AM,A,E,484.0,LAKESHORE AVENUE,F,,D,7/27/2022 4:40:50 PM,7/27/2022 4:40:50 PM,False,True,4,,,,,,,
1826129,9370-2022-01840,1,False,9370,6/26/2022 12:05:00 PM,1205,055,14,109,Oakland,1,True,True,B,SIDE SWIPE,,Sunday,NotApplicable,False,M,,False,True,False,ALAMEDA SUPERIOR COURT WILEY W. MANUEL COURTHOUSE,C,OTHER MOTOR VEHICLE,,0,0,CLEAR,,NO UNUSUAL CONDITIONS,,A,DAYLIGHT,37.824747,-122.271929,,,,,A,NO PEDESTRIANS INVOLVED,6/26/2022 12:05:00 PM,A,VC 22350,False,1,I-580 E/B FROM WEST ST,,,7/27/2022 12:00:00 AM,A,E,91.0,WEST ST,F,,D,7/27/2022 11:11:23 AM,7/27/2022 11:11:23 AM,False,True,4,,,,,,,
1825980,9370-2022-02016,2,False,9370,7/11/2022 8:15:00 PM,2015,177,14,109,Oakland,1,True,True,C,REAR END,,Monday,NotApplicable,False,,,False,True,False,ALAMEDA SUPERIOR COURT WILEY W. MANUEL COURTHOUSE,C,OTHER MOTOR VEHICLE,,0,0,CLEAR,,NO UNUSUAL CONDITIONS,,A,DAYLIGHT,37.788062,-122.250179,,,,,A,NO PEDESTRIANS INVOLVED,7/11/2022 8:15:00 PM,A,VC 22350,False,1,I-880 S/B,,,9/4/2022 12:00:00 AM,A,S,1745.0,16TH AVE,F,,D,7/27/2022 9:12:54 AM,9/4/2022 8:04:22 AM,False,True,4,,,,,,,
1825965,9370-2022-02059,1,False,9370,7/15/2022 8:15:00 PM,2015,178,14,109,Oakland,1,True,True,C,REAR END,,Friday,NotApplicable,False,,,False,True,False,ALAMEDA SUPERIOR COURT WILEY W. MANUEL COURTHOUSE,C,OTHER MOTOR VEHICLE,,0,0,CLEAR,,NO UNUSUAL CONDITIONS,,A,DAYLIGHT,37.802244,-122.293804,,,,,A,NO PEDESTRIANS INVOLVED,7/15/2022 8:15:00 PM,A,VC 22350,False,1,I-880 N/B,,,7/27/2022 12:00:00 AM,A,N,1520.0,ADELINE ST,F,,D,7/27/2022 9:04:54 AM,7/27/2022 9:04:54 AM,False,True,4,,,,,,,
1825823,9370-2022-02027,1,False,9370,7/12/2022 11:20:00 PM,2320,052,14,109,Oakland,1,True,True,B,SIDE SWIPE,,Tuesday,NotApplicable,False,M,,False,True,False,ALAMEDA SUPERIOR COURT WILEY W. MANUEL COURTHOUSE,C,OTHER MOTOR VEHICLE,CONCRETE BARRIER WALL,0,0,CLEAR,,NO UNUSUAL CONDITIONS,,D,DARK-NO STREET LIGHTS,37.78417,-122.18368,,,,,A,NO PEDESTRIANS INVOLVED,7/12/2022 11:20:00 PM,A,VC 21658(A),False,1,I-580 E/B,,,7/27/2022 12:00:00 AM,A,E,1132.0,BUELL ST,M,,D,7/27/2022 5:56:24 AM,7/27/2022 5:56:24 AM,False,True,4,True,,,,,,
1825630,9370-2022-01567,1,False,9370,6/4/2022 12:17:00 AM,17,013,14,109,Oakland,1,True,True,E,HIT OBJECT,,Saturday,NotApplicable,False,M,,False,True,True,ALAMEDA SUPERIOR COURT WILEY W. MANUEL COURTHOUSE,I,FIXED OBJECT,CONCRETE BARRIER,0,0,CLEAR,,NO UNUSUAL CONDITIONS,,D,DARK-NO STREET LIGHTS,37.846753,-122.227471,,,,,A,NO PEDESTRIANS INVOLVED,6/4/2022 12:17:00 AM,A,VC 21651(c),False,1,SR-13 N/B,,,7/26/2022 12:00:00 AM,A,S,500.0,BROADWAY,F,,D,7/26/2022 7:55:21 PM,7/26/2022 7:55:21 PM,False,True,4,,,,,,,
1825623,9370-2022-01993,1,False,9370,7/10/2022 1:05:00 AM,105,901,14,109,Oakland,1,True,True,D,BROADSIDE,,Sunday,NotApplicable,False,M,,False,True,False,ALAMEDA SUPERIOR COURT WILEY W. MANUEL COURTHOUSE,C,OTHER MOTOR VEHICLE,,0,0,CLEAR,,NO UNUSUAL CONDITIONS,,Courtesy ReportC,DARK-STREET LIGHTS,37.755049,-122.205429,,,,,A,NO PEDESTRIANS INVOLVED,7/10/2022 1:05:00 AM,A,VC 21453(A),False,1,COLSIEUM WAY,,,7/26/2022 12:00:00 AM,A,,,66TH AVENUE,,,A,7/26/2022 7:13:28 PM,7/26/2022 7:13:28 PM,False,True,4,,,,,,,
1825585,9370-2022-01687,1,False,9370,6/13/2022 1:08:00 AM,108,083,14,109,Oakland,1,True,True,C,REAR END,,Monday,NotApplicable,False,M,,False,True,False,ALAMEDA SUPERIOR COURT WILEY W. MANUEL COURTHOUSE,C,OTHER MOTOR VEHICLE,,0,0,CLEAR,,NO UNUSUAL CONDITIONS,,D,DARK-NO STREET LIGHTS,37.827358,-122.284219,,,,,A,NO PEDESTRIANS INVOLVED,6/13/2022 1:08:00 AM,C,,,,I-580 W/B,,,7/26/2022 12:00:00 AM,A,E,75.0,HOLLIS STREET,F,,D,7/26/2022 5:44:58 PM,7/26/2022 5:44:58 PM,False,True,4,,,,,,,
1825584,9370-2022-01686,1,False,9370,6/13/2022 1:10:00 AM,110,055,14,109,Oakland,1,True,True,C,REAR END,,Monday,NotApplicable,False,M,,False,True,False,ALAMEDA SUPERIOR COURT WILEY W. MANUEL COURTHOUSE,C,OTHER MOTOR VEHICLE,,0,0,CLEAR,,NO UNUSUAL CONDITIONS,,D,DARK-NO STREET LIGHTS,37.827334,-122.285093,,,,,A,NO PEDESTRIANS INVOLVED,6/13/2022 1:10:00 AM,A,VC 22350,False,1,I-580 W/B,,,7/26/2022 12:00:00 AM,A,W,65.0,HOLLIS STREET,F,,D,7/26/2022 5:43:16 PM,7/26/2022 5:43:16 PM,False,True,4,,,,,,,
1825580,9370-2022-01493,1,False,9370,5/25/2022 8:00:00 AM,800,055,14,109,Oakland,1,True,True,B,SIDE SWIPE,,Wednesday,NotApplicable,False,M,,False,True,False,ALAMEDA SUPERIOR COURT WILEY W. MANUEL COURTHOUSE,C,OTHER MOTOR VEHICLE,,0,0,CLEAR,,NO UNUSUAL CONDITIONS,,A,DAYLIGHT,37.82327,-122.26261,,,,,A,NO PEDESTRIANS INVOLVED,5/25/2022 8:00:00 AM,A,VC 22107,False,1,I-580 W/B TO I-980 W/B,,,7/26/2022 12:00:00 AM,A,W,135.0,WEBSTER ST,F,,D,7/26/2022 5:31:23 PM,7/26/2022 5:31:23 PM,False,True,4,,,,,,,
1825536,9370-2022-02046,1,False,9370,7/14/2022 5:05:00 PM,1705,054,14,109,Oakland,1,True,True,B,SIDE SWIPE,,Thursday,NotApplicable,False,,,False,True,False,ALAMEDA SUPERIOR COURT WILEY W. MANUEL COURTHOUSE,C,OTHER MOTOR VEHICLE,,0,0,CLEAR,,NO UNUSUAL CONDITIONS,,A,DAYLIGHT,37.82278,-122.262191,,,,,A,NO PEDESTRIANS INVOLVED,7/14/2022 5:05:00 PM,B,UNSAFE MERGE,,1,I-580 E/B,,,7/26/2022 12:00:00 AM,A,E,3000.0,WEST ST,F,,D,7/26/2022 4:23:07 PM,7/26/2022 4:23:07 PM,False,True,4,,,,,,,
1825434,9370-2022-02039,1,False,9370,7/14/2022 5:50:00 AM,550,052,14,109,Oakland,1,True,True,B,SIDE SWIPE,,Thursday,NotApplicable,False,M,,False,True,False,ALAMEDA SUPERIOR COURT WILEY W. MANUEL COURTHOUSE,C,OTHER MOTOR VEHICLE,,1,0,CLEAR,,NO UNUSUAL CONDITIONS,,A,DAYLIGHT,37.770752,-122.154807,,,,,A,NO PEDESTRIANS INVOLVED,7/14/2022 5:50:00 AM,A,VC 21658(A),False,1,I-580 E/B,,,7/26/2022 12:00:00 AM,A,E,700.0,KELLER AVE,F,,D,7/26/2022 2:45:28 PM,7/26/2022 2:45:28 PM,False,True,4,,,,,,,
1825352,9335-2022-01380,1,False,9335,7/25/2022 3:22:00 PM,1522,082,14,109,Oakland,1,True,True,B,SIDE SWIPE,,Monday,NotApplicable,False,M,,False,True,False,ALAMEDA SUPERIOR COURT ALAMEDA,C,OTHER MOTOR VEHICLE,,0,0,CLEAR,,NO UNUSUAL CONDITIONS,,A,DAYLIGHT,37.820428,-122.34083,,,,,A,NO PEDESTRIANS INVOLVED,7/25/2022 3:22:00 PM,A,VC 22107,False,1,I-80 W/B,,,7/26/2022 12:00:00 AM,A,E,1.5,YERBA BUENA ISLAND TUNNEL EAST EDGE,M,,D,7/26/2022 1:19:53 PM,7/26/2022 1:19:53 PM,False,True,4,,,,,,,
1824941,9370-2022-02093,1,False,9370,7/19/2022 7:13:00 AM,713,177,14,109,Oakland,1,True,True,C,REAR END,,Tuesday,NotApplicable,False,,,False,True,False,ALAMEDA SUPERIOR COURT WILEY W. MANUEL COURTHOUSE,C,OTHER MOTOR VEHICLE,,0,0,CLOUDY,,NO UNUSUAL CONDITIONS,,A,DAYLIGHT,37.785677,-122.2446,,,,,A,NO PEDESTRIANS INVOLVED,7/19/2022 7:13:00 AM,A,VC 22350,False,2,I-880 S/B,,,7/26/2022 12:00:00 AM,A,N,20.0,16TH AVE O/C,F,,D,7/26/2022 6:53:29 AM,7/26/2022 6:53:29 AM,False,True,4,,,,,,,
1824648,9370-2022-01810,1,False,9370,6/23/2022 1:50:00 PM,1350,176,14,109,Oakland,1,True,True,C,REAR END,,Thursday,NotApplicable,False,,,False,True,False,Alameda Superior Court Wiley W. Manuel Courthouse,C,OTHER MOTOR VEHICLE,,0,0,CLEAR,,NO UNUSUAL CONDITIONS,,A,DAYLIGHT,37.738945,-122.195179,,,,,A,NO PEDESTRIANS INVOLVED,6/23/2022 1:50:00 PM,A,VC 22350,False,1,I-880 S/B,,,7/25/2022 12:00:00 AM,A,S,550.0,HEGENBERGER RD,F,,D,7/25/2022 9:06:53 PM,7/25/2022 9:06:53 PM,False,True,4,,,,,,,
1824647,9370-2022-01801,3,False,9370,6/23/2022 4:50:00 AM,450,013,14,109,Oakland,1,True,True,E,HIT OBJECT,,Thursday,NotApplicable,False,,,False,True,False,Alameda Superior Court Wiley W. Manuel Courthouse,H,ANIMAL,DEER,0,0,CLEAR,,NO UNUSUAL CONDITIONS,,D,DARK-NO STREET LIGHTS,37.847987,-122.22765,,,,,A,NO PEDESTRIANS INVOLVED,6/23/2022 4:50:00 AM,C,,,1,SR-13 S/B,,,9/15/2022 12:00:00 AM,A,S,100.0,JOAQUIN MILLER ROAD,F,,D,7/25/2022 9:01:26 PM,9/16/2022 12:35:06 PM,False,True,4,,,,,,,
1824645,9370-2022-01805,1,False,9370,6/23/2022 8:08:00 AM,808,177,14,109,Oakland,1,True,True,C,REAR END,,Thursday,NotApplicable,False,M,,False,True,False,ALAMEDA SUPERIOR COURT WILEY W. MANUEL COURTHOUSE,C,OTHER MOTOR VEHICLE,,0,0,CLEAR,,NO UNUSUAL CONDITIONS,,A,DAYLIGHT,37.791165,-122.261199,,,,,A,NO PEDESTRIANS INVOLVED,6/23/2022 8:08:00 AM,A,VC 22350,False,2,I-880 S/B,,,7/25/2022 12:00:00 AM,A,N,300.0,5TH AVENUE,F,,D,7/25/2022 8:47:43 PM,7/25/2022 8:47:43 PM,False,True,4,,,,,,,
1824643,9370-2022-01800,1,False,9370,6/23/2022 2:04:00 AM,204,052,14,109,Oakland,1,True,True,E,HIT OBJECT,DIRT ENBANKMENT,Thursday,NotApplicable,False,,,False,True,True,ALAMEDA SUPERIOR COURT WILEY W. MANUEL COURTHOUSE,I,FIXED OBJECT,DIRT ENBANKMENT,1,0,CLEAR,,NO UNUSUAL CONDITIONS,,D,DARK-NO STREET LIGHTS,37.771597,-122.156915,,,,,A,NO PEDESTRIANS INVOLVED,6/23/2022 2:04:00 AM,A,VC 22107,False,1,I-580 E/B TO KELLER AVE,,,7/25/2022 12:00:00 AM,A,W,816.0,KELLER AVE,F,,D,7/25/2022 8:40:49 PM,7/25/2022 8:40:49 PM,False,True,4,,,,,,,
1824640,9370-2022-01783,1,False,9370,6/21/2022 3:55:00 PM,1555,177,14,109,Oakland,1,True,True,B,SIDE SWIPE,,Tuesday,NotApplicable,False,,,False,True,False,ALAMEDA SUPERIOR COURT BERKELEY COURTHOUSE,C,OTHER MOTOR VEHICLE,,0,0,CLEAR,,NO UNUSUAL CONDITIONS,,A,DAYLIGHT,37.790822,-122.260888,,,,,A,NO PEDESTRIANS INVOLVED,6/21/2022 3:55:00 PM,D,,,,I-880 S/B,,,7/25/2022 12:00:00 AM,A,N,280.0,5TH AVE,F,,D,7/25/2022 8:23:28 PM,7/25/2022 8:23:28 PM,False,True,4,,,,,,,
1824609,9335-2022-01327,1,False,9335,7/16/2022 2:30:00 PM,1430,082,14,109,Oakland,1,True,True,C,REAR END,,Saturday,NotApplicable,False,M,,False,True,False,ALAMEDA SUPERIOR COURT WILEY W. MANUEL COURTHOUSE,C,OTHER MOTOR VEHICLE,,0,0,CLEAR,,NO UNUSUAL CONDITIONS,,A,DAYLIGHT,37.82389,-122.31756,,,,,A,NO PEDESTRIANS INVOLVED,7/16/2022 2:30:00 PM,A,VC 22350,False,1,I-80 WESTBOUND,,,7/25/2022 12:00:00 AM,A,W,70.0,SFOBB METERING LIGHTS,F,,D,7/25/2022 4:54:54 PM,7/25/2022 4:54:54 PM,False,True,4,,,,,,,
1824375,9370-2022-01634,1,False,9370,6/9/2022 1:55:00 AM,155,013,14,109,Oakland,1,True,True,E,HIT OBJECT,,Thursday,NotApplicable,False,,,False,True,False,Alameda Superior Court Wiley W. Manuel Courthouse,H,ANIMAL,TURKEY,1,0,CLEAR,,NO UNUSUAL CONDITIONS,,C,DARK-STREET LIGHTS,37.81814,-122.20456,,,,,A,NO PEDESTRIANS INVOLVED,6/9/2022 1:55:00 AM,A,VC 22107,False,1,SR-13 S/B,,,7/25/2022 12:00:00 AM,A,S,900.0,PARK BLVD,F,,D,7/25/2022 12:39:27 PM,7/25/2022 12:39:27 PM,False,True,4,True,,,,,,
1823793,9370-2022-01788,1,False,9370,6/21/2022 2:59:00 PM,1459,055,14,109,Oakland,1,True,True,C,REAR END,,Tuesday,NotApplicable,False,,,False,True,False,ALAMEDA SUPERIOR COURT WILEY W. MANUEL COURTHOUSE,C,OTHER MOTOR VEHICLE,,2,0,CLEAR,,NO UNUSUAL CONDITIONS,,A,DAYLIGHT,37.81837,-122.253088,,,,,A,NO PEDESTRIANS INVOLVED,6/21/2022 2:59:00 PM,A,VC 22350,False,1,I-580 E/B,,,7/24/2022 12:00:00 AM,A,E,582.0,HARRISON ST,F,,D,7/24/2022 9:18:27 PM,7/24/2022 9:18:27 PM,False,True,4,,,,,,,
1823785,9370-2022-01790,1,False,9370,6/21/2022 11:47:00 PM,2347,054,14,109,Oakland,1,True,True,E,HIT OBJECT,,Tuesday,NotApplicable,False,,,False,True,False,ALAMEDA SUPERIOR COURT WILEY W. MANUEL COURTHOUSE,I,FIXED OBJECT,BUSH,0,0,CLEAR,,NO UNUSUAL CONDITIONS,,C,DARK-STREET LIGHTS,37.815123,-122.251558,,,,,A,NO PEDESTRIANS INVOLVED,6/21/2022 11:47:00 PM,A,VC 22107,False,1,I-580 E/B,,,7/24/2022 12:00:00 AM,A,W,1980.0,GRAND AVE,F,,D,7/24/2022 8:27:04 PM,7/24/2022 8:27:04 PM,False,True,4,,,,,,,
1823738,9370-2022-02045,1,False,9370,7/14/2022 4:15:00 PM,1615,054,14,109,Oakland,1,True,True,C,REAR END,,Thursday,NotApplicable,False,,,False,True,True,ALAMEDA SUPERIOR COURT WILEY W. MANUEL COURTHOUSE,C,OTHER MOTOR VEHICLE,,0,0,CLEAR,,NO UNUSUAL CONDITIONS,,A,DAYLIGHT,37.80831,-122.242049,,,,,A,NO PEDESTRIANS INVOLVED,7/14/2022 4:15:00 PM,A,VC 22350,False,1,I-580 E/B,,,7/24/2022 12:00:00 AM,A,E,1411.0,LAKESHORE AVE,F,,A,7/24/2022 1:54:06 PM,7/24/2022 1:54:06 PM,False,True,4,,,,,,,
1823702,9370-2022-02089,1,False,9370,7/14/2022 7:25:00 PM,1925,176,14,109,Oakland,1,True,True,C,REAR END,,Thursday,NotApplicable,False,,,False,True,False,ALAMEDA SUPERIOR COURT WILEY W. MANUEL COURTHOUSE,C,OTHER MOTOR VEHICLE,,0,0,CLEAR,,NO UNUSUAL CONDITIONS,,A,DAYLIGHT,37.733389,-122.190195,,,,,A,NO PEDESTRIANS INVOLVED,7/14/2022 7:25:00 PM,A,VC 22350,False,1,I-880 S/B,,,7/24/2022 12:00:00 AM,A,N,700.0,98TH AVENUE,F,,D,7/24/2022 9:39:40 AM,7/24/2022 9:39:40 AM,False,True,4,,,,,,,
1823699,9370-2022-02042,1,False,9370,7/14/2022 3:33:00 PM,1533,008,14,109,Oakland,1,True,True,B,SIDE SWIPE,,Thursday,NotApplicable,False,,,False,True,False,ALAMEDA SUPERIOR COURT WILEY W. MANUEL COURTHOUSE,C,OTHER MOTOR VEHICLE,,1,0,CLEAR,,NO UNUSUAL CONDITIONS,,A,DAYLIGHT,37.832919,-122.294528,,,,,A,NO PEDESTRIANS INVOLVED,7/14/2022 3:33:00 PM,A,VC 21658(A),False,1,I-80 W/B,,,7/24/2022 12:00:00 AM,A,W,980.0,POWELL ST,F,,D,7/24/2022 9:31:42 AM,7/24/2022 9:31:42 AM,False,True,4,,,,,,,