collision-id,report-number,report-version,is-preliminary,ncic-code,crash-date-time,crash-time-description,beat,city-id,city-code,city-name,county-code,city-is-active,city-is-incorporated,collision-type-code,collision-type-description,collision-type-other-desc,day-of-week,dispatch-notified,has-photographs,hit-run,is-attachments-mailed,is-deleted,is-highway-related,is-tow-away,judicial-district,motor-vehicle-involved-with-code,motor-vehicle-involved-with-desc,motor-vehicle-involved-with-other-desc,number-injured,number-killed,weather-1,weather-2,road-condition-1,road-condition-2,special-condition-lighting-code,lighting-description,latitude,longitude,milepost-direction,milepost-distance,milepost-marker,milepost-unit-of-measure,pedestrian-action-code,pedestrian-action-desc,prepared-date,primary-collision-factor-code,primary-collision-factor-violation,primary-collision-factor-is-cited,primary-collision-party-number,primary-road,reporting-district,reporting-district-code,reviewed-date,roadway-surface-code,secondary-direction,secondary-distance,secondary-road,secondary-unit-of-measure,sketch-desc,traffic-control-device-code,created-date,modified-date,is-county-road,is-freeway,chp-555-version,is-additonal-object-struck,notification-date,notification-time-description,has-digital-media-files,evidence-number,is-location-refer-to-narrative,is-aoi-one-same-as-location
1919542,9370-2022-03028,1,False,9370,10/9/2022 1:14:00 AM,114,054,14,109,Oakland,1,True,True,B,SIDE SWIPE,,Sunday,NotApplicable,False,,,False,True,True,ALAMEDA SUPERIOR COURT WILEY W. MANUEL COURTHOUSE,C,OTHER MOTOR VEHICLE,,0,0,CLEAR,,NO UNUSUAL CONDITIONS,,C,DARK-STREET LIGHTS,37.812384,-122.250397,,,,,A,NO PEDESTRIANS INVOLVED,10/9/2022 1:14:00 AM,A,VC 23152(a),True,1,I-580 W/B,,,11/16/2022 2:55:23 PM,A,W,850.0,GRAND AVENUE,F,,D,11/16/2022 2:58:17 PM,11/16/2022 2:58:17 PM,False,True,4,,,,False,,,
1919525,9370-2022-02712,1,False,9370,9/11/2022 12:10:00 AM,10,008,14,109,Oakland,1,True,True,E,HIT OBJECT,,Sunday,Yes,False,M,,False,True,False,ALAMEDA SUPERIOR COURT WILEY W. MANUEL COURTHOUSE,I,FIXED OBJECT,CONCRETE WALL,0,0,CLEAR,,NO UNUSUAL CONDITIONS,,C,DARK-STREET LIGHTS,37.82466,-122.30881,,,,,A,NO PEDESTRIANS INVOLVED,9/11/2022 12:10:00 AM,A,VC 23152(a),True,1,I-80 E/B,,,11/16/2022 2:33:44 PM,A,E,150.0,W GRAND OVERCROSSING,F,,D,11/16/2022 2:33:48 PM,11/16/2022 2:33:48 PM,False,True,4,,,,False,,,
1919224,9370-2022-03443,1,False,9370,11/9/2022 8:20:00 PM,2020,177,14,109,Oakland,1,True,True,B,SIDE SWIPE,,Wednesday,NotApplicable,False,,,False,True,True,ALAMEDA SUPERIOR COURT WILEY W. MANUEL COURTHOUSE,C,OTHER MOTOR VEHICLE,,0,0,CLEAR,,NO UNUSUAL CONDITIONS,,D,DARK-NO STREET LIGHTS,37.786495,-122.245655,,,,,A,NO PEDESTRIANS INVOLVED,11/9/2022 8:20:00 PM,A,VC 21658(a),False,1,I-880 N/B,,,11/16/2022 10:39:21 AM,A,N,300.0,16TH AVE,F,,D,11/16/2022 10:39:25 AM,11/16/2022 10:39:25 AM,False,True,4,,11/9/2022 8:40:00 PM,2040,False,,,True
1918989,9370-2022-02725,1,False,9370,9/12/2022 10:20:00 PM,2220,052,14,109,Oakland,1,True,True,C,REAR END,,Monday,NotApplicable,False,M,,False,True,False,ALAMEDA SUPERIOR COURT WILEY W. MANUEL COURTHOUSE,C,OTHER MOTOR VEHICLE,,0,0,CLEAR,,NO UNUSUAL CONDITIONS,,C,DARK-STREET LIGHTS,37.781561,-122.17434,,,,,A,NO PEDESTRIANS INVOLVED,9/12/2022 10:20:00 PM,A,VC 22350,False,1,I-580 W/B,,,11/16/2022 7:29:19 AM,A,W,200.0,KUHNLE,F,,D,11/16/2022 7:29:21 AM,11/16/2022 7:29:21 AM,False,True,4,,,,False,,,
1918973,9370-2022-02594,1,False,9370,9/3/2022 7:35:00 AM,735,054,14,109,Oakland,1,True,True,C,REAR END,,Saturday,NotApplicable,False,,,False,True,True,ALAMEDA SUPERIOR COURT WILEY W. MANUEL COURTHOUSE,C,OTHER MOTOR VEHICLE,,0,0,CLEAR,,NO UNUSUAL CONDITIONS,,A,DAYLIGHT,37.809527,-122.245988,,,,,A,NO PEDESTRIANS INVOLVED,9/3/2022 7:35:00 AM,A,VC 21658(A),False,1,I-580 E/B,,,11/16/2022 7:14:17 AM,A,E,130.0,LAKESHORE AVE,F,,D,11/16/2022 7:14:19 AM,11/16/2022 7:14:19 AM,False,True,4,,,,False,,,
1918969,9370-2022-03406,1,False,9370,11/7/2022 2:40:00 PM,1440,052,14,109,Oakland,1,True,True,B,SIDE SWIPE,,Monday,NotApplicable,False,M,,False,True,True,ALAMEDA SUPERIOR COURT WILEY W. MANUEL COURTHOUSE,I,FIXED OBJECT,CONCRETE WALL,0,0,CLEAR,,NO UNUSUAL CONDITIONS,,A,DAYLIGHT,37.759438,-122.147932,,,,,A,NO PEDESTRIANS INVOLVED,11/7/2022 2:40:00 PM,A,VC 21658(a),False,1,I-580 E/B,,,11/16/2022 7:11:22 AM,A,W,290.0,TWIN OAKS WAY,F,,D,11/16/2022 7:11:24 AM,11/16/2022 7:11:24 AM,False,True,4,,11/7/2022 2:55:00 PM,1455,False,,,True
1918948,9370-2022-03425,1,False,9370,11/8/2022 5:55:00 PM,1755,177,14,109,Oakland,1,True,True,C,REAR END,,Tuesday,NotApplicable,False,,,False,True,True,ALAMEDA SUPERIOR COURT WILEY W. MANUEL COURTHOUSE,C,OTHER MOTOR VEHICLE,,0,0,RAINING,,NO UNUSUAL CONDITIONS,,D,DARK-NO STREET LIGHTS,37.796718,-122.269655,,,,,A,NO PEDESTRIANS INVOLVED,11/8/2022 5:55:00 PM,A,VC 22350,False,1,I-880 N/B FROM JACKSON STREET,,,11/16/2022 6:49:22 AM,B,S,450.0,HARRISON STREET,F,,D,11/16/2022 6:49:24 AM,11/16/2022 6:49:24 AM,False,True,4,,11/8/2022 6:03:00 PM,1803,False,,,True
1918913,9370-2022-03166,1,False,9370,10/20/2022 8:16:00 AM,816,024,14,109,Oakland,1,True,True,C,REAR END,,Thursday,NotApplicable,False,,,False,True,False,Alameda Superior Court Wiley W. Manuel Courthouse,C,OTHER MOTOR VEHICLE,,0,0,CLEAR,,NO UNUSUAL CONDITIONS,,A,DAYLIGHT,37.850868,-122.223077,,,,,A,NO PEDESTRIANS INVOLVED,10/20/2022 8:16:00 AM,A,VC 22350,False,1,SR-24 W/B,,,11/16/2022 5:49:02 AM,A,E,25.0,FREEWAY OVERPASS,F,,D,11/16/2022 5:49:07 AM,11/16/2022 5:49:07 AM,False,True,4,,10/20/2022 8:30:00 AM,830,False,,,True
1918678,9370-2022-03321,1,False,9370,10/15/2022 2:30:00 PM,1430,054,14,109,Oakland,1,True,True,C,REAR END,,Saturday,NotApplicable,False,M,,False,True,False,ALAMEDA SUPERIOR COURT WILEY W. MANUEL COURTHOUSE,C,OTHER MOTOR VEHICLE,,0,0,CLEAR,,NO UNUSUAL CONDITIONS,,A,DAYLIGHT,37.807138,-122.239056,,,,,A,NO PEDESTRIANS INVOLVED,10/15/2022 2:30:00 PM,A,VC 22350,False,1,I-580 E/B,,,11/15/2022 6:03:21 PM,A,W,1870.0,PARK BLVD,F,,D,11/15/2022 6:03:22 PM,11/15/2022 6:03:22 PM,False,True,4,,10/15/2022 4:15:00 PM,1615,False,,,
1918677,9370-2022-03295,1,False,9370,10/29/2022 8:30:00 AM,830,052,14,109,Oakland,1,True,True,E,HIT OBJECT,,Saturday,Yes,False,,,False,True,True,ALAMEDA SUPERIOR COURT WILEY W. MANUEL COURTHOUSE,I,FIXED OBJECT,METAL ATTENUATOR,0,0,CLEAR,,NO UNUSUAL CONDITIONS,,B,DUSK-DAWN,37.785607,-122.193957,,,,,A,NO PEDESTRIANS INVOLVED,10/29/2022 8:30:00 AM,A,VC 23152(a),True,1,I-580 E/B,,,11/15/2022 5:49:03 PM,A,W,1675.0,MACARTHUR BLVD,F,,D,11/15/2022 5:49:06 PM,11/15/2022 5:49:06 PM,False,True,4,,10/29/2022 8:40:00 AM,840,False,,,
1918659,9370-2022-03314,1,False,9370,10/31/2022 9:10:00 AM,910,081,14,109,Oakland,1,True,True,C,REAR END,,Monday,NotApplicable,False,,,False,True,False,ALAMEDA SUPERIOR COURT WILEY W. MANUEL COURTHOUSE,C,OTHER MOTOR VEHICLE,,0,0,CLEAR,,NO UNUSUAL CONDITIONS,,A,DAYLIGHT,37.865334,-122.303421,,,,,A,NO PEDESTRIANS INVOLVED,10/31/2022 9:10:00 AM,A,VC 22350,False,1,I-80 WB,,,11/15/2022 5:00:13 PM,A,W,500.0,UNIVERSITY AVENUE,F,,D,11/15/2022 5:00:16 PM,11/15/2022 5:00:16 PM,False,True,4,,10/31/2022 9:13:00 AM,913,False,,,
1918630,9370-2022-03170,1,False,9370,10/20/2022 8:20:00 AM,820,024,14,109,Oakland,1,True,True,C,REAR END,,Thursday,NotApplicable,False,,,False,True,False,ALAMEDA SUPERIOR COURT WILEY W. MANUEL COURTHOUSE,C,OTHER MOTOR VEHICLE,,0,0,CLEAR,,NO UNUSUAL CONDITIONS,,A,DAYLIGHT,37.850687,-122.223282,,,,,A,NO PEDESTRIANS INVOLVED,10/20/2022 8:20:00 AM,A,VC 22350,False,1,SR-24 WB,,,11/15/2022 4:15:56 PM,A,W,15.0,FREEWAY OVERPASS,F,,D,11/15/2022 4:15:57 PM,11/15/2022 4:15:57 PM,False,True,4,,10/20/2022 8:25:00 AM,825,False,,,
1918598,9370-2022-03155,1,False,9370,10/19/2022 9:00:00 AM,900,177,14,109,Oakland,1,True,True,C,REAR END,,Wednesday,NotApplicable,False,,,False,True,True,Alameda Superior Court Wiley W. Manuel Courthouse,C,OTHER MOTOR VEHICLE,,0,0,CLEAR,,NO UNUSUAL CONDITIONS,,A,DAYLIGHT,37.787843,-122.249172,,,,,A,NO PEDESTRIANS INVOLVED,10/19/2022 9:00:00 AM,A,VC 22350,False,1,I-880 S/B,,,11/15/2022 3:56:45 PM,A,N,1474.0,16TH AVE,F,,D,11/15/2022 3:56:46 PM,11/15/2022 3:56:46 PM,False,True,4,,10/19/2022 9:15:00 AM,915,False,,,
1918516,9370-2022-02765,1,False,9370,9/16/2022 5:25:00 PM,1725,176,14,109,Oakland,1,True,True,B,SIDE SWIPE,,Friday,NotApplicable,False,M,,False,True,True,ALAMEDA SUPERIOR COURT WILEY W. MANUEL COURTHOUSE,C,OTHER MOTOR VEHICLE,,0,0,CLEAR,,NO UNUSUAL CONDITIONS,,A,DAYLIGHT,37.742661,-122.198063,,,,,A,NO PEDESTRIANS INVOLVED,9/16/2022 5:25:00 PM,A,VC 21658(A),False,1,I-880 N/B,,,11/15/2022 2:51:30 PM,A,N,707.0,HEGENBERGER RD,F,,D,11/15/2022 2:51:32 PM,11/15/2022 2:51:32 PM,False,True,4,,,,False,,,
1918422,9370-2022-03407,1,False,9370,11/7/2022 6:00:00 PM,1800,055,14,109,Oakland,1,True,True,C,REAR END,,Monday,NotApplicable,False,,,False,True,True,ALAMEDA SUPERIOR COURT WILEY W. MANUEL COURTHOUSE,C,OTHER MOTOR VEHICLE,,0,0,CLEAR,,NO UNUSUAL CONDITIONS,,D,DARK-NO STREET LIGHTS,37.825382,-122.273976,,,,,A,NO PEDESTRIANS INVOLVED,11/7/2022 6:00:00 PM,A,VC 22350,False,1,I-580 E/B,,,11/15/2022 1:57:04 PM,A,E,50.0,WEST ST,F,,D,11/15/2022 1:57:05 PM,11/15/2022 1:57:05 PM,False,True,4,,11/7/2022 6:11:00 PM,1811,False,,,True
1918415,9370-2022-03411,1,False,9370,11/3/2022 2:45:00 PM,1445,176,14,109,Oakland,1,True,True,C,REAR END,,Thursday,Yes,False,,,False,True,False,ALAMEDA SUPERIOR COURT WILEY W. MANUEL COURTHOUSE,C,OTHER MOTOR VEHICLE,,1,0,CLEAR,,NO UNUSUAL CONDITIONS,,A,DAYLIGHT,37.750631,-122.205348,,,,,A,NO PEDESTRIANS INVOLVED,11/3/2022 2:45:00 PM,A,VC 22350,False,1,I-880 S/B,,,11/15/2022 1:53:32 PM,A,S,1350.0,66TH AVENUE,F,,D,11/15/2022 1:53:35 PM,11/15/2022 1:53:35 PM,False,True,4,,11/3/2022 2:51:00 PM,1451,False,,,True
1918395,9370-2022-03370,1,False,9370,11/3/2022 4:40:00 PM,1640,053,14,109,Oakland,1,True,True,C,REAR END,,Thursday,NotApplicable,False,,,False,True,False,ALAMEDA SUPERIOR COURT WILEY W. MANUEL COURTHOUSE,C,OTHER MOTOR VEHICLE,,2,0,CLEAR,,NO UNUSUAL CONDITIONS,,A,DAYLIGHT,37.784063,-122.185775,,,,,A,NO PEDESTRIANS INVOLVED,11/3/2022 4:40:00 PM,A,VC 22350,False,1,I-580 E/B,,,11/15/2022 1:41:02 PM,A,W,500.0,DAVENPORT AVE,F,,D,11/15/2022 1:41:04 PM,11/15/2022 1:41:04 PM,False,True,4,,11/14/2022 4:55:00 PM,1655,False,,,True
1918338,9370-2022-03097,1,False,9370,10/14/2022 6:30:00 AM,630,008,14,109,Oakland,1,True,True,B,SIDE SWIPE,,Friday,NotApplicable,False,,,False,True,False,Alameda Superior Court Wiley W. Manuel Courthouse,C,OTHER MOTOR VEHICLE,,0,0,CLEAR,,NO UNUSUAL CONDITIONS,,A,DAYLIGHT,37.832686,-122.294408,,,,,A,NO PEDESTRIANS INVOLVED,10/14/2022 6:30:00 AM,A,VC 21651(a),False,1,I-80 W/B,,,11/15/2022 1:01:00 PM,A,W,1500.0,POWELL ST,F,,D,11/15/2022 1:01:02 PM,11/15/2022 1:01:02 PM,False,True,4,,,,False,,,
1918334,9370-2022-03346,1,False,9370,11/1/2022 8:18:00 PM,2018,177,14,109,Oakland,1,True,True,C,REAR END,,Tuesday,NotApplicable,False,,,False,True,False,ALAMEDA SUPERIOR COURT WILEY W. MANUEL COURTHOUSE,C,OTHER MOTOR VEHICLE,,0,0,CLEAR,,NO UNUSUAL CONDITIONS,,C,DARK-STREET LIGHTS,37.784254,-122.241524,,,,,A,NO PEDESTRIANS INVOLVED,11/1/2022 8:18:00 PM,A,VC 22350,False,1,I-880 N/B,,,11/15/2022 12:59:48 PM,A,S,1052.0,16TH AVENUE,F,,D,11/15/2022 12:59:50 PM,11/15/2022 12:59:50 PM,False,True,4,,11/1/2022 8:21:00 PM,2021,False,,,True
1918301,9370-2022-03177,1,False,9370,10/21/2022 7:10:00 AM,710,008,14,109,Oakland,1,True,True,C,REAR END,,Friday,NotApplicable,False,,,False,True,False,Alameda Superior Court Wiley W. Manuel Courthouse,C,OTHER MOTOR VEHICLE,,0,0,CLOUDY,,NO UNUSUAL CONDITIONS,,A,DAYLIGHT,37.82635,-122.30149,,,,,A,NO PEDESTRIANS INVOLVED,10/21/2022 7:10:00 AM,A,VC 22350,False,1,I-80 W/B,,,11/15/2022 12:36:48 PM,A,E,2300.0,WEST GRAND AVENUE,F,,D,11/15/2022 12:36:50 PM,11/15/2022 12:36:50 PM,False,True,4,,,,False,,,
1918285,9370-2022-03265,1,False,9370,10/27/2022 6:40:00 PM,1840,178,14,109,Oakland,1,True,True,B,SIDE SWIPE,,Thursday,NotApplicable,False,,,False,True,False,ALAMEDA SUPERIOR COURT WILEY W. MANUEL COURTHOUSE,C,OTHER MOTOR VEHICLE,,0,0,CLEAR,,NO UNUSUAL CONDITIONS,,A,DAYLIGHT,37.801376,-122.282445,,,,,A,NO PEDESTRIANS INVOLVED,10/27/2022 6:40:00 PM,A,VC 22350,False,1,I-880 S/B,,,11/15/2022 12:26:36 PM,A,N,1015.0,I-980,F,,D,11/15/2022 12:26:38 PM,11/15/2022 12:26:38 PM,False,True,4,,10/27/2022 6:43:00 PM,1843,False,,,
1918281,9370-2022-03358,1,False,9370,11/2/2022 4:30:00 PM,1630,053,14,109,Oakland,1,True,True,B,SIDE SWIPE,,Wednesday,NotApplicable,False,,,False,True,False,Alameda Superior Court Wiley W. Manuel Courthouse,C,OTHER MOTOR VEHICLE,,0,0,CLEAR,,NO UNUSUAL CONDITIONS,,A,DAYLIGHT,37.794758,-122.206912,,,,,A,NO PEDESTRIANS INVOLVED,11/2/2022 4:30:00 PM,A,VC 21658(A),False,1,I-580 E/B,,,11/15/2022 12:24:02 PM,A,W,1300.0,35TH AVE,F,,D,11/15/2022 12:24:04 PM,11/15/2022 12:24:04 PM,False,True,4,,11/2/2022 4:45:00 PM,1645,False,,,True
1918257,9370-2022-03266,1,False,9370,10/27/2022 5:15:00 PM,1715,177,14,109,Oakland,1,True,True,C,REAR END,,Thursday,NotApplicable,False,M,,False,True,False,ALAMEDA SUPERIOR COURT WILEY W. MANUEL COURTHOUSE,C,OTHER MOTOR VEHICLE,,0,0,CLEAR,,NO UNUSUAL CONDITIONS,,A,DAYLIGHT,37.797317,-122.271347,,,,,A,NO PEDESTRIANS INVOLVED,10/27/2022 5:15:00 PM,A,VC 22350,False,1,I-880 N/B FROM JACKSON STREET,,,11/15/2022 12:12:41 PM,A,N,700.0,JACKSON STREET,F,,D,11/15/2022 12:12:43 PM,11/15/2022 12:12:43 PM,False,True,4,,10/27/2022 5:17:00 PM,1717,False,,,
1918244,9370-2022-03041,1,False,9370,10/6/2022 5:49:00 PM,1749,176,14,109,Oakland,1,True,True,C,REAR END,,Thursday,NotApplicable,False,,,False,True,False,ALAMEDA SUPERIOR COURT WILEY W. MANUEL COURTHOUSE,C,OTHER MOTOR VEHICLE,,0,0,CLEAR,,NO UNUSUAL CONDITIONS,,A,DAYLIGHT,37.733681,-122.189866,,,,,A,NO PEDESTRIANS INVOLVED,10/6/2022 5:49:00 PM,A,VC 22350,False,1,I-880 N/B FROM 98TH AVENUE,,,11/15/2022 12:02:10 PM,A,N,755.0,98TH AVENUE,F,,D,11/15/2022 12:02:15 PM,11/15/2022 12:02:15 PM,False,True,4,,10/6/2022 5:50:00 PM,1750,False,,,
1918198,9335-2022-01251,1,False,9370,7/5/2022 1:54:00 AM,154,904,14,109,Oakland,1,True,True,E,HIT OBJECT,,Tuesday,NotApplicable,False,,,False,True,True,ALAMEDA SUPERIOR COURT WILEY W. MANUEL COURTHOUSE,I,FIXED OBJECT,RAISED CURB,0,0,CLEAR,,NO UNUSUAL CONDITIONS,,Courtesy Report / On-Duty Emergency VehicleC,DARK-STREET LIGHTS,37.7739,-122.23091,,,,,A,NO PEDESTRIANS INVOLVED,7/5/2022 1:54:00 AM,B,UNSAFE TURN,,1,I-880 S/B TO ELMWOOD AVENUE,,,11/15/2022 11:10:47 AM,A,N,120.0,DERBY AVENUE,F,,D,11/15/2022 11:19:43 AM,11/15/2022 11:19:43 AM,False,True,4,True,7/5/2022 1:55:00 AM,155,False,,True,
1918162,9370-2022-03348,1,False,9370,11/2/2022 1:00:00 PM,1300,177,14,109,Oakland,1,True,True,B,SIDE SWIPE,,Wednesday,NotApplicable,False,,,False,True,False,ALAMEDA SUPERIOR COURT WILEY W. MANUEL COURTHOUSE,C,OTHER MOTOR VEHICLE,,0,0,CLEAR,,NO UNUSUAL CONDITIONS,,A,DAYLIGHT,37.789776,-122.257986,,,,,A,NO PEDESTRIANS INVOLVED,11/2/2022 1:00:00 PM,A,VC 21658(a),False,,I-880 S/B,,,11/15/2022 10:46:21 AM,A,S,600.0,5TH AVENUE,F,,D,11/15/2022 10:46:25 AM,11/15/2022 10:46:25 AM,False,True,4,,11/2/2022 1:04:00 PM,1304,False,,,True
1918020,9370-2022-03029,1,False,9370,10/8/2022 11:40:00 PM,2340,053,14,109,Oakland,1,True,True,E,HIT OBJECT,,Saturday,NotApplicable,False,,,False,True,True,ALAMEDA SUPERIOR COURT WILEY W. MANUEL COURTHOUSE,C,OTHER MOTOR VEHICLE,,0,0,CLEAR,,NO UNUSUAL CONDITIONS,,C,DARK-STREET LIGHTS,37.79536,-122.20785,,,,,A,NO PEDESTRIANS INVOLVED,10/8/2022 11:40:00 PM,A,VC 21658(A),False,1,I-580,,,11/15/2022 9:11:56 AM,A,E,900.0,COOLIDGE AVE,F,,D,11/15/2022 9:11:58 AM,11/15/2022 9:11:58 AM,False,True,4,,10/8/2022 11:42:00 PM,2342,False,,,
1918003,9370-2022-03037,1,False,9370,10/8/2022 7:10:00 PM,1910,055,14,109,Oakland,1,True,True,B,SIDE SWIPE,,Saturday,NotApplicable,False,,,False,True,False,ALAMEDA SUPERIOR COURT WILEY W. MANUEL COURTHOUSE,C,OTHER MOTOR VEHICLE,,0,0,CLEAR,,NO UNUSUAL CONDITIONS,,C,DARK-STREET LIGHTS,37.827078,-122.289911,,,,,A,NO PEDESTRIANS INVOLVED,10/8/2022 7:10:00 PM,A,VC 21658(A),False,1,I-580 W/B TO I-80 EASTBOUND,,,11/15/2022 8:53:11 AM,A,W,55.0,MANDELA PARKWAY,F,,D,11/15/2022 8:53:14 AM,11/15/2022 8:53:14 AM,False,True,4,,10/8/2022 7:41:00 PM,1941,False,,,
1917975,9370-2022-03038,1,False,9370,10/8/2022 6:35:00 PM,1835,013,14,109,Oakland,1,True,True,C,REAR END,,Saturday,NotApplicable,False,M,,False,True,False,ALAMEDA SUPERIOR COURT WILEY W. MANUEL COURTHOUSE,C,OTHER MOTOR VEHICLE,,0,0,CLEAR,,NO UNUSUAL CONDITIONS,,C,DARK-STREET LIGHTS,37.815339,-122.202028,,,,,A,NO PEDESTRIANS INVOLVED,10/8/2022 6:35:00 PM,A,VC 21658(A),False,1,SR-13 N/B,,,11/15/2022 8:29:51 AM,A,N,2090.0,JOAQUIN MILLER ROAD,F,,D,11/15/2022 8:29:52 AM,11/15/2022 8:29:52 AM,False,True,4,,10/8/2022 6:42:00 PM,1842,False,,,
1917960,9370-2022-02697,1,False,9370,9/9/2022 1:20:00 PM,1320,054,14,109,Oakland,1,True,True,B,SIDE SWIPE,,Friday,NotApplicable,False,M,,False,True,False,ALAMEDA SUPERIOR COURT WILEY W. MANUEL COURTHOUSE,C,OTHER MOTOR VEHICLE,,1,0,CLEAR,,NO UNUSUAL CONDITIONS,,A,DAYLIGHT,37.808538,-122.242594,,,,,A,NO PEDESTRIANS INVOLVED,9/9/2022 1:20:00 PM,A,VC 21658(A),False,1,I-580 E/B,,,11/15/2022 8:14:12 AM,A,W,200.0,LAKE PARK AVENUE,F,,D,11/15/2022 8:14:14 AM,11/15/2022 8:14:14 AM,False,True,4,,,,False,,True,
1917948,9370-2022-03113,1,False,9370,10/2/2022 5:20:00 PM,1720,176,14,109,Oakland,1,True,True,C,REAR END,,Sunday,NotApplicable,False,,,False,True,False,ALAMEDA SUPERIOR COURT WILEY W. MANUEL COURTHOUSE,C,OTHER MOTOR VEHICLE,,0,0,CLEAR,,NO UNUSUAL CONDITIONS,,A,DAYLIGHT,37.75902,-122.2128,,,,,A,NO PEDESTRIANS INVOLVED,10/2/2022 5:20:00 PM,A,VC 22350,False,1,I-880 S/B,,,11/15/2022 8:00:02 AM,A,N,655.0,66TH AVE,F,,D,11/15/2022 8:00:04 AM,11/15/2022 8:00:04 AM,False,True,4,,10/2/2022 5:25:00 PM,1725,False,,,
1917947,9370-2022-02950,1,False,9370,10/2/2022 4:15:00 PM,1615,052,14,109,Oakland,1,True,True,B,SIDE SWIPE,,Sunday,NotApplicable,False,M,,False,True,True,ALAMEDA SUPERIOR COURT WILEY W. MANUEL COURTHOUSE,E,PARKED MOTOR VEHICLE,,1,0,CLEAR,,NO UNUSUAL CONDITIONS,,A,DAYLIGHT,37.770382,-122.155197,,,,,A,NO PEDESTRIANS INVOLVED,10/2/2022 4:15:00 PM,A,VC 22107,False,1,I-580 E/B,,,11/15/2022 7:58:59 AM,A,E,630.0,KELLER AVENUE,F,,D,11/15/2022 7:59:03 AM,11/15/2022 7:59:03 AM,False,True,4,,10/2/2022 4:18:00 PM,1618,False,,,
1917917,9370-2022-02939,1,False,9370,10/2/2022 3:45:00 AM,345,053,14,109,Oakland,1,True,True,E,HIT OBJECT,,Sunday,Yes,False,,,False,True,True,ALAMEDA SUPERIOR COURT WILEY W. MANUEL COURTHOUSE,I,FIXED OBJECT,CONCRETE WALL,1,0,CLEAR,,NO UNUSUAL CONDITIONS,,D,DARK-NO STREET LIGHTS,37.791674,-122.202275,,,,,A,NO PEDESTRIANS INVOLVED,10/2/2022 3:45:00 AM,A,VC 22107,False,1,I-580 W/B,,,11/15/2022 7:31:21 AM,A,E,210.0,35TH AVE,F,,D,11/15/2022 7:31:23 AM,11/15/2022 7:31:23 AM,False,True,4,,10/2/2022 3:54:00 AM,354,False,,,
1917904,9370-2022-02937,1,False,9370,10/1/2022 5:20:00 PM,1720,176,14,109,Oakland,1,True,True,B,SIDE SWIPE,,Saturday,NotApplicable,False,M,,False,True,True,ALAMEDA SUPERIOR COURT WILEY W. MANUEL COURTHOUSE,C,OTHER MOTOR VEHICLE,,0,0,CLEAR,,NO UNUSUAL CONDITIONS,,A,DAYLIGHT,37.754218,-122.208723,,,,,A,NO PEDESTRIANS INVOLVED,10/1/2022 5:20:00 PM,A,VC 22107,False,1,I-880 S/B FROM 66TH AVENUE,,,11/15/2022 7:20:37 AM,A,N,130.0,66TH AVE,F,,D,11/15/2022 7:20:39 AM,11/15/2022 7:20:39 AM,False,True,4,,,,False,,,
1917889,9370-2022-02924,1,False,9370,10/1/2022 2:28:00 AM,228,013,14,109,Oakland,1,True,True,E,HIT OBJECT,,Saturday,Yes,False,,,False,True,True,ALAMEDA SUPERIOR COURT WILEY W. MANUEL COURTHOUSE,I,FIXED OBJECT,TREE,1,0,CLEAR,,NO UNUSUAL CONDITIONS,,C,DARK-STREET LIGHTS,37.816648,-122.203445,,,,,A,NO PEDESTRIANS INVOLVED,10/1/2022 2:28:00 AM,A,VC 23152(a),False,1,SR-13 S/B,,,11/15/2022 7:09:01 AM,A,S,2085.0,PARK BLVD,F,,D,11/15/2022 7:09:04 AM,11/15/2022 7:09:04 AM,False,True,4,,10/1/2022 2:31:00 AM,231,False,,,
1917837,9370-2022-02913,1,False,9370,9/30/2022 6:25:00 PM,1825,013,14,109,Oakland,1,True,True,B,SIDE SWIPE,,Friday,NotApplicable,False,M,,False,True,False,ALAMEDA SUPERIOR COURT WILEY W. MANUEL COURTHOUSE,C,OTHER MOTOR VEHICLE,,0,0,CLEAR,,NO UNUSUAL CONDITIONS,,C,DARK-STREET LIGHTS,37.839877,-122.223457,,,,,A,NO PEDESTRIANS INVOLVED,9/30/2022 6:25:00 PM,A,VC 22350,False,1,SR-13 S/B,,,11/15/2022 6:01:32 AM,A,S,700.0,BROADWAY TERRACE,F,,D,11/15/2022 6:01:35 AM,11/15/2022 6:01:35 AM,False,True,4,,,,False,,,