collision-id,report-number,report-version,is-preliminary,ncic-code,crash-date-time,crash-time-description,beat,city-id,city-code,city-name,county-code,city-is-active,city-is-incorporated,collision-type-code,collision-type-description,collision-type-other-desc,day-of-week,dispatch-notified,has-photographs,hit-run,is-attachments-mailed,is-deleted,is-highway-related,is-tow-away,judicial-district,motor-vehicle-involved-with-code,motor-vehicle-involved-with-desc,motor-vehicle-involved-with-other-desc,number-injured,number-killed,weather-1,weather-2,road-condition-1,road-condition-2,special-condition-lighting-code,lighting-description,latitude,longitude,milepost-direction,milepost-distance,milepost-marker,milepost-unit-of-measure,pedestrian-action-code,pedestrian-action-desc,prepared-date,primary-collision-factor-code,primary-collision-factor-violation,primary-collision-factor-is-cited,primary-collision-party-number,primary-road,reporting-district,reporting-district-code,reviewed-date,roadway-surface-code,secondary-direction,secondary-distance,secondary-road,secondary-unit-of-measure,sketch-desc,traffic-control-device-code,created-date,modified-date,is-county-road,is-freeway,chp-555-version,is-additonal-object-struck,notification-date,notification-time-description,has-digital-media-files,evidence-number,is-location-refer-to-narrative,is-aoi-one-same-as-location
1917816,9370-2022-02911,2,False,9370,9/28/2022 3:30:00 PM,1530,023,14,109,Oakland,1,True,True,C,REAR END,,Wednesday,NotApplicable,False,,,False,True,False,ALAMEDA SUPERIOR COURT WILEY W. MANUEL COURTHOUSE,C,OTHER MOTOR VEHICLE,,0,0,CLEAR,,NO UNUSUAL CONDITIONS,,A,DAYLIGHT,37.854367,-122.218991,,,,,A,NO PEDESTRIANS INVOLVED,9/28/2022 3:30:00 PM,A,VC 21658(a),False,2,SR-24 E/B,,,2/2/2023 6:54:40 AM,A,E,1742.0,BROADWAY,F,,D,11/15/2022 5:32:08 AM,2/2/2023 6:54:43 AM,False,True,4,,,,False,,,
1917480,9370-2022-03263,1,False,9370,10/25/2022 4:40:00 PM,1640,098,14,109,Oakland,1,True,True,B,SIDE SWIPE,,Tuesday,NotApplicable,False,M,,False,True,False,ALAMEDA SUPERIOR COURT WILEY W. MANUEL COURTHOUSE,C,OTHER MOTOR VEHICLE,,0,0,CLEAR,,NO UNUSUAL CONDITIONS,,A,DAYLIGHT,37.812318,-122.27386,,,,,A,NO PEDESTRIANS INVOLVED,10/25/2022 4:40:00 PM,A,VC 21658(A),False,1,I-980 W/B,,,11/14/2022 3:46:11 PM,A,W,130.0,WEST GRAND AVENUE,F,,D,11/14/2022 3:46:14 PM,11/14/2022 3:46:14 PM,False,True,4,,,,False,,,
1917168,9370-2022-03021,1,False,9370,10/8/2022 11:55:00 AM,1155,178,14,109,Oakland,1,True,True,B,SIDE SWIPE,,Saturday,NotApplicable,False,,,False,True,False,ALAMEDA SUPERIOR COURT WILEY W. MANUEL COURTHOUSE,C,OTHER MOTOR VEHICLE,,0,0,CLEAR,,NO UNUSUAL CONDITIONS,,A,DAYLIGHT,37.825594,-122.308371,,,,,A,NO PEDESTRIANS INVOLVED,10/8/2022 11:55:00 AM,A,VC 22350,False,1,I-880 N/B TO I-80 W/B,,,11/14/2022 12:23:17 PM,A,E,1600.0,SAN FRANCISCO OAKLAND BAY BRIDGE TOLL PLAZA,F,,D,11/14/2022 12:23:20 PM,11/14/2022 12:23:20 PM,False,True,4,,,,False,,,
1917157,9335-2022-02084,2,False,9335,11/2/2022 6:45:00 AM,645,082,14,109,Oakland,1,True,True,B,SIDE SWIPE,,Wednesday,NotApplicable,False,M,,False,True,False,ALAMEDA SUPERIOR COURT GEORGE E. MCDONALD HALL OF JUSTICE,C,OTHER MOTOR VEHICLE,,0,0,CLEAR,,NO UNUSUAL CONDITIONS,,D,DARK-NO STREET LIGHTS,37.82453,-122.314123,,,,,A,NO PEDESTRIANS INVOLVED,11/2/2022 6:45:00 AM,A,VC 22350,False,1,I-80 W/B,,,12/19/2022 1:56:44 PM,A,W,100.0,WEST EDGE OF SAN FRANCISCO BAY BRIDGE TOLL BOOTH,F,,D,11/14/2022 12:17:16 PM,12/19/2022 1:56:48 PM,False,True,4,,11/2/2022 6:50:00 AM,650,True,EMBEDDED,False,True
1917153,9370-2022-03020,1,False,9370,10/8/2022 10:35:00 AM,1035,176,14,109,Oakland,1,True,True,C,REAR END,,Saturday,NotApplicable,False,,,False,True,False,ALAMEDA SUPERIOR COURT WILEY W. MANUEL COURTHOUSE,C,OTHER MOTOR VEHICLE,,0,0,CLEAR,,NO UNUSUAL CONDITIONS,,A,DAYLIGHT,37.746023,-122.201107,,,,,A,NO PEDESTRIANS INVOLVED,10/8/2022 10:35:00 AM,A,VC 22350,False,1,I-880 N/B,,,11/14/2022 12:12:09 PM,A,N,2210.0,HEGENBERGER RD,F,,D,11/14/2022 12:12:11 PM,11/14/2022 12:12:11 PM,False,True,4,,,,False,,,
1916746,9370-2022-03017,1,False,9370,10/8/2022 7:20:00 AM,720,008,14,109,Oakland,1,True,True,B,SIDE SWIPE,,Saturday,NotApplicable,False,M,,False,True,False,ALAMEDA SUPERIOR COURT WILEY W. MANUEL COURTHOUSE,C,OTHER MOTOR VEHICLE,,0,0,CLOUDY,,NO UNUSUAL CONDITIONS,,A,DAYLIGHT,37.826877,-122.291266,,,,,A,NO PEDESTRIANS INVOLVED,10/8/2022 7:20:00 AM,A,VC 21658(A),False,1,I-80 E/B TO I-580 E/B,,,11/14/2022 7:43:01 AM,A,W,85.0,I-880 N/B TO I-80 E/B,F,,D,11/14/2022 7:43:03 AM,11/14/2022 7:43:03 AM,False,True,4,,,,False,,,
1916708,9370-2022-03014,1,False,9370,10/8/2022 4:05:00 AM,405,008,14,109,Oakland,1,True,True,E,HIT OBJECT,,Saturday,Yes,False,,,False,True,True,ALAMEDA SUPERIOR COURT WILEY W. MANUEL COURTHOUSE,I,FIXED OBJECT,CONCRETE WALL,0,0,CLEAR,,NO UNUSUAL CONDITIONS,,C,DARK-STREET LIGHTS,37.828662,-122.293981,,,,,A,NO PEDESTRIANS INVOLVED,10/8/2022 4:05:00 AM,A,VC 23152(a),True,1,I-80 E/B,,,11/14/2022 7:14:48 AM,A,W,3450.0,POWELL STREET,F,,D,11/14/2022 7:14:50 AM,11/14/2022 7:14:50 AM,False,True,4,,,,False,,,
1916674,9370-2022-03003,1,False,9370,10/7/2022 10:56:00 AM,1056,052,14,109,Oakland,1,True,True,C,REAR END,,Friday,NotApplicable,False,M,,False,True,False,ALAMEDA SUPERIOR COURT WILEY W. MANUEL COURTHOUSE,C,OTHER MOTOR VEHICLE,,0,0,CLEAR,,NO UNUSUAL CONDITIONS,,B,DUSK-DAWN,37.778907,-122.169254,,,,,A,NO PEDESTRIANS INVOLVED,10/7/2022 10:56:00 AM,A,VC 22350,False,1,I-580 W/B,,,11/14/2022 6:23:30 AM,A,E,1465.0,KUHNLE AVENUE,F,,D,11/14/2022 6:23:33 AM,11/14/2022 6:23:33 AM,False,True,4,,,,False,,,
1916658,9370-2022-02649,1,False,9370,9/7/2022 9:05:00 AM,905,177,14,109,Oakland,1,True,True,C,REAR END,,Wednesday,NotApplicable,False,M,,False,True,False,Alameda Superior Court Wiley W. Manuel Courthouse,C,OTHER MOTOR VEHICLE,,0,0,CLEAR,,NO UNUSUAL CONDITIONS,,A,DAYLIGHT,37.790234,-122.259127,,,,,A,NO PEDESTRIANS INVOLVED,9/7/2022 9:05:00 AM,A,VC 22350,False,1,I-880 S/B,,,11/14/2022 6:07:51 AM,A,S,246.0,5TH AVENUE,F,,D,11/14/2022 6:07:54 AM,11/14/2022 6:07:54 AM,False,True,4,,9/7/2022 9:11:00 AM,911,False,,,True
1916635,9370-2022-02470,1,False,9370,8/22/2022 8:25:00 AM,825,177,14,109,Oakland,1,True,True,B,SIDE SWIPE,,Monday,Yes,False,M,,False,True,False,ALAMEDA SUPERIOR COURT WILEY W. MANUEL COURTHOUSE,C,OTHER MOTOR VEHICLE,,0,0,CLEAR,,NO UNUSUAL CONDITIONS,,A,DAYLIGHT,37.769058,-122.22067,,,,,A,NO PEDESTRIANS INVOLVED,8/22/2022 8:25:00 AM,A,VC 21658(A),False,1,I-880 N/B,,,11/14/2022 5:47:14 AM,A,N,190.0,HIGH ST,F,,D,11/14/2022 5:47:17 AM,11/14/2022 5:47:17 AM,False,True,4,,8/22/2022 8:30:00 AM,830,False,,,
1936238,9370-2022-03748,1,False,9370,11/22/2022 10:40:00 PM,2240,176,14,109,Oakland,1,True,True,E,HIT OBJECT,,Tuesday,Yes,False,,,False,True,False,ALAMEDA SUPERIOR COURT WILEY W. MANUEL COURTHOUSE,I,FIXED OBJECT,CONCRETE BARRIER,0,0,CLEAR,,NO UNUSUAL CONDITIONS,,C,DARK-STREET LIGHTS,37.77644,-122.235848,,,,,A,NO PEDESTRIANS INVOLVED,11/22/2022 10:40:00 PM,A,VC 22107,False,1,I-880 N/B,,,12/7/2022 10:05:56 AM,A,S,630.0,OF 23RD AVENUE,F,,D,12/7/2022 10:05:58 AM,12/7/2022 10:05:58 AM,False,True,4,,11/22/2022 11:54:00 PM,2354,False,,,True
1936099,9370-2022-03547,1,False,9370,11/15/2022 6:40:00 PM,1840,177,14,109,Oakland,1,True,True,C,REAR END,,Tuesday,NotApplicable,False,,,False,True,False,ALAMEDA SUPERIOR COURT WILEY W. MANUEL COURTHOUSE,C,OTHER MOTOR VEHICLE,,0,0,CLEAR,,NO UNUSUAL CONDITIONS,,C,DARK-STREET LIGHTS,37.779545,-122.237585,,,,,A,NO PEDESTRIANS INVOLVED,11/15/2022 6:40:00 PM,A,VC 22350,False,1,I-880 N/B FROM 23RD STREET,,,12/7/2022 8:30:14 AM,A,S,190.0,23RD ST,F,,D,12/7/2022 8:30:17 AM,12/7/2022 8:30:17 AM,False,True,4,,11/15/2022 6:45:00 PM,1845,False,,,True
1935994,9370-2022-03592,1,False,9370,11/22/2022 6:15:00 PM,1815,177,14,109,Oakland,1,True,True,C,REAR END,,Tuesday,NotApplicable,False,M,,False,True,False,ALAMEDA SUPERIOR COURT WILEY W. MANUEL COURTHOUSE,C,OTHER MOTOR VEHICLE,,0,0,CLEAR,,NO UNUSUAL CONDITIONS,,C,DARK-STREET LIGHTS,37.787231,-122.247686,,,,,A,NO PEDESTRIANS INVOLVED,11/22/2022 6:15:00 PM,A,VC 22350,False,1,I-880 S/B,,,12/7/2022 7:03:43 AM,A,N,590.0,16TH ST,F,,D,12/7/2022 7:03:45 AM,12/7/2022 7:03:45 AM,False,True,4,,11/22/2022 6:20:00 PM,1820,False,,,
1935989,9370-2022-03591,1,False,9370,11/22/2022 5:30:00 PM,1730,179,14,109,Oakland,1,True,True,B,SIDE SWIPE,,Tuesday,NotApplicable,False,,,False,True,False,ALAMEDA SUPERIOR COURT WILEY W. MANUEL COURTHOUSE,C,OTHER MOTOR VEHICLE,,0,0,CLEAR,,NO UNUSUAL CONDITIONS,,B,DUSK-DAWN,37.824046,-122.291116,,,,,A,NO PEDESTRIANS INVOLVED,11/22/2022 5:30:00 PM,A,VC 21755(a),False,1,I-880 N/B TO I-80 E/B,,,12/7/2022 7:00:20 AM,A,S,237.0,34 ST,F,,D,12/7/2022 7:00:23 AM,12/7/2022 7:00:23 AM,False,True,4,,11/22/2022 5:35:00 PM,1735,False,,,
1935969,9370-2022-03518,1,False,9370,11/16/2022 3:29:00 PM,1529,176,14,109,Oakland,1,True,True,C,REAR END,,Wednesday,Yes,False,M,,False,True,False,ALAMEDA SUPERIOR COURT WILEY W. MANUEL COURTHOUSE,C,OTHER MOTOR VEHICLE,,0,0,RAINING,,NO UNUSUAL CONDITIONS,,A,DAYLIGHT,37.751684,-122.206346,,,,,A,NO PEDESTRIANS INVOLVED,11/16/2022 3:29:00 PM,A,VC 22350,False,3,I-880 S/B,,,12/7/2022 6:38:31 AM,D,S,1165.0,66TH AVE,F,,D,12/7/2022 6:38:35 AM,12/7/2022 6:38:35 AM,False,True,4,,11/16/2022 3:34:00 PM,1534,False,,,
1935462,9370-2022-03644,1,False,9370,11/23/2022 12:40:00 PM,1240,055,14,109,Oakland,1,True,True,C,REAR END,,Wednesday,NotApplicable,False,M,,False,True,False,ALAMEDA SUPERIOR COURT WILEY W. MANUEL COURTHOUSE,C,OTHER MOTOR VEHICLE,,0,0,CLEAR,,NO UNUSUAL CONDITIONS,,A,DAYLIGHT,37.826697,-122.27812,,,,,A,NO PEDESTRIANS INVOLVED,11/23/2022 12:40:00 PM,A,VC 22350,False,3,I-580 W/B,,,12/6/2022 1:33:40 PM,A,E,60.0,SAN PABLO AVENUE,F,,D,12/6/2022 1:33:44 PM,12/6/2022 1:33:44 PM,False,True,4,,11/23/2022 12:45:00 PM,1245,False,,,True
1935452,9370-2022-03429,1,False,9370,11/8/2022 7:18:00 PM,1918,024,14,109,Oakland,1,True,True,E,HIT OBJECT,,Tuesday,NotApplicable,False,,,False,True,False,ALAMEDA SUPERIOR COURT WILEY W. MANUEL COURTHOUSE,I,FIXED OBJECT,CONCRETE BARRIER,0,0,RAINING,,NO UNUSUAL CONDITIONS,,C,DARK-STREET LIGHTS,37.854257,-122.220253,,,,,A,NO PEDESTRIANS INVOLVED,11/8/2022 7:18:00 PM,C,,,,SR-24 W/B,,,12/6/2022 1:24:38 PM,B,W,620.0,BORE #3,F,,D,12/6/2022 1:24:42 PM,12/6/2022 1:24:42 PM,False,True,4,,11/8/2022 7:25:00 PM,1925,False,,,False
1935434,9370-2022-03643,1,False,9370,11/23/2022 11:35:00 AM,1135,052,14,109,Oakland,1,True,True,B,SIDE SWIPE,,Wednesday,NotApplicable,False,,,False,True,False,ALAMEDA SUPERIOR COURT WILEY W. MANUEL COURTHOUSE,C,OTHER MOTOR VEHICLE,,0,0,CLEAR,,NO UNUSUAL CONDITIONS,,A,DAYLIGHT,37.77742,-122.166195,,,,,A,NO PEDESTRIANS INVOLVED,11/23/2022 11:35:00 AM,A,VC 21658(a),False,1,I-580 W/B,,,12/6/2022 1:16:07 PM,A,W,870.0,EDWARDS AVE,F,,D,12/6/2022 1:16:10 PM,12/6/2022 1:16:10 PM,False,True,4,,11/23/2022 11:36:00 AM,1136,False,,,True
1935310,9335-2022-02264,1,False,9335,11/25/2022 2:21:00 PM,1421,082,14,109,Oakland,1,True,True,C,REAR END,,Friday,NotApplicable,False,,,False,True,False,ALAMEDA SUPERIOR COURT ALAMEDA,C,OTHER MOTOR VEHICLE,,0,0,CLEAR,,NO UNUSUAL CONDITIONS,,A,DAYLIGHT,37.824332,-122.317119,,,,,A,NO PEDESTRIANS INVOLVED,11/25/2022 2:21:00 PM,A,VC 22350,False,1,I-80 W/B,,,12/6/2022 11:47:44 AM,A,E,80.0,SAN FRANCISCO BAY BRIDGE METERING LIGHTS,F,,D,12/6/2022 11:47:46 AM,12/6/2022 11:47:46 AM,False,True,4,,11/25/2022 2:47:00 PM,1447,False,,,True
1935264,9370-2022-03573,1,False,9370,11/20/2022 2:00:00 PM,1400,176,14,109,Oakland,1,True,True,C,REAR END,,Sunday,NotApplicable,False,,,False,True,False,ALAMEDA SUPERIOR COURT WILEY W. MANUEL COURTHOUSE,C,OTHER MOTOR VEHICLE,,0,0,CLEAR,,NO UNUSUAL CONDITIONS,,A,DAYLIGHT,37.77318,-122.227745,,,,,A,NO PEDESTRIANS INVOLVED,11/20/2022 2:00:00 PM,A,VC 22350,False,1,I-880 N/B,,,12/6/2022 11:19:46 AM,A,S,75.0,FRUITVALE AVENUE,F,,D,12/6/2022 11:19:49 AM,12/6/2022 11:19:49 AM,False,True,4,,11/20/2022 2:06:00 PM,1406,False,,,True
1935252,9370-2022-03579,1,False,9370,11/21/2022 5:50:00 AM,550,176,14,109,Oakland,1,True,True,B,SIDE SWIPE,,Monday,NotApplicable,False,M,,False,True,False,ALAMEDA SUPERIOR COURT WILEY W. MANUEL COURTHOUSE,C,OTHER MOTOR VEHICLE,,0,0,CLEAR,,NO UNUSUAL CONDITIONS,,B,DUSK-DAWN,37.753615,-122.207771,,,,,A,NO PEDESTRIANS INVOLVED,11/21/2022 5:50:00 AM,A,VC 21658(A),False,1,I-880 N/B,,,12/6/2022 11:09:00 AM,A,S,500.0,66TH AVE,F,,D,12/6/2022 11:09:03 AM,12/6/2022 11:09:03 AM,False,True,4,,11/21/2022 7:00:00 AM,700,False,,,True
1935213,9370-2022-03556,1,False,9370,11/18/2022 10:20:00 PM,2220,176,14,109,Oakland,1,True,True,B,SIDE SWIPE,,Friday,NotApplicable,False,M,,False,True,True,ALAMEDA SUPERIOR COURT WILEY W. MANUEL COURTHOUSE,C,OTHER MOTOR VEHICLE,,0,0,CLEAR,,NO UNUSUAL CONDITIONS,,C,DARK-STREET LIGHTS,37.450631,-122.200201,,,,,A,NO PEDESTRIANS INVOLVED,11/18/2022 10:20:00 PM,A,VC 21658(A),False,1,I-880 N/B,,,12/6/2022 10:30:43 AM,A,N,3010.0,HEGENBERGER RD,F,,D,12/6/2022 10:30:46 AM,12/6/2022 10:30:46 AM,False,True,4,,11/18/2022 10:24:00 PM,2224,False,,,False
1935185,9370-2022-03503,1,False,9370,11/14/2022 6:02:00 PM,1802,177,14,109,Oakland,1,True,True,C,REAR END,,Monday,NotApplicable,False,M,,False,True,False,ALAMEDA SUPERIOR COURT WILEY W. MANUEL COURTHOUSE,C,OTHER MOTOR VEHICLE,,0,0,CLEAR,,NO UNUSUAL CONDITIONS,,D,DARK-NO STREET LIGHTS,37.789212,-122.25477,,,,,A,NO PEDESTRIANS INVOLVED,11/14/2022 6:02:00 PM,A,VC 22350,False,1,I-880 S/B,,,12/6/2022 10:01:44 AM,A,S,1549.0,5TH AVE,F,,D,12/6/2022 10:01:46 AM,12/6/2022 10:01:46 AM,False,True,4,,11/14/2022 6:13:00 PM,1813,False,,,True
1935029,9370-2022-03350,1,False,9370,11/2/2022 4:40:00 PM,1640,052,14,109,Oakland,1,True,True,C,REAR END,,Wednesday,NotApplicable,False,,,False,True,False,ALAMEDA SUPERIOR COURT WILEY W. MANUEL COURTHOUSE,C,OTHER MOTOR VEHICLE,,0,0,CLEAR,,NO UNUSUAL CONDITIONS,,A,DAYLIGHT,37.784045,-122.184297,,,,,A,NO PEDESTRIANS INVOLVED,11/2/2022 4:40:00 PM,A,VC 22350,False,1,I-580 E/B,,,12/6/2022 8:24:07 AM,A,W,100.0,SR-13 S/B O/C,F,,D,12/6/2022 8:24:10 AM,12/6/2022 8:24:10 AM,False,True,4,,11/2/2022 4:53:00 PM,1653,False,,,True
1934915,9370-2022-03320,1,False,9370,10/31/2022 4:00:00 PM,1600,052,14,109,Oakland,1,True,True,C,REAR END,,Monday,NotApplicable,False,,,False,True,False,ALAMEDA SUPERIOR COURT WILEY W. MANUEL COURTHOUSE,C,OTHER MOTOR VEHICLE,,0,0,CLEAR,,NO UNUSUAL CONDITIONS,,On-Duty Emergency VehicleA,DAYLIGHT,37.784058,-122.184761,,,,,A,NO PEDESTRIANS INVOLVED,10/31/2022 4:00:00 PM,A,VC 22350,False,1,I-580 E/B,,,12/6/2022 7:06:27 AM,A,W,1840.0,SR-13 OVERCROSSING,F,,D,12/6/2022 7:06:29 AM,12/6/2022 7:06:29 AM,False,True,4,,,,False,,True,
1934901,9370-2022-03677,1,False,9370,10/27/2022 4:06:00 AM,406,013,14,109,Oakland,1,True,True,H,OTHER,ANIMAL,Thursday,NotApplicable,False,,,False,True,True,ALAMEDA SUPERIOR COURT WILEY W. MANUEL COURTHOUSE,H,ANIMAL,DEER,0,0,CLEAR,,NO UNUSUAL CONDITIONS,,D,DARK-NO STREET LIGHTS,37.82747,-122.212168,,,,,A,NO PEDESTRIANS INVOLVED,10/27/2022 4:06:00 AM,C,,,,SR-13 S/B,,,12/6/2022 6:53:56 AM,A,N,623.0,LA SALLE AVE,F,,D,12/6/2022 6:53:57 AM,12/6/2022 6:53:57 AM,False,True,4,,10/27/2022 4:15:00 AM,415,False,,,True
1934893,9370-2022-03256,1,False,9370,10/27/2022 4:05:00 AM,405,013,14,109,Oakland,1,True,True,C,REAR END,,Thursday,NotApplicable,False,,,False,True,True,ALAMEDA SUPERIOR COURT WILEY W. MANUEL COURTHOUSE,C,OTHER MOTOR VEHICLE,DEER,0,0,RAINING,,NO UNUSUAL CONDITIONS,,D,DARK-NO STREET LIGHTS,37.82747,-122.212168,,,,,A,NO PEDESTRIANS INVOLVED,10/27/2022 4:05:00 AM,C,,,,SR-13 S/B,,,12/6/2022 6:48:38 AM,A,N,623.0,LA SALLE AVE,F,,D,12/6/2022 6:48:40 AM,12/6/2022 6:48:40 AM,False,True,4,,10/27/2022 4:15:00 AM,415,False,,,
1934339,9370-2022-03409,1,False,9370,11/7/2022 5:30:00 PM,1730,176,14,109,Oakland,1,True,True,C,REAR END,,Monday,NotApplicable,False,,,False,True,False,ALAMEDA SUPERIOR COURT WILEY W. MANUEL COURTHOUSE,C,OTHER MOTOR VEHICLE,,0,0,CLEAR,,NO UNUSUAL CONDITIONS,,D,DARK-NO STREET LIGHTS,37.770196,-122.221465,,,,,A,NO PEDESTRIANS INVOLVED,11/7/2022 5:30:00 PM,A,VC 22350,False,1,I-880 N/B,,,12/5/2022 1:52:17 PM,A,N,195.0,HIGH ST,F,,D,12/5/2022 1:52:20 PM,12/5/2022 1:52:20 PM,False,True,4,,11/7/2022 5:38:00 PM,1738,False,,,True
1934270,9370-2022-03588,1,False,9370,11/22/2022 12:40:00 PM,1240,024,14,109,Oakland,1,True,True,C,REAR END,,Tuesday,NotApplicable,False,,,False,True,False,ALAMEDA SUPERIOR COURT WILEY W. MANUEL COURTHOUSE,C,OTHER MOTOR VEHICLE,,0,0,CLEAR,,NO UNUSUAL CONDITIONS,,A,DAYLIGHT,37.854875,-122.218336,,,,,A,NO PEDESTRIANS INVOLVED,11/22/2022 12:40:00 PM,A,VC 22350,False,3,SR-24 W/B,,,12/5/2022 1:07:59 PM,A,E,350.0,WEST EDGE OF CALDECOTT TUNNEL BORE #3,F,,D,12/5/2022 1:08:03 PM,12/5/2022 1:08:03 PM,False,True,4,,11/22/2022 12:45:00 PM,1245,False,,,True
1934175,9370-2022-03680,1,False,9370,12/1/2022 8:45:00 AM,845,178,14,109,Oakland,1,True,True,E,HIT OBJECT,,Thursday,Yes,False,,,False,True,False,ALAMEDA SUPERIOR COURT WILEY W. MANUEL COURTHOUSE,J,OTHER OBJECT,CONCRETE BARRIER WALL,1,0,RAINING,,NO UNUSUAL CONDITIONS,,A,DAYLIGHT,37.802395,-122.284962,,,,,A,NO PEDESTRIANS INVOLVED,12/1/2022 8:45:00 AM,A,VC 22107,False,1,I-880 S/B,,,12/5/2022 12:09:50 PM,B,S,850.0,ADELINE ST,F,,D,12/5/2022 12:09:53 PM,12/5/2022 12:09:53 PM,False,True,4,,12/1/2022 9:00:00 AM,900,False,,,
1934035,9370-2022-03645,1,False,9370,11/28/2022 7:50:00 AM,750,053,14,109,Oakland,1,True,True,C,REAR END,,Monday,NotApplicable,False,M,,False,True,False,ALAMEDA SUPERIOR COURT WILEY W. MANUEL COURTHOUSE,C,OTHER MOTOR VEHICLE,,0,0,CLEAR,,NO UNUSUAL CONDITIONS,,A,DAYLIGHT,37.778398,-122.168344,,,,,A,NO PEDESTRIANS INVOLVED,11/28/2022 7:50:00 AM,A,VC 22350,False,1,I-580 W/B,,,12/5/2022 10:48:09 AM,A,W,1420.0,EDWARDS AVE,F,,D,12/5/2022 10:48:11 AM,12/5/2022 10:48:11 AM,False,True,4,,11/28/2022 7:55:00 AM,755,False,,,True
1934018,9370-2022-03290,1,False,9370,10/29/2022 1:05:00 AM,105,177,14,109,Oakland,1,True,True,E,HIT OBJECT,,Saturday,NotApplicable,False,,,False,True,False,ALAMEDA SUPERIOR COURT WILEY W. MANUEL COURTHOUSE,I,FIXED OBJECT,CONCRETE CURB,1,0,CLEAR,,NO UNUSUAL CONDITIONS,,D,DARK-NO STREET LIGHTS,37.796962,-122.271718,,,,,A,NO PEDESTRIANS INVOLVED,10/29/2022 1:05:00 AM,A,VC 22107,False,1,I-880 S/B FROM BROADWAY,,,12/5/2022 10:37:24 AM,A,N,830.0,JACKSON ST,F,,D,12/5/2022 10:37:26 AM,12/5/2022 10:37:26 AM,False,True,4,True,,,False,,,
1933958,9370-2022-03559,1,False,9370,11/19/2022 12:25:00 PM,1225,025,14,109,Oakland,1,True,True,C,REAR END,,Saturday,NotApplicable,False,,,False,True,False,ALAMEDA SUPERIOR COURT WILEY W. MANUEL COURTHOUSE,C,OTHER MOTOR VEHICLE,,3,0,CLEAR,,NO UNUSUAL CONDITIONS,,A,DAYLIGHT,37.825999,-122.274541,,,,,A,NO PEDESTRIANS INVOLVED,11/19/2022 12:25:00 PM,A,VC 22350,False,1,SR-24 W/B TO I-580 W/B,,,12/5/2022 10:14:59 AM,A,E,135.0,MARKET STREET,F,,D,12/5/2022 10:15:02 AM,12/5/2022 10:15:02 AM,False,True,4,,11/19/2022 12:27:00 PM,1227,False,,,True
1933839,9370-2022-03537,1,False,9370,11/17/2022 9:40:00 AM,940,176,14,109,Oakland,1,True,True,B,SIDE SWIPE,,Thursday,NotApplicable,False,,,False,True,False,ALAMEDA SUPERIOR COURT WILEY W. MANUEL COURTHOUSE,C,OTHER MOTOR VEHICLE,,0,0,CLEAR,,NO UNUSUAL CONDITIONS,,A,DAYLIGHT,37.757633,-122.211148,,,,,A,NO PEDESTRIANS INVOLVED,11/17/2022 9:40:00 AM,A,VC 21658(a),False,1,I-880 N/B,,,12/5/2022 9:09:54 AM,A,N,1580.0,66TH AVENUE,F,,D,12/5/2022 9:09:56 AM,12/5/2022 9:09:56 AM,False,True,4,,11/17/2022 9:54:00 AM,954,True,EMBEDDED,,True
1933708,9370-2022-03448,1,False,9370,11/10/2022 7:26:00 AM,726,177,14,109,Oakland,1,True,True,C,REAR END,,Thursday,NotApplicable,False,,,False,True,False,ALAMEDA SUPERIOR COURT WILEY W. MANUEL COURTHOUSE,C,OTHER MOTOR VEHICLE,,1,0,CLEAR,,NO UNUSUAL CONDITIONS,,A,DAYLIGHT,37.788053,-122.249776,,,,,A,NO PEDESTRIANS INVOLVED,11/10/2022 7:26:00 AM,A,VC 22350,False,1,I-880 S/B,,,12/5/2022 8:10:46 AM,A,N,1500.0,16TH AVE,F,,D,12/5/2022 8:10:48 AM,12/5/2022 8:10:48 AM,False,True,4,,11/10/2022 7:30:00 AM,730,False,,,True
1933676,9370-2022-03433,1,False,9370,11/9/2022 8:53:00 AM,853,176,14,109,Oakland,1,True,True,C,REAR END,,Wednesday,NotApplicable,False,,,False,True,False,ALAMEDA SUPERIOR COURT WILEY W. MANUEL COURTHOUSE,C,OTHER MOTOR VEHICLE,,1,0,CLEAR,,NO UNUSUAL CONDITIONS,,A,DAYLIGHT,37.763142,-122.216137,,,,,A,NO PEDESTRIANS INVOLVED,11/9/2022 8:53:00 AM,A,VC 22350,False,1,I-880 N/B,,,12/5/2022 7:44:50 AM,A,S,2208.0,HIGH STREET,F,,D,12/5/2022 7:44:52 AM,12/5/2022 7:44:52 AM,False,True,4,,11/9/2022 8:58:00 AM,858,False,,,False