collision-id,report-number,report-version,is-preliminary,ncic-code,crash-date-time,crash-time-description,beat,city-id,city-code,city-name,county-code,city-is-active,city-is-incorporated,collision-type-code,collision-type-description,collision-type-other-desc,day-of-week,dispatch-notified,has-photographs,hit-run,is-attachments-mailed,is-deleted,is-highway-related,is-tow-away,judicial-district,motor-vehicle-involved-with-code,motor-vehicle-involved-with-desc,motor-vehicle-involved-with-other-desc,number-injured,number-killed,weather-1,weather-2,road-condition-1,road-condition-2,special-condition-lighting-code,lighting-description,latitude,longitude,milepost-direction,milepost-distance,milepost-marker,milepost-unit-of-measure,pedestrian-action-code,pedestrian-action-desc,prepared-date,primary-collision-factor-code,primary-collision-factor-violation,primary-collision-factor-is-cited,primary-collision-party-number,primary-road,reporting-district,reporting-district-code,reviewed-date,roadway-surface-code,secondary-direction,secondary-distance,secondary-road,secondary-unit-of-measure,sketch-desc,traffic-control-device-code,created-date,modified-date,is-county-road,is-freeway,chp-555-version,is-additonal-object-struck,notification-date,notification-time-description,has-digital-media-files,evidence-number,is-location-refer-to-narrative,is-aoi-one-same-as-location
1929206,9370-2022-03228,1,False,9370,10/25/2022 6:15:00 AM,615,055,14,109,Oakland,1,True,True,B,SIDE SWIPE,,Tuesday,NotApplicable,False,M,,False,True,False,ALAMEDA SUPERIOR COURT WILEY W. MANUEL COURTHOUSE,C,OTHER MOTOR VEHICLE,,0,0,CLOUDY,,NO UNUSUAL CONDITIONS,,B,DUSK-DAWN,37.826751,-122.286736,,,,,A,NO PEDESTRIANS INVOLVED,10/25/2022 6:15:00 AM,A,VC 22350,False,1,I-580 W/B,,,11/29/2022 12:05:59 PM,A,E,900.0,MANDELA PARKWAY,F,,D,11/29/2022 12:06:01 PM,11/29/2022 12:06:01 PM,False,True,4,,10/25/2022 6:20:00 AM,620,False,,,
1929132,9370-2022-03188,1,False,9370,10/21/2022 9:40:00 PM,2140,177,14,109,Oakland,1,True,True,E,HIT OBJECT,,Friday,Yes,False,,,False,True,True,ALAMEDA SUPERIOR COURT WILEY W. MANUEL COURTHOUSE,I,FIXED OBJECT,DIRT EMBANKMENT,0,0,CLEAR,,NO UNUSUAL CONDITIONS,,A,DAYLIGHT,37.779252,-122.237643,,,,,A,NO PEDESTRIANS INVOLVED,10/21/2022 9:40:00 PM,A,VC 23152(a),True,1,I-880 N/B,,,11/29/2022 11:21:49 AM,A,N,315.0,23RD AVE,F,,D,11/29/2022 11:21:52 AM,11/29/2022 11:21:52 AM,False,True,4,,10/21/2022 9:46:00 PM,2146,False,,,
1929106,9370-2022-03344,1,False,9370,11/2/2022 7:30:00 AM,730,024,14,109,Oakland,1,True,True,C,REAR END,,Wednesday,NotApplicable,False,M,,False,True,False,ALAMEDA SUPERIOR COURT WILEY W. MANUEL COURTHOUSE,C,OTHER MOTOR VEHICLE,,0,0,CLEAR,,NO UNUSUAL CONDITIONS,,A,DAYLIGHT,37.855824,-122.216381,,,,,A,NO PEDESTRIANS INVOLVED,11/2/2022 7:30:00 AM,A,VC 22350,False,1,SR-24 W/B,,,11/29/2022 11:07:33 AM,A,E,255.0,WEST EDGE OF BORE #3,F,,D,11/29/2022 11:07:35 AM,11/29/2022 11:07:35 AM,False,True,4,,11/2/2022 7:43:00 AM,743,False,,,
1929084,9370-2022-03415,1,False,9370,11/8/2022 2:35:00 AM,235,179,14,109,Oakland,1,True,True,E,HIT OBJECT,,Tuesday,Yes,False,,,False,True,True,ALAMEDA SUPERIOR COURT WILEY W. MANUEL COURTHOUSE,J,OTHER OBJECT,CONCRETE BARRIER,1,0,RAINING,,NO UNUSUAL CONDITIONS,,D,DARK-NO STREET LIGHTS,37.830811,-122.293479,,,,,A,NO PEDESTRIANS INVOLVED,11/8/2022 2:35:00 AM,A,VC 22350,True,1,I-880 N/B TO I-80 E/B,,,11/29/2022 11:00:36 AM,B,S,2640.0,POWELL ST,F,,D,11/29/2022 11:00:38 AM,11/29/2022 11:00:38 AM,False,True,4,True,11/8/2022 2:40:00 AM,240,False,,False,True
1929049,9370-2022-03074,1,False,9370,10/12/2022 4:10:00 PM,1610,025,14,109,Oakland,1,True,True,C,REAR END,,Wednesday,NotApplicable,False,,,False,True,False,ALAMEDA SUPERIOR COURT WILEY W. MANUEL COURTHOUSE,C,OTHER MOTOR VEHICLE,,1,0,CLEAR,,NO UNUSUAL CONDITIONS,,A,DAYLIGHT,37.830765,-122.26734,,,,,A,NO PEDESTRIANS INVOLVED,10/12/2022 4:10:00 PM,A,VC 22107,False,1,I-580 FROM MARTIN LUTHER KING JR. WAY/51ST STREET,,,11/29/2022 10:45:40 AM,A,W,275.0,42ND ST,F,,D,11/29/2022 10:45:42 AM,11/29/2022 10:45:42 AM,False,True,4,,10/12/2022 5:03:00 PM,1703,False,,,
1929016,9370-2022-03072,3,False,9370,10/11/2022 5:30:00 PM,1730,055,14,109,Oakland,1,True,True,C,REAR END,,Tuesday,NotApplicable,False,M,,False,True,False,ALAMEDA SUPERIOR COURT WILEY W. MANUEL COURTHOUSE,C,OTHER MOTOR VEHICLE,,0,0,CLEAR,,NO UNUSUAL CONDITIONS,,A,DAYLIGHT,37.826979,-122.291595,,,,,A,NO PEDESTRIANS INVOLVED,10/11/2022 5:30:00 PM,A,VC 22350,False,1,I-580 E/B,,,4/28/2023 6:47:23 PM,A,W,517.0,MANDELA PARKWAY,F,,D,11/29/2022 10:29:31 AM,4/28/2023 6:48:06 PM,False,True,4,,10/11/2022 6:05:00 PM,1805,False,,,
1928946,9370-2022-03339,1,False,9370,11/2/2022 7:30:00 AM,730,024,14,109,Oakland,1,True,True,C,REAR END,,Wednesday,NotApplicable,False,,,False,True,True,Alameda Superior Court Wiley W. Manuel Courthouse,C,OTHER MOTOR VEHICLE,,0,0,CLEAR,,NO UNUSUAL CONDITIONS,,C,DARK-STREET LIGHTS,37.858948,-122.212621,,,,,A,NO PEDESTRIANS INVOLVED,11/2/2022 7:30:00 AM,A,VC 22350,False,1,SR-24 W/B,,,11/29/2022 9:47:53 AM,A,E,1800.0,BORE #3 WEST EDGE,F,,D,11/29/2022 9:47:55 AM,11/29/2022 9:47:55 AM,False,True,4,,,,False,,,
1928873,9370-2022-03334,1,False,9370,11/1/2022 2:15:00 PM,1415,008,14,109,Oakland,1,True,True,E,HIT OBJECT,,Tuesday,NotApplicable,False,,,False,True,False,ALAMEDA SUPERIOR COURT WILEY W. MANUEL COURTHOUSE,I,FIXED OBJECT,ATTENUATOR,0,0,CLEAR,,NO UNUSUAL CONDITIONS,,A,DAYLIGHT,37.824906,-122.313746,,,,,A,NO PEDESTRIANS INVOLVED,11/1/2022 2:15:00 PM,A,VC 22350,False,1,I-80 W/B,,,11/29/2022 9:06:24 AM,A,E,15.0,SFOBB TOLL PLAZA,F,,D,11/29/2022 9:06:25 AM,11/29/2022 9:06:25 AM,False,True,4,,11/1/2022 3:13:00 PM,1513,False,,,True
1928743,9370-2022-03323,1,False,9370,10/31/2022 4:45:00 PM,1645,024,14,109,Oakland,1,True,True,C,REAR END,,Monday,NotApplicable,False,,,False,True,False,ALAMEDA SUPERIOR COURT WILEY W. MANUEL COURTHOUSE,C,OTHER MOTOR VEHICLE,,0,0,CLEAR,,NO UNUSUAL CONDITIONS,,A,DAYLIGHT,37.854341,-122.219045,,,,,A,NO PEDESTRIANS INVOLVED,10/31/2022 4:45:00 PM,A,VC 22350,False,1,SR-24 E/B,,,11/29/2022 7:51:54 AM,A,W,460.0,BORE #1 WEST EDGE,F,,D,11/29/2022 7:51:55 AM,11/29/2022 7:51:55 AM,False,True,4,,10/31/2022 4:49:00 PM,1649,False,,False,
1928706,9370-2022-03179,1,False,9370,10/14/2022 5:30:00 AM,530,052,14,109,Oakland,1,True,True,C,REAR END,,Friday,Yes,False,F,,False,True,True,ALAMEDA SUPERIOR COURT WILEY W. MANUEL COURTHOUSE,C,OTHER MOTOR VEHICLE,,1,0,CLEAR,,NO UNUSUAL CONDITIONS,,D,DARK-NO STREET LIGHTS,37.735217,-122.139761,,,,,A,NO PEDESTRIANS INVOLVED,10/14/2022 5:30:00 AM,A,VC 22350,False,1,I-580 WB,,,11/29/2022 7:13:36 AM,A,E,900.0,FOOTHILL BLVD,F,,D,11/29/2022 7:13:37 AM,11/29/2022 7:13:37 AM,False,True,4,False,,,False,,,
1928702,9370-2022-03100,1,False,9370,10/14/2022 5:35:00 AM,535,052,14,109,Oakland,1,True,True,C,REAR END,,Friday,NotApplicable,False,,,False,True,True,ALAMEDA SUPERIOR COURT WILEY W. MANUEL COURTHOUSE,C,OTHER MOTOR VEHICLE,,0,0,CLEAR,,NO UNUSUAL CONDITIONS,,D,DARK-NO STREET LIGHTS,37.735987,-122.140005,,,,,A,NO PEDESTRIANS INVOLVED,10/14/2022 5:35:00 AM,C,,,,I-580 WB,,,11/29/2022 7:08:39 AM,A,E,550.0,FOOTHILL BLVD,F,,D,11/29/2022 7:08:41 AM,11/29/2022 7:08:41 AM,False,True,4,,,,False,,,
1928697,9370-2022-03183,1,False,9370,10/14/2022 5:32:00 AM,532,052,14,109,Oakland,1,True,True,B,SIDE SWIPE,,Friday,No,False,,,False,True,True,ALAMEDA SUPERIOR COURT WILEY W. MANUEL COURTHOUSE,C,OTHER MOTOR VEHICLE,,0,0,CLEAR,,NO UNUSUAL CONDITIONS,,D,DARK-NO STREET LIGHTS,37.0,-122.0,,,,,A,NO PEDESTRIANS INVOLVED,10/14/2022 5:32:00 AM,C,,,,I-580 WB,,,11/29/2022 7:05:57 AM,A,E,500.0,FOOTHILL BLVD,F,,D,11/29/2022 7:06:00 AM,11/29/2022 7:06:00 AM,False,True,4,,,,False,,,
1928673,9370-2022-03318,1,False,9370,10/31/2022 8:33:00 AM,833,177,14,109,Oakland,1,True,True,C,REAR END,,Monday,NotApplicable,False,,,False,True,False,ALAMEDA SUPERIOR COURT WILEY W. MANUEL COURTHOUSE,C,OTHER MOTOR VEHICLE,,0,0,CLEAR,,NO UNUSUAL CONDITIONS,,A,DAYLIGHT,37.792416,-122.26237,,,,,A,NO PEDESTRIANS INVOLVED,10/31/2022 8:33:00 AM,A,VC 22350,False,1,I-880 N/B,,,11/29/2022 6:44:58 AM,A,N,855.0,5TH AVENUE,F,,D,11/29/2022 6:45:00 AM,11/29/2022 6:45:00 AM,False,True,4,,10/31/2022 8:36:00 AM,836,False,,,True
1928670,9370-2022-03298,1,False,9370,10/30/2022 2:45:00 AM,245,054,14,109,Oakland,1,True,True,C,REAR END,,Sunday,NotApplicable,False,,,False,True,True,ALAMEDA SUPERIOR COURT WILEY W. MANUEL COURTHOUSE,C,OTHER MOTOR VEHICLE,,0,0,CLEAR,,NO UNUSUAL CONDITIONS,,D,DARK-NO STREET LIGHTS,37.799334,-122.221729,,,,,A,NO PEDESTRIANS INVOLVED,10/30/2022 2:45:00 AM,A,VC 21658(A),False,1,I-580 E/B,,,11/29/2022 6:41:11 AM,A,W,1372.0,FRUITVALE AVENUE,F,,D,11/29/2022 6:41:14 AM,11/29/2022 6:41:14 AM,False,True,4,,10/30/2022 3:00:00 AM,300,False,,,
1928649,9370-2022-03499,1,False,9370,11/14/2022 6:45:00 AM,645,024,14,109,Oakland,1,True,True,C,REAR END,,Monday,NotApplicable,False,M,,False,True,False,ALAMEDA SUPERIOR COURT WILEY W. MANUEL COURTHOUSE,C,OTHER MOTOR VEHICLE,,0,0,CLEAR,,NO UNUSUAL CONDITIONS,,C,DARK-STREET LIGHTS,37.834858,-122.265279,,,,,A,NO PEDESTRIANS INVOLVED,11/14/2022 6:45:00 AM,A,VC 22350,False,1,SR-24 E/B TO 51ST STREET,,,11/29/2022 6:03:33 AM,A,W,650.0,52ND ST,F,,D,11/29/2022 6:03:35 AM,11/29/2022 6:03:35 AM,False,True,4,,11/14/2022 6:50:00 AM,650,False,,,True
1927714,9370-2022-03297,1,False,9370,10/29/2022 8:45:00 PM,2045,008,14,109,Oakland,1,True,True,B,SIDE SWIPE,,Saturday,NotApplicable,False,,,False,True,False,Alameda Superior Court Wiley W. Manuel Courthouse,C,OTHER MOTOR VEHICLE,,0,0,CLEAR,,NO UNUSUAL CONDITIONS,,C,DARK-STREET LIGHTS,37.823627,-122.313696,,,,,B,CROSSING IN CROSS WALK AT INTERSECTION,10/29/2022 8:45:00 PM,A,VC 21658(A),False,1,I-80 E/B TO I-880 S/B,,,11/28/2022 10:30:03 AM,A,E,205.0,SFOBB TOLL PLAZA,F,,D,11/28/2022 10:30:05 AM,11/28/2022 10:30:05 AM,False,True,4,,,,False,,,
1927583,9370-2022-03287,1,False,9370,10/28/2022 7:00:00 PM,1900,177,14,109,Oakland,1,True,True,C,REAR END,,Friday,NotApplicable,False,,,False,True,False,ALAMEDA SUPERIOR COURT WILEY W. MANUEL COURTHOUSE,C,OTHER MOTOR VEHICLE,,0,0,CLEAR,,NO UNUSUAL CONDITIONS,,C,DARK-STREET LIGHTS,37.792883,-122.26303,,,,,A,NO PEDESTRIANS INVOLVED,10/28/2022 7:00:00 PM,A,VC 22350,False,1,I-880 N/B,,,11/28/2022 9:22:12 AM,A,S,1300.0,OAK ST,F,,D,11/28/2022 9:22:14 AM,11/28/2022 9:22:14 AM,False,True,4,,,,False,,,
1927517,9370-2022-03283,1,False,9370,10/28/2022 9:47:00 AM,947,176,14,109,Oakland,1,True,True,C,REAR END,,Friday,NotApplicable,False,M,,False,True,False,ALAMEDA SUPERIOR COURT WILEY W. MANUEL COURTHOUSE,C,OTHER MOTOR VEHICLE,,0,0,CLEAR,,NO UNUSUAL CONDITIONS,,A,DAYLIGHT,37.763277,-122.21602,,,,,A,NO PEDESTRIANS INVOLVED,10/28/2022 9:47:00 AM,A,VC 22350,False,1,I-880 N/B,,,11/28/2022 8:47:15 AM,A,N,250.0,50TH AVE,F,,D,11/28/2022 8:47:17 AM,11/28/2022 8:47:17 AM,False,True,4,,10/28/2022 9:57:00 AM,957,False,,True,
1927357,9335-2022-02176,1,False,9335,11/12/2022 12:50:00 PM,1250,083,14,109,Oakland,1,True,True,C,REAR END,,Saturday,NotApplicable,False,,,False,True,True,ALAMEDA SUPERIOR COURT ALAMEDA,C,OTHER MOTOR VEHICLE,,0,0,CLEAR,,NO UNUSUAL CONDITIONS,,A,DAYLIGHT,37.818503,-122.352613,,,,,A,NO PEDESTRIANS INVOLVED,11/12/2022 12:50:00 PM,A,VC 22350,False,1,I-80 WESTBOUND,,,11/28/2022 6:43:26 AM,A,E,0.6,NORTH GATE RD,M,,D,11/28/2022 6:43:28 AM,11/28/2022 6:43:28 AM,False,True,4,,11/12/2022 1:00:00 PM,1300,False,,,True
1927340,9370-2022-03278,1,False,9370,10/27/2022 5:35:00 PM,1735,178,14,109,Oakland,1,True,True,C,REAR END,,Thursday,NotApplicable,False,M,,False,True,False,ALAMEDA SUPERIOR COURT WILEY W. MANUEL COURTHOUSE,C,OTHER MOTOR VEHICLE,,0,0,CLEAR,,NO UNUSUAL CONDITIONS,,D,DARK-NO STREET LIGHTS,37.816061,-122.298071,,,,,A,NO PEDESTRIANS INVOLVED,10/27/2022 5:35:00 PM,A,VC 22350,False,1,I-880 N/B,,,11/28/2022 6:15:39 AM,A,N,105.0,16TH ST,F,,D,11/28/2022 6:15:41 AM,11/28/2022 6:15:41 AM,False,True,4,,10/27/2022 5:40:00 PM,1740,False,,,True
1927334,9370-2022-03271,1,False,9370,10/27/2022 11:10:00 PM,2310,055,14,109,Oakland,1,True,True,E,HIT OBJECT,,Thursday,NotApplicable,False,,,False,True,True,ALAMEDA SUPERIOR COURT WILEY W. MANUEL COURTHOUSE,I,FIXED OBJECT,CONCRETE WALL,0,0,CLEAR,,NO UNUSUAL CONDITIONS,,C,DARK-STREET LIGHTS,37.826537,-122.287739,,,,,A,NO PEDESTRIANS INVOLVED,10/27/2022 11:10:00 PM,A,VC 23152(a),True,1,I-580 W/B TO I-80 W/B,,,11/28/2022 6:09:00 AM,A,E,543.0,MANDELA PKY,F,,D,11/28/2022 6:09:02 AM,11/28/2022 6:09:02 AM,False,True,4,,10/27/2022 11:14:00 PM,2314,False,,,
1927167,9370-2022-03566,1,False,9370,11/19/2022 9:13:00 PM,2113,055,14,109,Oakland,1,True,True,E,HIT OBJECT,,Saturday,Yes,False,,,False,True,True,ALAMEDA SUPERIOR COURT WILEY W. MANUEL COURTHOUSE,I,FIXED OBJECT,CEMENT MEDIAN,1,0,CLEAR,,NO UNUSUAL CONDITIONS,,C,DARK-STREET LIGHTS,37.819907,-122.255132,,,,,A,NO PEDESTRIANS INVOLVED,11/19/2022 9:13:00 PM,A,VC 23152(a),True,1,I-580 W/B,,,11/27/2022 2:03:58 PM,A,W,160.0,HARRISON STREET,F,,D,11/27/2022 2:04:00 PM,11/27/2022 2:04:00 PM,False,True,4,,11/19/2022 9:14:00 PM,2114,False,,,True
1927127,9370-2022-03275,1,False,9370,10/27/2022 11:30:00 PM,2330,054,14,109,Oakland,1,True,True,B,SIDE SWIPE,,Thursday,NotApplicable,False,M,,False,True,False,ALAMEDA SUPERIOR COURT WILEY W. MANUEL COURTHOUSE,C,OTHER MOTOR VEHICLE,,0,0,CLEAR,,NO UNUSUAL CONDITIONS,,D,DARK-NO STREET LIGHTS,37.81406,-122.25097,,,,,A,NO PEDESTRIANS INVOLVED,10/27/2022 11:30:00 PM,A,VC 21658(A),False,1,I-580 E/B,,,11/27/2022 11:32:59 AM,A,W,1265.0,GRAND AVE,F,,D,11/27/2022 11:33:01 AM,11/27/2022 11:33:01 AM,False,True,4,,,,False,,,
1927112,9370-2022-03009,1,False,9370,10/7/2022 7:15:00 PM,1915,177,14,109,Oakland,1,True,True,C,REAR END,,Friday,NotApplicable,False,,,False,True,False,Alameda Superior Court Wiley W. Manuel Courthouse,C,OTHER MOTOR VEHICLE,,0,0,CLEAR,,NO UNUSUAL CONDITIONS,,D,DARK-NO STREET LIGHTS,37.796897,-122.270194,,,,,A,NO PEDESTRIANS INVOLVED,10/7/2022 7:15:00 PM,A,VC 22350,False,1,I-880 N/B FROM JACKSON ST,,,11/27/2022 10:06:20 AM,A,N,413.0,JACKSON ST,F,,D,11/27/2022 10:06:22 AM,11/27/2022 10:06:22 AM,False,True,4,,,,False,,,
1927109,9370-2022-03049,1,False,9370,10/6/2022 9:20:00 PM,2120,024,14,109,Oakland,1,True,True,D,BROADSIDE,,Thursday,Yes,False,,,False,True,False,ALAMEDA SUPERIOR COURT WILEY W. MANUEL COURTHOUSE,C,OTHER MOTOR VEHICLE,,1,0,CLEAR,,NO UNUSUAL CONDITIONS,,C,DARK-STREET LIGHTS,37.854633,-122.21725,,,,,A,NO PEDESTRIANS INVOLVED,10/6/2022 9:20:00 PM,A,VC 21658(a),False,1,SR-24 W/B,,,11/27/2022 10:02:22 AM,A,E,20.0,CALDECOTT TUNNEL BORE#3,F,,D,11/27/2022 10:02:25 AM,11/27/2022 10:02:25 AM,False,True,4,,10/6/2022 9:30:00 PM,2130,True,AREA PHOTO FILE,True,
1927102,9370-2022-03577,1,False,9370,11/20/2022 2:00:00 PM,1400,052,14,109,Oakland,1,True,True,B,SIDE SWIPE,,Sunday,NotApplicable,False,,,False,True,False,ALAMEDA SUPERIOR COURT WILEY W. MANUEL COURTHOUSE,C,OTHER MOTOR VEHICLE,,0,0,CLEAR,,NO UNUSUAL CONDITIONS,,A,DAYLIGHT,37.777824,-122.167712,,,,,A,NO PEDESTRIANS INVOLVED,11/20/2022 2:00:00 PM,A,VC 21658(A),False,,I-580 E/B,,,11/27/2022 9:16:34 AM,A,W,1130.0,EDWARDS AVENUE,F,,D,11/27/2022 9:16:37 AM,11/27/2022 9:16:37 AM,False,True,4,,11/20/2022 2:05:00 PM,1405,False,,,True
1927100,9370-2022-03531,1,False,9370,11/17/2022 8:32:00 AM,832,052,14,109,Oakland,1,True,True,C,REAR END,,Thursday,Yes,False,,,False,True,True,ALAMEDA SUPERIOR COURT WILEY W. MANUEL COURTHOUSE,C,OTHER MOTOR VEHICLE,,1,0,CLOUDY,,NO UNUSUAL CONDITIONS,,A,DAYLIGHT,37.779335,-122.170307,,,,,A,NO PEDESTRIANS INVOLVED,11/17/2022 8:32:00 AM,A,VC 22350,False,1,I-580 WESTBOUND,,,11/27/2022 9:08:29 AM,A,E,1120.0,KUHNLE AVENUE,F,,D,11/27/2022 9:08:31 AM,11/27/2022 9:08:31 AM,False,True,4,,11/17/2022 8:41:00 AM,841,False,,,
1927087,9370-2022-03262,1,False,9370,10/27/2022 12:17:00 PM,1217,008,14,109,Oakland,1,True,True,E,HIT OBJECT,,Thursday,NotApplicable,False,,,False,True,True,ALAMEDA SUPERIOR COURT WILEY W. MANUEL COURTHOUSE,I,FIXED OBJECT,CONCRETE SUPPORT,0,0,CLEAR,,NO UNUSUAL CONDITIONS,,Courtesy ReportA,DAYLIGHT,37.824796,-122.313787,,,,,A,NO PEDESTRIANS INVOLVED,10/27/2022 12:17:00 PM,A,VC 22107,False,1,I-80 W/B,,,11/27/2022 8:10:21 AM,A,W,1220.0,I-80 W/B TO WEST GRAND AVENUE,F,,D,11/27/2022 8:10:23 AM,11/27/2022 8:10:23 AM,False,True,4,,10/27/2022 12:25:00 PM,1225,False,,True,
1927084,9370-2022-02873,1,False,9370,9/23/2022 5:00:00 PM,1700,177,14,109,Oakland,1,True,True,B,SIDE SWIPE,,Friday,NotApplicable,False,,,False,True,False,Alameda Superior Court Wiley W. Manuel Courthouse,C,OTHER MOTOR VEHICLE,,0,0,CLEAR,,NO UNUSUAL CONDITIONS,,A,DAYLIGHT,37.787713,-122.248948,,,,,A,NO PEDESTRIANS INVOLVED,9/23/2022 5:00:00 PM,A,VC 21658(A),False,,I-880 S/B,,,11/27/2022 7:58:30 AM,A,N,1386.0,16TH AVE,F,,D,11/27/2022 7:58:32 AM,11/27/2022 7:58:32 AM,False,True,4,,,,False,,,
1927073,9370-2022-03227,1,False,9370,10/25/2022 12:02:00 AM,2,008,14,109,Oakland,1,True,True,B,SIDE SWIPE,,Tuesday,NotApplicable,False,M,,False,True,False,ALAMEDA SUPERIOR COURT WILEY W. MANUEL COURTHOUSE,I,FIXED OBJECT,RAISED CONCRETE BARRIER,0,0,CLEAR,,NO UNUSUAL CONDITIONS,,C,DARK-STREET LIGHTS,37.826675,-122.29677,,,,,A,NO PEDESTRIANS INVOLVED,10/25/2022 12:02:00 AM,A,VC 22107,False,1,I-80 E/B TO I-580 E/B,,,11/27/2022 6:32:58 AM,A,W,1700.0,BEACH STREET,F,,D,11/27/2022 6:32:59 AM,11/27/2022 6:32:59 AM,False,True,4,,,,False,,,
1927068,9370-2022-02775,1,False,9370,9/17/2022 7:13:00 PM,1913,008,14,109,Oakland,1,True,True,E,HIT OBJECT,,Saturday,Yes,False,,,False,True,False,ALAMEDA SUPERIOR COURT WILEY W. MANUEL COURTHOUSE,I,FIXED OBJECT,CONCRETE BARRIER WALL,1,0,CLEAR,,NO UNUSUAL CONDITIONS,,D,DARK-NO STREET LIGHTS,37.825092,-122.303253,,,,,A,NO PEDESTRIANS INVOLVED,9/17/2022 7:13:00 PM,A,VC 22107,False,1,I-580 E/B,,,11/27/2022 6:18:00 AM,A,E,517.0,MARITIME STREET,F,,D,11/27/2022 6:18:02 AM,11/27/2022 6:18:02 AM,False,True,4,,,,False,,,
1946665,9370-2022-03606,1,False,9370,11/24/2022 4:45:00 PM,1645,008,14,109,Oakland,1,True,True,B,SIDE SWIPE,,Thursday,Yes,False,M,,False,True,True,ALAMEDA SUPERIOR COURT WILEY W. MANUEL COURTHOUSE,C,OTHER MOTOR VEHICLE,,1,0,CLEAR,,NO UNUSUAL CONDITIONS,,B,DUSK-DAWN,37.825163,-122.304732,,,,,A,NO PEDESTRIANS INVOLVED,11/24/2022 4:45:00 PM,A,VC 21658(A),False,1,I-80 E/B,,,12/20/2022 5:53:16 AM,A,E,1400.0,W. GRAND AVE,F,,D,12/20/2022 5:53:21 AM,12/20/2022 5:53:21 AM,False,True,4,False,11/24/2022 5:05:00 PM,1705,True,EMBEDDED,,True
1946656,9370-2022-03557,1,False,9370,11/19/2022 12:02:00 AM,2,176,14,109,Oakland,1,True,True,C,REAR END,,Saturday,Yes,False,,,False,True,True,ALAMEDA SUPERIOR COURT WILEY W. MANUEL COURTHOUSE,C,OTHER MOTOR VEHICLE,,1,0,CLEAR,,NO UNUSUAL CONDITIONS,,C,DARK-STREET LIGHTS,37.737771,-122.193785,,,,,A,NO PEDESTRIANS INVOLVED,11/19/2022 12:02:00 AM,A,VC 22350,False,1,I-880 N/B,,,12/20/2022 5:39:41 AM,A,S,1250.0,HEGENBERGER RD,F,,D,12/20/2022 5:39:44 AM,12/20/2022 5:39:44 AM,False,True,4,,11/19/2022 12:09:00 AM,9,False,,,True
1946060,9370-2022-03853,1,False,9370,12/10/2022 10:01:00 AM,1001,024,14,109,Oakland,1,True,True,E,HIT OBJECT,,Saturday,NotApplicable,False,,,False,True,False,ALAMEDA SUPERIOR COURT WILEY W. MANUEL COURTHOUSE,I,FIXED OBJECT,CONCRETE BARRIER,1,0,RAINING,,FLOODED*,,A,DAYLIGHT,37.847648,-122.245042,,,,,A,NO PEDESTRIANS INVOLVED,12/10/2022 10:01:00 AM,A,VC 22350,False,1,SR-24 WB,,,12/19/2022 12:50:19 PM,B,E,2200.0,COLLEGE AVE,F,,D,12/19/2022 12:50:21 PM,12/19/2022 12:50:21 PM,False,True,4,,12/10/2022 10:06:00 AM,1006,False,,,True
1945815,9370-2022-03878,1,False,9370,12/16/2022 2:18:00 PM,1418,176,14,109,Oakland,1,True,True,C,REAR END,,Friday,NotApplicable,False,,,False,True,True,ALAMEDA SUPERIOR COURT WILEY W. MANUEL COURTHOUSE,C,OTHER MOTOR VEHICLE,,0,0,CLEAR,,NO UNUSUAL CONDITIONS,,A,DAYLIGHT,37.774372,-122.23138,,,,,A,NO PEDESTRIANS INVOLVED,12/16/2022 2:18:00 PM,A,VC 22350,False,1,I-880 NORTHBOUND,,,12/19/2022 10:21:15 AM,A,S,610.0,29TH AVENUE,F,,D,12/19/2022 10:21:17 AM,12/19/2022 10:21:17 AM,False,True,4,,12/16/2022 2:25:00 PM,1425,False,,,True