collision-id,report-number,report-version,is-preliminary,ncic-code,crash-date-time,crash-time-description,beat,city-id,city-code,city-name,county-code,city-is-active,city-is-incorporated,collision-type-code,collision-type-description,collision-type-other-desc,day-of-week,dispatch-notified,has-photographs,hit-run,is-attachments-mailed,is-deleted,is-highway-related,is-tow-away,judicial-district,motor-vehicle-involved-with-code,motor-vehicle-involved-with-desc,motor-vehicle-involved-with-other-desc,number-injured,number-killed,weather-1,weather-2,road-condition-1,road-condition-2,special-condition-lighting-code,lighting-description,latitude,longitude,milepost-direction,milepost-distance,milepost-marker,milepost-unit-of-measure,pedestrian-action-code,pedestrian-action-desc,prepared-date,primary-collision-factor-code,primary-collision-factor-violation,primary-collision-factor-is-cited,primary-collision-party-number,primary-road,reporting-district,reporting-district-code,reviewed-date,roadway-surface-code,secondary-direction,secondary-distance,secondary-road,secondary-unit-of-measure,sketch-desc,traffic-control-device-code,created-date,modified-date,is-county-road,is-freeway,chp-555-version,is-additonal-object-struck,notification-date,notification-time-description,has-digital-media-files,evidence-number,is-location-refer-to-narrative,is-aoi-one-same-as-location
1965648,9370-2022-04004,1,False,9370,12/31/2022 6:16:00 AM,616,177,14,109,Oakland,1,True,True,D,BROADSIDE,,Saturday,Yes,False,,,False,True,True,ALAMEDA SUPERIOR COURT WILEY W. MANUEL COURTHOUSE,C,OTHER MOTOR VEHICLE,,2,0,CLOUDY,RAINING,NO UNUSUAL CONDITIONS,,D,DARK-NO STREET LIGHTS,37.781565,-122.238808,,,,,A,NO PEDESTRIANS INVOLVED,12/31/2022 6:16:00 AM,C,,,,I-880 N/B,,,1/11/2023 10:15:55 AM,B,N,1041.0,23RD AVE,F,,B,1/11/2023 10:15:58 AM,1/11/2023 10:15:58 AM,False,True,4,True,12/31/2022 6:19:00 AM,619,False,,,True
1965614,9370-2022-04003,1,False,9370,12/31/2022 6:15:00 AM,615,177,14,109,Oakland,1,True,True,E,HIT OBJECT,,Saturday,NotApplicable,False,,,False,True,True,ALAMEDA SUPERIOR COURT WILEY W. MANUEL COURTHOUSE,I,FIXED OBJECT,CONCRETE BARRIER,0,0,CLOUDY,,NO UNUSUAL CONDITIONS,,D,DARK-NO STREET LIGHTS,37.781565,-122.238808,,,,,A,NO PEDESTRIANS INVOLVED,12/31/2022 6:15:00 AM,A,VC 22350,False,1,I-880 N/B,,,1/11/2023 9:49:20 AM,B,N,1041.0,23RD AVE,F,,D,1/11/2023 9:49:22 AM,1/11/2023 9:49:22 AM,False,True,4,,12/31/2022 6:19:00 AM,619,False,,,True
1965454,9370-2022-03986,1,False,9370,12/30/2022 5:40:00 AM,540,013,14,109,Oakland,1,True,True,E,HIT OBJECT,,Friday,Yes,False,,,False,True,True,ALAMEDA SUPERIOR COURT WILEY W. MANUEL COURTHOUSE,I,FIXED OBJECT,TREE,1,0,RAINING,,NO UNUSUAL CONDITIONS,,D,DARK-NO STREET LIGHTS,37.813079,-122.20058,,,,,A,NO PEDESTRIANS INVOLVED,12/30/2022 5:40:00 AM,A,VC 22350,False,1,SR-13 S/B,,,1/11/2023 8:12:37 AM,B,N,815.0,LINCOLN AVE,F,,D,1/11/2023 8:12:39 AM,1/11/2023 8:12:39 AM,False,True,4,,12/30/2022 5:45:00 AM,545,False,,,True
1965444,9370-2022-03808,1,False,9370,12/10/2022 8:24:00 PM,2024,178,14,109,Oakland,1,True,True,B,SIDE SWIPE,,Saturday,NotApplicable,False,,,False,True,False,ALAMEDA SUPERIOR COURT WILEY W. MANUEL COURTHOUSE,C,OTHER MOTOR VEHICLE,,0,0,RAINING,,NO UNUSUAL CONDITIONS,,E,DARK-STREET LIGHTS NOT FUNCTIONING*,37.803015,-122.300387,,,,,A,NO PEDESTRIANS INVOLVED,12/10/2022 8:24:00 PM,A,VC 21658(a),False,1,I-880 N/B,,,1/11/2023 8:01:34 AM,B,S,2058.0,7TH ST,F,,D,1/11/2023 8:01:37 AM,1/11/2023 8:01:37 AM,False,True,4,,12/10/2022 8:29:00 PM,2029,False,,,True
1965435,9370-2022-03977,1,False,9370,12/29/2022 9:00:00 PM,2100,054,14,109,Oakland,1,True,True,E,HIT OBJECT,,Thursday,NotApplicable,False,,,False,True,True,ALAMEDA SUPERIOR COURT WILEY W. MANUEL COURTHOUSE,I,FIXED OBJECT,METAL GAURD RAIL,0,0,RAINING,,NO UNUSUAL CONDITIONS,,D,DARK-NO STREET LIGHTS,37.809544,-122.245039,,,,,A,NO PEDESTRIANS INVOLVED,12/29/2022 9:00:00 PM,A,VC 22350,False,1,I-580 W/B,,,1/11/2023 7:54:44 AM,B,E,340.0,LAKESHORE AVENUE,F,,D,1/11/2023 7:54:46 AM,1/11/2023 7:54:46 AM,False,True,4,,12/29/2022 9:02:00 PM,2102,False,,,True
1965422,9370-2022-03974,1,False,9370,12/29/2022 9:52:00 AM,952,052,14,109,Oakland,1,True,True,F,OVERTURNED,,Thursday,Yes,False,,,False,True,True,ALAMEDA SUPERIOR COURT WILEY W. MANUEL COURTHOUSE,A,NON-COLLISION,CONCRETE MEDIAN,1,0,CLOUDY,,NO UNUSUAL CONDITIONS,,A,DAYLIGHT,37.779112,-122.16977,,,,,A,NO PEDESTRIANS INVOLVED,12/29/2022 9:52:00 AM,A,VC 22107,False,1,I-580 W/B,,,1/11/2023 7:45:09 AM,B,E,1340.0,SEMINARY AVE,F,,D,1/11/2023 7:45:11 AM,1/11/2023 7:45:11 AM,False,True,4,,12/29/2022 9:56:00 AM,956,False,,,True
1965394,9370-2022-03907,1,False,9370,12/20/2022 9:55:00 AM,955,176,14,109,Oakland,1,True,True,B,SIDE SWIPE,,Tuesday,NotApplicable,False,M,,False,True,False,ALAMEDA SUPERIOR COURT WILEY W. MANUEL COURTHOUSE,C,OTHER MOTOR VEHICLE,,0,0,CLEAR,,NO UNUSUAL CONDITIONS,,A,DAYLIGHT,37.777378,-122.236736,,,,,A,NO PEDESTRIANS INVOLVED,12/20/2022 9:55:00 AM,A,VC 21658(a),False,1,I-880 N/B,,,1/11/2023 7:10:36 AM,A,S,600.0,23RD AVE,F,,D,1/11/2023 7:10:40 AM,1/11/2023 7:10:40 AM,False,True,4,True,12/20/2022 9:58:00 AM,958,False,,False,True
1964577,9370-2022-03989,1,False,9370,12/30/2022 6:45:00 AM,645,176,14,109,Oakland,1,True,True,B,SIDE SWIPE,,Friday,NotApplicable,False,,,False,True,True,ALAMEDA SUPERIOR COURT WILEY W. MANUEL COURTHOUSE,C,OTHER MOTOR VEHICLE,,0,0,CLOUDY,RAINING,NO UNUSUAL CONDITIONS,,D,DARK-NO STREET LIGHTS,37.777217,-122.236453,,,,,A,NO PEDESTRIANS INVOLVED,12/30/2022 6:45:00 AM,A,VC 21658(A),False,1,I-880 N/B,,,1/10/2023 11:19:47 AM,B,S,292.0,23RD AVE,F,,D,1/10/2023 11:19:50 AM,1/10/2023 11:19:50 AM,False,True,4,,12/30/2022 6:50:00 AM,650,True,AREA PHOTO FILE,,True
1964523,9370-2022-03723,1,False,9370,7/19/2022 6:00:00 AM,600,055,14,109,Oakland,1,True,True,B,SIDE SWIPE,,Tuesday,NotApplicable,False,M,,False,True,False,ALAMEDA SUPERIOR COURT WILEY W. MANUEL COURTHOUSE,C,OTHER MOTOR VEHICLE,,0,0,CLEAR,,NO UNUSUAL CONDITIONS,,Late-ReportedA,DAYLIGHT,37.826717,-122.288016,,,,,A,NO PEDESTRIANS INVOLVED,7/19/2022 6:00:00 AM,A,VC 21658(A),False,1,I-580 W/B TO I-80 E/B,,,1/10/2023 10:46:48 AM,A,E,200.0,MANDELA PKWY,F,,D,1/10/2023 10:46:50 AM,1/10/2023 10:46:50 AM,False,True,4,,12/4/2022 12:00:00 PM,1200,False,,,True
1964194,9335-2022-02541,1,False,9335,12/27/2022 10:05:00 PM,2205,082,14,109,Oakland,1,True,True,B,SIDE SWIPE,,Tuesday,NotApplicable,False,M,,False,True,False,ALAMEDA SUPERIOR COURT ALAMEDA,C,OTHER MOTOR VEHICLE,,0,0,RAINING,,NO UNUSUAL CONDITIONS,,C,DARK-STREET LIGHTS,37.824428,-122.314265,,,,,A,NO PEDESTRIANS INVOLVED,12/27/2022 10:05:00 PM,A,VC 21658(a),False,2,I-80 W/B,,,1/10/2023 6:35:57 AM,A,W,128.0,SFOBB TOLL PLAZA,F,,A,1/10/2023 6:35:59 AM,1/10/2023 6:35:59 AM,False,True,4,,12/27/2022 10:10:00 PM,2210,False,,,True
1964138,9370-2022-03964,1,False,9370,12/27/2022 9:20:00 AM,920,052,14,109,Oakland,1,True,True,B,SIDE SWIPE,,Tuesday,NotApplicable,False,M,,False,True,False,ALAMEDA SUPERIOR COURT WILEY W. MANUEL COURTHOUSE,C,OTHER MOTOR VEHICLE,,0,0,RAINING,,NO UNUSUAL CONDITIONS,,A,DAYLIGHT,37.786759,-122.19622,,,,,A,NO PEDESTRIANS INVOLVED,12/27/2022 9:20:00 AM,A,VC 22350,False,1,I-580 W/B,,,1/10/2023 5:37:14 AM,B,W,15.0,HIGH ST,F,,D,1/10/2023 5:37:16 AM,1/10/2023 5:37:16 AM,False,True,4,,12/27/2022 11:08:00 AM,1108,False,,,True
1964128,9370-2022-03985,1,False,9370,12/30/2022 8:15:00 AM,815,054,14,109,Oakland,1,True,True,C,REAR END,,Friday,NotApplicable,False,M,,False,True,True,ALAMEDA SUPERIOR COURT WILEY W. MANUEL COURTHOUSE,C,OTHER MOTOR VEHICLE,,0,0,RAINING,,NO UNUSUAL CONDITIONS,,A,DAYLIGHT,37.820286,-122.255159,,,,,A,NO PEDESTRIANS INVOLVED,12/30/2022 8:15:00 AM,A,VC 22350,False,1,I-580 W/B FROM OAKLAND AVE,,,1/10/2023 5:13:47 AM,B,W,700.0,OAKLAND AVE,F,,D,1/10/2023 5:13:49 AM,1/10/2023 5:13:49 AM,False,True,4,,12/30/2022 8:20:00 AM,820,False,,,True
1964123,9370-2022-03995,1,False,9370,12/30/2022 9:40:00 PM,2140,024,14,109,Oakland,1,True,True,B,SIDE SWIPE,,Friday,NotApplicable,False,,,False,True,False,ALAMEDA SUPERIOR COURT WILEY W. MANUEL COURTHOUSE,C,OTHER MOTOR VEHICLE,,0,0,RAINING,,NO UNUSUAL CONDITIONS,,C,DARK-STREET LIGHTS,37.854683,-122.21724,,,,,A,NO PEDESTRIANS INVOLVED,12/30/2022 9:40:00 PM,A,VC 22350,False,1,SR-24 EASTBOUND,,,1/10/2023 5:04:21 AM,B,E,200.0,CALDECOTT TUNL,F,,D,1/10/2023 5:04:23 AM,1/10/2023 5:04:23 AM,False,True,4,,12/30/2022 9:45:00 PM,2145,False,,,True
1964120,9370-2022-03666,2,False,9370,11/29/2022 8:04:00 PM,2004,176,14,109,Oakland,1,True,True,B,SIDE SWIPE,,Tuesday,NotApplicable,False,M,,False,True,False,ALAMEDA SUPERIOR COURT WILEY W. MANUEL COURTHOUSE,C,OTHER MOTOR VEHICLE,,0,0,CLEAR,,NO UNUSUAL CONDITIONS,,C,DARK-STREET LIGHTS,37.75465,-122.208554,,,,,A,NO PEDESTRIANS INVOLVED,11/29/2022 8:04:00 PM,A,VC 21658(A),False,1,I-880 N/B,,,4/3/2023 12:07:03 PM,A,S,280.0,66TH AVENUE,F,,D,1/10/2023 4:53:27 AM,4/3/2023 12:07:07 PM,False,True,4,,11/29/2022 8:09:00 PM,2009,False,,,True
1963250,9370-2022-03996,1,False,9370,12/31/2022 12:00:00 AM,0,054,14,109,Oakland,1,True,True,E,HIT OBJECT,,Saturday,NotApplicable,False,,,False,True,False,ALAMEDA SUPERIOR COURT WILEY W. MANUEL COURTHOUSE,I,FIXED OBJECT,CONCRETE WALL,0,0,CLEAR,,NO UNUSUAL CONDITIONS,,D,DARK-NO STREET LIGHTS,37.808729,-122.242634,,,,,A,NO PEDESTRIANS INVOLVED,12/31/2022 12:00:00 AM,A,VC 22350,False,1,I-580 W/B,,,1/9/2023 8:53:52 AM,B,E,1200.0,LAKESHORE AVE,F,,D,1/9/2023 8:53:54 AM,1/9/2023 8:53:54 AM,False,True,4,,12/31/2022 12:08:00 AM,8,False,,,True
1963233,9335-2022-02573,1,False,9335,12/30/2022 5:40:00 PM,1740,084,14,109,Oakland,1,True,True,C,REAR END,,Friday,NotApplicable,False,M,,False,True,False,ALAMEDA SUPERIOR COURT ALAMEDA,C,OTHER MOTOR VEHICLE,,0,0,CLOUDY,,NO UNUSUAL CONDITIONS,,C,DARK-STREET LIGHTS,37.819234,-122.346847,,,,,A,NO PEDESTRIANS INVOLVED,12/30/2022 5:40:00 PM,A,VC 22350,False,1,I-80 E/B,,,1/9/2023 8:48:06 AM,A,E,1.18,YERBA BUENA ISLAND TUNNEL,M,,D,1/9/2023 8:48:08 AM,1/9/2023 8:48:08 AM,False,True,4,,12/30/2022 6:24:00 PM,1824,False,,,True
1963230,9370-2022-03930,1,False,9370,12/22/2022 9:45:00 PM,2145,053,14,109,Oakland,1,True,True,C,REAR END,,Thursday,Yes,False,F,,False,True,True,ALAMEDA SUPERIOR COURT WILEY W. MANUEL COURTHOUSE,C,OTHER MOTOR VEHICLE,,1,0,RAINING,,NO UNUSUAL CONDITIONS,,D,DARK-NO STREET LIGHTS,37.795038,-122.207681,,,,,A,NO PEDESTRIANS INVOLVED,12/22/2022 9:45:00 PM,A,VC 23152(a),True,1,I-580 E/B,,,1/9/2023 8:45:55 AM,B,W,1590.0,35TH AVE,F,,D,1/9/2023 8:45:57 AM,1/9/2023 8:45:57 AM,False,True,4,,12/22/2022 9:47:00 PM,2147,False,,,True
1963122,9370-2022-03784,1,False,9370,12/9/2022 3:25:00 PM,1525,177,14,109,Oakland,1,True,True,B,SIDE SWIPE,,Friday,NotApplicable,False,M,,False,True,True,ALAMEDA SUPERIOR COURT WILEY W. MANUEL COURTHOUSE,C,OTHER MOTOR VEHICLE,,0,0,CLOUDY,,NO UNUSUAL CONDITIONS,,A,DAYLIGHT,37.794989,-122.266227,,,,,A,NO PEDESTRIANS INVOLVED,12/9/2022 3:25:00 PM,A,VC 21658(a),False,1,I-880 SOUTHBOUND,,,1/9/2023 7:14:17 AM,A,S,380.0,OAK STREET,F,,D,1/9/2023 7:14:20 AM,1/9/2023 7:14:20 AM,False,True,4,,12/9/2022 3:45:00 PM,1545,False,,,
1963090,9370-2022-03826,1,False,9370,12/4/2022 5:15:00 PM,1715,025,14,109,Oakland,1,True,True,C,REAR END,,Sunday,NotApplicable,False,,,False,True,False,ALAMEDA SUPERIOR COURT WILEY W. MANUEL COURTHOUSE,C,OTHER MOTOR VEHICLE,,0,0,CLEAR,,NO UNUSUAL CONDITIONS,,B,DUSK-DAWN,37.838506,-122.265397,,,,,A,NO PEDESTRIANS INVOLVED,12/4/2022 5:15:00 PM,A,VC 22350,False,1,SR24 W/B,,,1/9/2023 6:42:47 AM,A,E,285.0,52ND ST,F,,D,1/9/2023 6:42:49 AM,1/9/2023 6:42:49 AM,False,True,4,,12/4/2022 5:20:00 PM,1720,False,,,True
1963083,9370-2022-03711,1,False,9370,11/26/2022 12:10:00 PM,1210,025,14,109,Oakland,1,True,True,C,REAR END,,Saturday,NotApplicable,False,,,False,True,False,ALAMEDA SUPERIOR COURT WILEY W. MANUEL COURTHOUSE,C,OTHER MOTOR VEHICLE,,0,0,CLEAR,,NO UNUSUAL CONDITIONS,,A,DAYLIGHT,37.826437,-122.268395,,,,,A,NO PEDESTRIANS INVOLVED,11/26/2022 12:10:00 PM,A,VC 22350,False,1,SR-24 W/B TO I-580 W/B,,,1/9/2023 6:37:36 AM,A,W,190.0,WEST MACARTHUR BOULEVARD,F,,D,1/9/2023 6:37:38 AM,1/9/2023 6:37:38 AM,False,True,4,,11/26/2022 12:10:00 PM,1210,False,,,True
1962794,9370-2022-03921,1,False,9370,12/21/2022 4:55:00 PM,1655,179,14,109,Oakland,1,True,True,B,SIDE SWIPE,,Wednesday,NotApplicable,False,,,False,True,False,ALAMEDA SUPERIOR COURT WILEY W. MANUEL COURTHOUSE,C,OTHER MOTOR VEHICLE,,0,0,CLEAR,,NO UNUSUAL CONDITIONS,,D,DARK-NO STREET LIGHTS,37.824249,-122.291003,,,,,A,NO PEDESTRIANS INVOLVED,12/21/2022 4:55:00 PM,A,VC 22107,False,1,I-880 NB,,,1/8/2023 1:22:04 PM,A,N,2021.0,WEST GRAND AVENUE,F,,D,1/8/2023 1:22:06 PM,1/8/2023 1:22:06 PM,False,True,4,,12/21/2022 5:02:00 PM,1702,False,,,True
1962793,9370-2022-03962,1,False,9370,12/27/2022 8:25:00 AM,825,054,14,109,Oakland,1,True,True,E,HIT OBJECT,,Tuesday,NotApplicable,False,,,False,True,False,ALAMEDA SUPERIOR COURT WILEY W. MANUEL COURTHOUSE,I,FIXED OBJECT,CONCRETE BARRIER WALL,0,0,RAINING,,NO UNUSUAL CONDITIONS,,A,DAYLIGHT,37.809008,-122.24379,,,,,A,NO PEDESTRIANS INVOLVED,12/27/2022 8:25:00 AM,A,VC 22350,False,1,I-580 W/B,,,1/8/2023 1:15:57 PM,B,E,765.0,LAKESHORE AVENUE,F,,D,1/8/2023 1:15:59 PM,1/8/2023 1:15:59 PM,False,True,4,,12/27/2022 8:29:00 AM,829,False,,,True
1962790,9370-2022-03944,1,False,9370,12/26/2022 2:20:00 PM,1420,008,14,109,Oakland,1,True,True,E,HIT OBJECT,,Monday,NotApplicable,False,,,False,True,False,ALAMEDA SUPERIOR COURT WILEY W. MANUEL COURTHOUSE,I,FIXED OBJECT,LANE DELINEATORS,0,0,CLOUDY,,NO UNUSUAL CONDITIONS,,A,DAYLIGHT,37.824629,-122.313209,,,,,A,NO PEDESTRIANS INVOLVED,12/26/2022 2:20:00 PM,A,VC 22107,False,1,I-80 W/B,,,1/8/2023 12:59:44 PM,A,E,140.0,SFOBB TOLL PLAZA,F,,D,1/8/2023 12:59:46 PM,1/8/2023 12:59:46 PM,False,True,4,,12/26/2022 2:25:00 PM,1425,False,,,True
1962778,9370-2022-03396,1,False,9370,11/6/2022 2:46:00 PM,1446,054,14,109,Oakland,1,True,True,C,REAR END,,Sunday,Yes,False,,,False,True,True,ALAMEDA SUPERIOR COURT WILEY W. MANUEL COURTHOUSE,C,OTHER MOTOR VEHICLE,,1,0,CLEAR,,NO UNUSUAL CONDITIONS,,A,DAYLIGHT,37.811858,-122.2501,,,,,A,NO PEDESTRIANS INVOLVED,11/6/2022 2:46:00 PM,A,VC 23152(a),True,1,I-580 W/B,,,1/8/2023 12:00:41 PM,A,W,615.0,GRAND AVE,F,,D,1/8/2023 12:00:44 PM,1/8/2023 12:00:44 PM,False,True,4,,11/6/2022 2:49:00 PM,1449,False,,,True
1962764,9370-2022-03956,1,False,9370,12/27/2022 5:10:00 AM,510,013,14,109,Oakland,1,True,True,F,OVERTURNED,,Tuesday,Yes,False,,,False,True,False,ALAMEDA SUPERIOR COURT WILEY W. MANUEL COURTHOUSE,A,NON-COLLISION,BODY OF WATER,1,0,RAINING,,NO UNUSUAL CONDITIONS,,C,DARK-STREET LIGHTS,37.820911,-122.206573,,,,,A,NO PEDESTRIANS INVOLVED,12/27/2022 5:10:00 AM,A,VC 22350,False,1,SR-13 N/B,,,1/8/2023 11:27:43 AM,B,S,260.0,PARK BLVD,F,,D,1/8/2023 11:27:45 AM,1/8/2023 11:27:45 AM,False,True,4,,12/27/2022 5:15:00 AM,515,False,,True,
1962763,9370-2022-03952,1,False,9370,12/27/2022 1:31:00 AM,131,024,14,109,Oakland,1,True,True,E,HIT OBJECT,,Tuesday,NotApplicable,False,,,False,True,False,ALAMEDA SUPERIOR COURT WILEY W. MANUEL COURTHOUSE,I,FIXED OBJECT,CONCRETE BARRIER,1,0,RAINING,,FLOODED*,,D,DARK-NO STREET LIGHTS,37.849702,-122.241171,,,,,A,NO PEDESTRIANS INVOLVED,12/27/2022 1:31:00 AM,A,VC 22350,False,1,SR-24 W/B,,,1/8/2023 11:15:42 AM,B,E,3000.0,COLLEGE AVE,F,,D,1/8/2023 11:15:44 AM,1/8/2023 11:15:44 AM,False,True,4,,12/27/2022 1:37:00 AM,137,False,,,
1962757,9370-2022-03585,1,False,9370,11/21/2022 9:10:00 PM,2110,008,14,109,Oakland,1,True,True,F,OVERTURNED,,Monday,Yes,False,,,False,True,True,ALAMEDA SUPERIOR COURT WILEY W. MANUEL COURTHOUSE,A,NON-COLLISION,,1,0,CLEAR,,NO UNUSUAL CONDITIONS,,D,DARK-NO STREET LIGHTS,37.828987,-122.293831,,,,,A,NO PEDESTRIANS INVOLVED,11/21/2022 9:10:00 PM,A,VC 22107,False,1,I-80 W/B TO I-880 S/B,,,1/8/2023 11:01:08 AM,A,W,3360.0,POWELL ST,F,,D,1/8/2023 11:01:11 AM,1/8/2023 11:01:11 AM,False,True,4,,11/21/2022 9:15:00 PM,2115,False,,False,False
1962747,9370-2022-02722,1,False,9370,9/12/2022 5:00:00 PM,1700,024,14,109,Oakland,1,True,True,C,REAR END,,Monday,NotApplicable,False,,,False,True,False,ALAMEDA SUPERIOR COURT WILEY W. MANUEL COURTHOUSE,C,OTHER MOTOR VEHICLE,,0,0,CLEAR,,NO UNUSUAL CONDITIONS,,A,DAYLIGHT,37.848892,-122.228237,,,,,A,NO PEDESTRIANS INVOLVED,9/12/2022 5:00:00 PM,A,VC 22350,False,1,SR-24 WESTBOUND,,,1/8/2023 10:12:01 AM,A,E,600.0,SR-13,F,,D,1/8/2023 10:12:03 AM,1/8/2023 10:12:03 AM,False,True,4,,9/12/2022 5:05:00 PM,1705,False,,True,
1962743,9370-2022-03941,1,False,9370,12/24/2022 1:10:00 AM,110,025,14,109,Oakland,1,True,True,E,HIT OBJECT,,Saturday,Yes,False,,,False,True,True,ALAMEDA SUPERIOR COURT WILEY W. MANUEL COURTHOUSE,I,FIXED OBJECT,GUARD RAIL,0,0,CLEAR,,NO UNUSUAL CONDITIONS,,C,DARK-STREET LIGHTS,37.831548,-122.26774,,,,,A,NO PEDESTRIANS INVOLVED,12/24/2022 1:10:00 AM,A,VC 23152(A),True,1,SR-24 W/B FROM MARTIN LUTHER KING JR. WAY,,,1/8/2023 10:04:21 AM,A,W,265.0,42ND ST,F,,D,1/8/2023 10:04:23 AM,1/8/2023 10:04:23 AM,False,True,4,,12/24/2022 1:15:00 AM,115,False,,False,True
1961659,9370-2022-03994,1,False,9370,12/30/2022 10:00:00 PM,2200,055,14,109,Oakland,1,True,True,E,HIT OBJECT,,Friday,NotApplicable,False,,,False,True,False,ALAMEDA SUPERIOR COURT WILEY W. MANUEL COURTHOUSE,I,FIXED OBJECT,CHAIN-LINK FENCE,0,0,CLOUDY,RAINING,NO UNUSUAL CONDITIONS,,D,DARK-NO STREET LIGHTS,37.809545,-122.24478,,,,,A,NO PEDESTRIANS INVOLVED,12/30/2022 10:00:00 PM,A,VC 22350,False,1,I-580 W/B,,,1/6/2023 8:01:25 AM,D,E,200.0,LAKE PARK AVE,F,,D,1/6/2023 8:01:27 AM,1/6/2023 8:01:27 AM,False,True,4,,12/30/2022 10:05:00 PM,2205,False,,,True
1961615,9370-2022-03990,1,False,9370,12/30/2022 12:35:00 PM,1235,008,14,109,Oakland,1,True,True,E,HIT OBJECT,,Friday,NotApplicable,False,,,False,True,True,ALAMEDA SUPERIOR COURT WILEY W. MANUEL COURTHOUSE,I,FIXED OBJECT,GUARDRAIL,0,0,CLOUDY,RAINING,NO UNUSUAL CONDITIONS,,A,DAYLIGHT,37.827496,-122.294963,,,,,A,NO PEDESTRIANS INVOLVED,12/30/2022 12:35:00 PM,A,VC 22350,False,1,I-80 E/B,,,1/6/2023 7:23:48 AM,B,W,580.0,I-80 W/B TO I-880 S/B TRANSITION,F,,D,1/6/2023 7:23:50 AM,1/6/2023 7:23:50 AM,False,True,4,,12/30/2022 12:46:00 PM,1246,False,,False,True
1961606,9370-2022-03973,1,False,9370,12/29/2022 11:21:00 AM,1121,008,14,109,Oakland,1,True,True,E,HIT OBJECT,,Thursday,NotApplicable,False,,,False,True,True,ALAMEDA SUPERIOR COURT WILEY W. MANUEL COURTHOUSE,I,FIXED OBJECT,CONCRETE WALL,1,0,CLOUDY,RAINING,NO UNUSUAL CONDITIONS,,A,DAYLIGHT,37.827606,-122.294805,,,,,A,NO PEDESTRIANS INVOLVED,12/29/2022 11:21:00 AM,A,VC 22350,False,1,I-80 E/B,,,1/6/2023 7:18:59 AM,B,W,0.75,POWELL ST.,M,,A,1/6/2023 7:19:00 AM,1/6/2023 7:19:00 AM,False,True,4,,12/29/2022 11:26:00 AM,1126,False,,,True
1961551,9370-2022-03735,1,False,9370,12/4/2022 5:08:00 PM,1708,025,14,109,Oakland,1,True,True,C,REAR END,,Sunday,NotApplicable,False,F,,False,True,False,ALAMEDA SUPERIOR COURT WILEY W. MANUEL COURTHOUSE,C,OTHER MOTOR VEHICLE,,2,0,RAINING,,NO UNUSUAL CONDITIONS,,C,DARK-STREET LIGHTS,37.83314,-122.266642,,,,,A,NO PEDESTRIANS INVOLVED,12/4/2022 5:08:00 PM,A,VC 22350,False,1,SR-24 W/B,,,1/6/2023 5:09:34 AM,B,W,100.0,45TH ST,F,,D,1/6/2023 5:09:36 AM,1/6/2023 5:09:36 AM,False,True,4,,12/4/2022 5:17:00 PM,1717,False,,,True
1961176,9370-2022-03733,1,False,9370,12/4/2022 2:30:00 PM,1430,024,14,109,Oakland,1,True,True,C,REAR END,,Sunday,Yes,False,F,,False,True,False,ALAMEDA SUPERIOR COURT WILEY W. MANUEL COURTHOUSE,C,OTHER MOTOR VEHICLE,,1,0,CLEAR,,NO UNUSUAL CONDITIONS,,C,DARK-STREET LIGHTS,37.857042,-122.214149,,,,,A,NO PEDESTRIANS INVOLVED,12/4/2022 2:30:00 PM,A,VC 21658(A),False,1,SR-24 W/B,,,1/5/2023 2:20:13 PM,A,E,330.0,OLD TUNNEL RD,F,,D,1/5/2023 2:20:16 PM,1/5/2023 2:20:16 PM,False,True,4,,12/4/2022 2:38:00 PM,1438,False,,,True
1960998,9370-2022-04013,1,False,9370,12/31/2022 12:05:00 PM,1205,052,14,109,Oakland,1,True,True,E,HIT OBJECT,,Saturday,NotApplicable,False,,,False,True,True,ALAMEDA SUPERIOR COURT WILEY W. MANUEL COURTHOUSE,J,OTHER OBJECT,FALLEN TREE,0,0,RAINING,,NO UNUSUAL CONDITIONS,,A,DAYLIGHT,37.767377,-122.15282,,,,,A,NO PEDESTRIANS INVOLVED,12/31/2022 12:05:00 PM,C,,,,I-580 W/B,,,1/5/2023 11:43:28 AM,B,W,1000.0,TWIN OAKS WAY,F,,D,1/5/2023 11:43:31 AM,1/5/2023 11:43:31 AM,False,True,4,,12/31/2022 12:10:00 PM,1210,False,,,True