collision-id,report-number,report-version,is-preliminary,ncic-code,crash-date-time,crash-time-description,beat,city-id,city-code,city-name,county-code,city-is-active,city-is-incorporated,collision-type-code,collision-type-description,collision-type-other-desc,day-of-week,dispatch-notified,has-photographs,hit-run,is-attachments-mailed,is-deleted,is-highway-related,is-tow-away,judicial-district,motor-vehicle-involved-with-code,motor-vehicle-involved-with-desc,motor-vehicle-involved-with-other-desc,number-injured,number-killed,weather-1,weather-2,road-condition-1,road-condition-2,special-condition-lighting-code,lighting-description,latitude,longitude,milepost-direction,milepost-distance,milepost-marker,milepost-unit-of-measure,pedestrian-action-code,pedestrian-action-desc,prepared-date,primary-collision-factor-code,primary-collision-factor-violation,primary-collision-factor-is-cited,primary-collision-party-number,primary-road,reporting-district,reporting-district-code,reviewed-date,roadway-surface-code,secondary-direction,secondary-distance,secondary-road,secondary-unit-of-measure,sketch-desc,traffic-control-device-code,created-date,modified-date,is-county-road,is-freeway,chp-555-version,is-additonal-object-struck,notification-date,notification-time-description,has-digital-media-files,evidence-number,is-location-refer-to-narrative,is-aoi-one-same-as-location
2612425,22-001275,2,False,0109,1/9/2022 2:49:00 PM,1449,27Y,14,109,Oakland,1,True,True,C,REAR END,,Sunday,,,M,,False,False,False,,C,OTHER MOTOR VEHICLE,,3,0,CLEAR,,NO UNUSUAL CONDITIONS - NO UNUSUAL CONDITIONS,,A,DAYLIGHT,,,,,,,A,NO PEDESTRIANS INVOLVED,,A,22350,,1,INTERNATIONAL BL,2,,,A,,,50TH AV,,,A,7/25/2024 7:18:32 PM,1/28/2025 3:49:14 PM,,,2,,,,,,,
2612420,22-001325,2,False,0109,1/10/2022 9:08:00 PM,2108,34X,14,109,Oakland,1,True,True,D,BROADSIDE,,Monday,,,,,False,False,True,,C,OTHER MOTOR VEHICLE,,4,0,CLEAR,,NO UNUSUAL CONDITIONS - NO UNUSUAL CONDITIONS,,C,DARK-STREET LIGHTS,,,,,,,A,NO PEDESTRIANS INVOLVED,,B,,,1,89TH AV,2,,,A,,,HOLLY ST,,,A,7/25/2024 7:18:32 PM,1/28/2025 3:49:14 PM,,,2,,,,,,,
2629951,22-002567,2,False,0109,1/17/2022 12:01:00 PM,1201,23X,14,109,Oakland,1,True,True,D,BROADSIDE,,Monday,,,,,False,False,False,,C,OTHER MOTOR VEHICLE,,2,0,CLEAR,,NO UNUSUAL CONDITIONS - NO UNUSUAL CONDITIONS,,A,DAYLIGHT,,,,,,,A,NO PEDESTRIANS INVOLVED,,A,21802A,,1,SAN LEANDRO ST,2,,,A,,,39TH AV,,,A,7/25/2024 7:40:40 PM,1/28/2025 4:08:50 PM,,,2,,,,,,,
2629950,22-002478,2,False,0109,1/16/2022 9:14:00 PM,2114,19X,14,109,Oakland,1,True,True,D,BROADSIDE,,Sunday,,,,,False,False,False,,C,OTHER MOTOR VEHICLE,,2,0,CLEAR,,NO UNUSUAL CONDITIONS - NO UNUSUAL CONDITIONS,,C,DARK-STREET LIGHTS,,,,,,,A,NO PEDESTRIANS INVOLVED,,A,22450A,,1,FOOTHILL BL,1,,,A,S,30.0,21ST AV,F,,A,7/25/2024 7:40:40 PM,1/28/2025 4:08:49 PM,,,2,,,,,,,
2629949,22-003455,2,False,0109,1/22/2022 9:24:00 PM,2124,06X,14,109,Oakland,1,True,True,D,BROADSIDE,,Saturday,,,M,,False,False,False,,G,BICYCLE,,1,0,CLEAR,,NO UNUSUAL CONDITIONS - NO UNUSUAL CONDITIONS,,C,DARK-STREET LIGHTS,,,,,,,,,,A,22107,,1,MARTIN LUTHER KING JR WY,1,,,A,,,WEST MACARTHUR BL,,,A,7/25/2024 7:40:40 PM,1/28/2025 4:08:50 PM,,,2,,,,,,,
2629948,22-003422,2,False,0109,1/22/2022 5:27:00 PM,1727,23X,14,109,Oakland,1,True,True,B,SIDE SWIPE,,Saturday,,,,,False,False,False,,C,OTHER MOTOR VEHICLE,,1,0,CLEAR,,NO UNUSUAL CONDITIONS - NO UNUSUAL CONDITIONS,,C,DARK-STREET LIGHTS,,,,,,,A,NO PEDESTRIANS INVOLVED,,A,21655B,,1,INTERNATIONAL BL,2,,,A,,,33RD AV,,,D,7/25/2024 7:40:40 PM,1/28/2025 4:08:49 PM,,,2,,,,,,,
2629947,22-003241,2,False,0109,1/21/2022 10:30:00 AM,1030,15X,14,109,Oakland,1,True,True,G,VEHICLE/PEDESTRAIN,,Friday,,,,,False,False,False,,B,PEDESTRIAN,,1,0,CLEAR,,NO UNUSUAL CONDITIONS - NO UNUSUAL CONDITIONS,,A,DAYLIGHT,,,,,,,E,IN ROAD - INCLUDES SHOULDER,,A,22515B,,1,MCKINLEY AV,1,,,A,W,40.0,PARK BL,F,,D,7/25/2024 7:40:40 PM,1/28/2025 4:08:49 PM,,,2,,,,,,,
2629946,22-003107,2,False,0109,1/20/2022 2:14:00 PM,1414,28X,14,109,Oakland,1,True,True,D,BROADSIDE,,Thursday,,,,,False,False,False,,C,OTHER MOTOR VEHICLE,,1,0,CLEAR,,NO UNUSUAL CONDITIONS - NO UNUSUAL CONDITIONS,,A,DAYLIGHT,,,,,,,A,NO PEDESTRIANS INVOLVED,,A,21801A,,1,HIGH ST,2,,,A,S,20.0,QUIGLEY ST,F,,D,7/25/2024 7:40:40 PM,1/28/2025 4:08:49 PM,,,2,,,,,,,
2629945,22-002951,2,False,0109,1/19/2022 3:10:00 PM,1510,23X,14,109,Oakland,1,True,True,A,HEAD-ON,,Wednesday,,,,,False,False,True,,C,OTHER MOTOR VEHICLE,,1,0,CLEAR,,NO UNUSUAL CONDITIONS - NO UNUSUAL CONDITIONS,,A,DAYLIGHT,,,,,,,A,NO PEDESTRIANS INVOLVED,,A,22107,,1,FOOTHILL BL,2,,,A,E,100.0,35TH AV,F,,D,7/25/2024 7:40:40 PM,1/28/2025 4:08:49 PM,,,2,,,,,,,
2629944,22-002656,2,False,0109,1/17/2022 11:49:00 PM,2349,31X,14,109,Oakland,1,True,True,A,HEAD-ON,,Monday,,,M,,False,False,True,,C,OTHER MOTOR VEHICLE,,1,0,CLEAR,,NO UNUSUAL CONDITIONS - NO UNUSUAL CONDITIONS,,C,DARK-STREET LIGHTS,,,,,,,A,NO PEDESTRIANS INVOLVED,,A,22107,,1,98TH AV,2,,,A,,,KITTY LN,,,D,7/25/2024 7:40:39 PM,1/28/2025 4:08:49 PM,,,2,,,,,,,
2629943,22-002389,2,False,0109,1/17/2022 7:49:00 AM,749,30X,14,109,Oakland,1,True,True,F,OVERTURNED,,Monday,,,,,False,True,False,,A,NON-COLLISION,,1,0,CLEAR,,NO UNUSUAL CONDITIONS - NO UNUSUAL CONDITIONS,,A,DAYLIGHT,,,,,,,A,NO PEDESTRIANS INVOLVED,,A,22350,,1,RT 880,2,,,A,,,66TH AV,,,D,7/25/2024 7:40:39 PM,1/28/2025 4:08:49 PM,,,2,,,,,,,
2628830,22-016937,2,False,0109,4/12/2022 10:50:00 AM,1050,35X,14,109,Oakland,1,True,True,B,SIDE SWIPE,,Tuesday,,,,,False,False,False,,E,PARKED MOTOR VEHICLE,,0,0,CLEAR,,NO UNUSUAL CONDITIONS - NO UNUSUAL CONDITIONS,,A,DAYLIGHT,,,,,,,A,NO PEDESTRIANS INVOLVED,,A,22106,,1,ALVINGROOM CT,2,,,A,N,80.0,MACARTHUR BL,F,,A,7/25/2024 7:39:12 PM,1/28/2025 4:07:37 PM,,,2,,,,,,,
2628822,22-003624,2,False,0109,1/23/2022 9:46:00 PM,2146,27Y,14,109,Oakland,1,True,True,D,BROADSIDE,,Sunday,,,,,False,False,False,,C,OTHER MOTOR VEHICLE,,0,0,CLEAR,,NO UNUSUAL CONDITIONS - NO UNUSUAL CONDITIONS,,D,DARK-NO STREET LIGHTS,,,,,,,A,NO PEDESTRIANS INVOLVED,,A,22350,,1,62ND AV,2,,,A,,,BANCROFT AV,,,D,7/25/2024 7:39:12 PM,1/28/2025 4:07:37 PM,,,2,,,,,,,
2628813,22-006912,2,False,0109,2/11/2022 5:33:00 PM,1733,21Y,14,109,Oakland,1,True,True,,,,Friday,,,,,False,False,False,,,,,0,0,CLEAR,,NO UNUSUAL CONDITIONS - NO UNUSUAL CONDITIONS,,C,DARK-STREET LIGHTS,,,,,,,A,NO PEDESTRIANS INVOLVED,,A,22106,,1,LOGAN ST,2,,,A,E,108.0,FRUITVALE AV,F,,,7/25/2024 7:39:11 PM,1/28/2025 4:07:36 PM,,,2,,,,,,,
2628811,22-003701,2,False,0109,1/24/2022 11:12:00 AM,1112,03X,14,109,Oakland,1,True,True,D,BROADSIDE,,Monday,,,,,False,False,True,,C,OTHER MOTOR VEHICLE,,1,0,CLEAR,,NO UNUSUAL CONDITIONS - NO UNUSUAL CONDITIONS,,A,DAYLIGHT,,,,,,,A,NO PEDESTRIANS INVOLVED,,A,21453A,,1,6TH ST,1,,,A,,,JEFFERSON ST,,,A,7/25/2024 7:39:11 PM,1/28/2025 4:07:36 PM,,,2,,,,,,,
2628810,22-012949,2,False,0109,3/19/2022 1:00:00 AM,100,30X,14,109,Oakland,1,True,True,,,,Saturday,,,F,,False,False,False,,,,,1,0,CLEAR,,NO UNUSUAL CONDITIONS - NO UNUSUAL CONDITIONS,,C,DARK-STREET LIGHTS,,,,,,,A,NO PEDESTRIANS INVOLVED,,A,22350,,1,BANCROFT AV,2,,,A,W,12.0,67TH AV,F,,,7/25/2024 7:39:11 PM,1/28/2025 4:07:36 PM,,,2,,,,,,,
2628807,22-016253,2,False,0109,4/7/2022 11:52:00 PM,2352,04X,14,109,Oakland,1,True,True,B,SIDE SWIPE,,Thursday,,,,,False,False,False,,E,PARKED MOTOR VEHICLE,,0,0,CLEAR,,NO UNUSUAL CONDITIONS - NO UNUSUAL CONDITIONS,,E,DARK-STREET LIGHTS NOT FUNCTIONING*,,,,,,,A,NO PEDESTRIANS INVOLVED,,A,22106,,1,14TH ST,1,,,A,W,8.0,HARRISON ST,F,,D,7/25/2024 7:39:10 PM,1/28/2025 4:07:36 PM,,,2,,,,,,,
2628799,22-014461,2,False,0109,3/28/2022 1:20:00 PM,1320,19X,14,109,Oakland,1,True,True,,,,Monday,,,M,,False,False,False,,C,OTHER MOTOR VEHICLE,,0,0,CLEAR,,NO UNUSUAL CONDITIONS - NO UNUSUAL CONDITIONS,,A,DAYLIGHT,,,,,,,A,NO PEDESTRIANS INVOLVED,,A,21801A,,1,E 12TH ST,1,,,A,W,70.0,12TH AV,F,,A,7/25/2024 7:39:09 PM,1/28/2025 4:07:35 PM,,,2,,,,,,,
2628766,22-021758,2,False,0109,5/11/2022 3:20:00 AM,320,14Y,14,109,Oakland,1,True,True,B,SIDE SWIPE,,Wednesday,,,,,False,False,True,,E,PARKED MOTOR VEHICLE,,0,0,CLEAR,,NO UNUSUAL CONDITIONS - NO UNUSUAL CONDITIONS,,C,DARK-STREET LIGHTS,,,,,,,A,NO PEDESTRIANS INVOLVED,,A,22107,,1,WARFIELD AV,1,,,A,S,100.0,BOULEVARD WY,F,,D,7/25/2024 7:39:07 PM,1/28/2025 4:07:33 PM,,,2,,,,,,,
2628755,22-030907,2,False,0109,7/7/2022 2:58:00 AM,258,26X,14,109,Oakland,1,True,True,G,VEHICLE/PEDESTRAIN,,Thursday,,,,,False,False,False,,B,PEDESTRIAN,,1,0,CLEAR,,NO UNUSUAL CONDITIONS - NO UNUSUAL CONDITIONS,,C,DARK-STREET LIGHTS,,,,,,,E,IN ROAD - INCLUDES SHOULDER,,A,21950B,,1,KEVIN CT,2,,,A,N,650.0,COLISEUM WY,F,,A,7/25/2024 7:39:06 PM,1/28/2025 4:07:33 PM,,,2,,,,,,,
2628678,22-026632,2,False,0109,6/10/2022 10:06:00 AM,1006,17X,14,109,Oakland,1,True,True,B,SIDE SWIPE,,Friday,,,,,False,False,False,,C,OTHER MOTOR VEHICLE,,0,0,CLEAR,,NO UNUSUAL CONDITIONS - NO UNUSUAL CONDITIONS,,A,DAYLIGHT,,,,,,,A,NO PEDESTRIANS INVOLVED,,A,22107,,1,VALLECITO PL,1,,,A,N,265.0,E 28TH ST,F,,D,7/25/2024 7:39:00 PM,1/28/2025 4:07:28 PM,,,2,,,,,,,
2628664,22-028396,2,False,0109,6/21/2022 2:14:00 PM,1414,06X,14,109,Oakland,1,True,True,D,BROADSIDE,,Tuesday,,,,,False,False,False,,C,OTHER MOTOR VEHICLE,,2,0,CLEAR,,NO UNUSUAL CONDITIONS - NO UNUSUAL CONDITIONS,,A,DAYLIGHT,,,,,,,A,NO PEDESTRIANS INVOLVED,,A,21802A,,1,18TH ST,1,,,A,,,CAMPBELL ST,,,A,7/25/2024 7:38:59 PM,1/28/2025 4:07:27 PM,,,2,,,,,,,
2628462,22-033808,2,False,0109,7/25/2022 2:34:00 AM,234,21X,14,109,Oakland,1,True,True,H,OTHER,,Monday,,,F,,False,False,False,,E,PARKED MOTOR VEHICLE,,0,0,CLEAR,,NO UNUSUAL CONDITIONS - NO UNUSUAL CONDITIONS,,C,DARK-STREET LIGHTS,,,,,,,A,NO PEDESTRIANS INVOLVED,,A,22107A,,1,BROOKDALE AV,2,,,A,N,20.0,CAPP ST,F,,D,7/25/2024 7:38:43 PM,1/28/2025 4:07:14 PM,,,2,,,,,,,
2628199,22-032569,2,False,0109,7/17/2022 7:39:00 AM,739,04X,14,109,Oakland,1,True,True,D,BROADSIDE,,Sunday,,,,,False,False,True,,C,OTHER MOTOR VEHICLE,,0,0,CLEAR,,NO UNUSUAL CONDITIONS - NO UNUSUAL CONDITIONS,,A,DAYLIGHT,,,,,,,A,NO PEDESTRIANS INVOLVED,,B,,,1,20TH ST,1,,,A,,,BROADWAY,,,A,7/25/2024 7:38:23 PM,1/28/2025 4:06:57 PM,,,2,,,,,,,
2627963,22-025425,2,False,0109,6/3/2022 7:17:00 AM,717,26X,14,109,Oakland,1,True,True,B,SIDE SWIPE,,Friday,,,,,False,False,False,,C,OTHER MOTOR VEHICLE,,0,0,CLEAR,,CONSTRUCTION-REPAIR ZONE - CONSTRUCTION-REPAIR ZONE,OBSTRUCTION ON ROADWAY* - OBSTRUCTION ON ROADWAY*,A,DAYLIGHT,,,,,,,A,NO PEDESTRIANS INVOLVED,,B,,,1,50TH AV,2,,,A,S,50.0,E 12TH ST,F,,D,7/25/2024 7:38:04 PM,1/28/2025 4:06:42 PM,,,2,,,,,,,
2627959,22-026038,2,False,0109,6/6/2022 5:21:00 PM,1721,24X,14,109,Oakland,1,True,True,E,HIT OBJECT,,Monday,,,,,False,False,False,,I,FIXED OBJECT,,0,0,CLEAR,,OTHER* - OTHER*,,A,DAYLIGHT,,,,,,,A,NO PEDESTRIANS INVOLVED,,B,,,1,HIGH ST,2,,,A,E,122.0,FOOTHILL BL,F,,D,7/25/2024 7:38:04 PM,1/28/2025 4:06:41 PM,,,2,,,,,,,
2627955,22-020749,2,False,0109,5/5/2022 10:01:00 AM,1001,02Y,14,109,Oakland,1,True,True,H,OTHER,,Thursday,,,,,False,False,False,,G,BICYCLE,,1,0,CLEAR,,NO UNUSUAL CONDITIONS - NO UNUSUAL CONDITIONS,,A,DAYLIGHT,,,,,,,A,NO PEDESTRIANS INVOLVED,,C,,,,12TH ST,1,,,A,E,80.0,CHESTER ST,F,,D,7/25/2024 7:38:04 PM,1/28/2025 4:06:41 PM,,,2,,,,,,,
2627951,22-024702,2,False,0109,5/30/2022 2:39:00 AM,239,30Y,14,109,Oakland,1,True,True,B,SIDE SWIPE,,Monday,,,,,False,False,False,,E,PARKED MOTOR VEHICLE,,0,0,CLEAR,,NO UNUSUAL CONDITIONS - NO UNUSUAL CONDITIONS,,C,DARK-STREET LIGHTS,,,,,,,A,NO PEDESTRIANS INVOLVED,,B,,,1,NEY AV,2,,,A,W,40.0,82ND AV,F,,D,7/25/2024 7:38:03 PM,1/28/2025 4:06:41 PM,,,2,,,,,,,
2627949,22-019988,2,False,0109,4/30/2022 11:33:00 PM,2333,18X,14,109,Oakland,1,True,True,B,SIDE SWIPE,,Saturday,,,M,,False,False,True,,C,OTHER MOTOR VEHICLE,,0,0,CLEAR,,NO UNUSUAL CONDITIONS - NO UNUSUAL CONDITIONS,,C,DARK-STREET LIGHTS,,,,,,,A,NO PEDESTRIANS INVOLVED,,A,23152A,,1,19TH AV,1,,,A,N,20.0,E 22ND ST,F,,D,7/25/2024 7:38:03 PM,1/28/2025 4:06:41 PM,,,2,,,,,,,
2627924,22-022797,2,False,0109,5/17/2022 10:52:00 PM,2252,31X,14,109,Oakland,1,True,True,D,BROADSIDE,,Tuesday,,,,,False,False,False,,C,OTHER MOTOR VEHICLE,,1,0,CLEAR,,NO UNUSUAL CONDITIONS - NO UNUSUAL CONDITIONS,,C,DARK-STREET LIGHTS,,,,,,,A,NO PEDESTRIANS INVOLVED,,B,,,1,HASSLER WY,2,,,A,,,OAKPORT ST,,,A,7/25/2024 7:38:01 PM,1/28/2025 4:06:39 PM,,,2,,,,,,,
2627919,22-021681,2,False,0109,5/10/2022 3:00:00 PM,1500,02X,14,109,Oakland,1,True,True,B,SIDE SWIPE,,Tuesday,,,,,False,False,False,,C,OTHER MOTOR VEHICLE,,1,0,CLEAR,,NO UNUSUAL CONDITIONS - NO UNUSUAL CONDITIONS,,A,DAYLIGHT,,,,,,,A,NO PEDESTRIANS INVOLVED,,A,21801A,,1,7TH ST,1,,,A,,,ADELINE ST,,,A,7/25/2024 7:38:01 PM,1/28/2025 4:06:39 PM,,,2,,,,,,,
2627917,22-015368,2,False,0109,4/2/2022 5:23:00 PM,1723,26X,14,109,Oakland,1,True,True,D,BROADSIDE,,Saturday,,,,,False,False,False,,C,OTHER MOTOR VEHICLE,,5,0,CLEAR,,NO UNUSUAL CONDITIONS - NO UNUSUAL CONDITIONS,,A,DAYLIGHT,,,,,,,A,NO PEDESTRIANS INVOLVED,,B,,,1,SAN LEANDRO ST,2,,,A,,,66TH AV,,,A,7/25/2024 7:38:01 PM,1/28/2025 4:06:39 PM,,,2,,,,,,,
2627275,22-004551,2,False,0109,1/28/2022 5:38:00 PM,1738,12X,14,109,Oakland,1,True,True,D,BROADSIDE,,Friday,,,,,False,False,False,,G,BICYCLE,,2,0,CLEAR,,NO UNUSUAL CONDITIONS - NO UNUSUAL CONDITIONS,,B,DUSK-DAWN,,,,,,,A,NO PEDESTRIANS INVOLVED,,A,21801A,,1,BROADWAY,1,,,A,,,GARNET ST,,,A,7/25/2024 7:36:43 PM,1/28/2025 4:05:58 PM,,,2,,,,,,,
2627274,22-004856,2,False,0109,1/30/2022 6:12:00 PM,1812,03X,14,109,Oakland,1,True,True,E,HIT OBJECT,,Sunday,,,,,False,False,True,,J,OTHER OBJECT,,1,0,CLEAR,,NO UNUSUAL CONDITIONS - NO UNUSUAL CONDITIONS,,C,DARK-STREET LIGHTS,,,,,,,A,NO PEDESTRIANS INVOLVED,,A,22107,,1,7TH ST,1,,,A,,,FALLON CIR,,,A,7/25/2024 7:36:43 PM,1/28/2025 4:05:58 PM,,,2,,,,,,,
2627273,22-003552,2,False,0109,1/23/2022 12:15:00 PM,1215,03X,14,109,Oakland,1,True,True,G,VEHICLE/PEDESTRAIN,,Sunday,,,,,False,False,False,,B,PEDESTRIAN,,1,0,CLEAR,,NO UNUSUAL CONDITIONS - NO UNUSUAL CONDITIONS,,A,DAYLIGHT,,,,,,,B,CROSSING IN CROSS WALK AT INTERSECTION,,A,21950A,,1,WEBSTER ST,1,,,A,,,7TH ST,,,A,7/25/2024 7:36:43 PM,1/28/2025 4:05:58 PM,,,2,,,,,,,
2627272,22-003541,2,False,0109,1/23/2022 10:28:00 AM,1028,24X,14,109,Oakland,1,True,True,D,BROADSIDE,,Sunday,,,,,False,False,False,,C,OTHER MOTOR VEHICLE,,1,0,CLEAR,,NO UNUSUAL CONDITIONS - NO UNUSUAL CONDITIONS,,A,DAYLIGHT,,,,,,,A,NO PEDESTRIANS INVOLVED,,A,21453A,,1,INTERNATIONAL BL,2,,,A,E,20.0,FRUITVALE AV,F,,A,7/25/2024 7:36:43 PM,1/28/2025 4:05:58 PM,,,2,,,,,,,
2627271,22-000056,2,False,0109,1/1/2022 8:46:00 AM,846,28X,14,109,Oakland,1,True,True,B,SIDE SWIPE,,Saturday,,,M,,False,True,True,,C,OTHER MOTOR VEHICLE,,1,0,CLEAR,,NO UNUSUAL CONDITIONS - NO UNUSUAL CONDITIONS,,A,DAYLIGHT,,,,,,,A,NO PEDESTRIANS INVOLVED,,A,22107,,1,MACARTHUR BL,2,,,A,W,50.0,RT 580,F,,A,7/25/2024 7:36:43 PM,1/28/2025 4:05:58 PM,,,2,,,,,,,
2627173,22-001392,2,False,0109,1/10/2022 9:30:00 AM,930,03X,14,109,Oakland,1,True,True,B,SIDE SWIPE,,Monday,,,,,False,False,False,,C,OTHER MOTOR VEHICLE,,0,0,CLEAR,,NO UNUSUAL CONDITIONS - NO UNUSUAL CONDITIONS,,A,DAYLIGHT,,,,,,,A,NO PEDESTRIANS INVOLVED,,A,22517,,1,8TH ST,1,,,A,E,100.0,WEBSTER ST,F,,D,7/25/2024 7:36:35 PM,1/28/2025 4:05:52 PM,,,2,,,,,,,
2626949,22-009399,2,False,0109,2/26/2022 6:40:00 PM,1840,11X,14,109,Oakland,1,True,True,G,VEHICLE/PEDESTRAIN,,Saturday,,,,,False,False,False,,C,OTHER MOTOR VEHICLE,,1,0,CLEAR,,NO UNUSUAL CONDITIONS - NO UNUSUAL CONDITIONS,,C,DARK-STREET LIGHTS,,,,,,,B,CROSSING IN CROSS WALK AT INTERSECTION,,A,22107,,1,52ND ST,1,,,A,,,SHATTUCK AV,,,A,7/25/2024 7:36:19 PM,1/28/2025 4:05:38 PM,,,2,,,,,,,
2626937,22-008969,2,False,0109,2/23/2022 9:10:00 PM,2110,12X,14,109,Oakland,1,True,True,B,SIDE SWIPE,,Wednesday,,,,,False,False,False,,E,PARKED MOTOR VEHICLE,,0,0,CLEAR,,NO UNUSUAL CONDITIONS - NO UNUSUAL CONDITIONS,,C,DARK-STREET LIGHTS,,,,,,,A,NO PEDESTRIANS INVOLVED,,A,22107,,1,CLAREMONT AV,1,,,A,E,240.0,COLBY ST,F,,A,7/25/2024 7:36:18 PM,1/28/2025 4:05:37 PM,,,2,,,,,,,
2626935,22-008926,2,False,0109,2/23/2022 12:40:00 PM,1240,12X,14,109,Oakland,1,True,True,B,SIDE SWIPE,,Wednesday,,,M,,False,False,True,,E,PARKED MOTOR VEHICLE,,0,0,CLEAR,,NO UNUSUAL CONDITIONS - NO UNUSUAL CONDITIONS,,C,DARK-STREET LIGHTS,,,,,,,A,NO PEDESTRIANS INVOLVED,,A,22107,,1,44TH ST,1,,,A,W,246.0,TELEGRAPH AV,F,,A,7/25/2024 7:36:18 PM,1/28/2025 4:05:37 PM,,,2,,,,,,,
2626777,22-003804,2,False,0109,1/24/2022 9:50:00 PM,2150,23X,14,109,Oakland,1,True,True,B,SIDE SWIPE,,Monday,,,M,,False,False,False,,E,PARKED MOTOR VEHICLE,,0,0,CLEAR,,NO UNUSUAL CONDITIONS - NO UNUSUAL CONDITIONS,,C,DARK-STREET LIGHTS,,,,,,,A,NO PEDESTRIANS INVOLVED,,A,22107,,1,INTERNATIONAL BL,2,,,A,E,10.0,40TH AV,F,,D,7/25/2024 7:36:06 PM,1/28/2025 4:05:27 PM,,,2,,,,,,,
2626776,22-000295,2,False,0109,1/1/2022 2:12:00 AM,212,04X,14,109,Oakland,1,True,True,C,REAR END,,Saturday,,,M,,False,False,False,,E,PARKED MOTOR VEHICLE,,0,0,CLEAR,,NO UNUSUAL CONDITIONS - NO UNUSUAL CONDITIONS,,C,DARK-STREET LIGHTS,,,,,,,D,CROSSING - NOT IN CROSSWALK,,A,22107,,1,BROADWAY ST,1,,,A,N,155.0,17TH ST,F,,A,7/25/2024 7:36:06 PM,1/28/2025 4:05:26 PM,,,2,,,,,,,
2626499,22-013871,2,False,0109,3/24/2022 4:34:00 PM,1634,17X,14,109,Oakland,1,True,True,A,HEAD-ON,,Thursday,,,,,False,False,False,,C,OTHER MOTOR VEHICLE,,2,0,CLEAR,,NO UNUSUAL CONDITIONS - NO UNUSUAL CONDITIONS,,A,DAYLIGHT,,,,,,,A,NO PEDESTRIANS INVOLVED,,A,21453A,,,5TH AV,1,,,A,,,E 18TH ST,,,A,7/25/2024 7:35:44 PM,1/28/2025 4:05:08 PM,,,2,,,,,,,
2626498,22-013448,2,False,0109,3/22/2022 9:30:00 AM,930,32X,14,109,Oakland,1,True,True,C,REAR END,,Tuesday,,,M,,False,False,False,,G,BICYCLE,,1,0,CLEAR,,NO UNUSUAL CONDITIONS - NO UNUSUAL CONDITIONS,,A,DAYLIGHT,,,,,,,A,NO PEDESTRIANS INVOLVED,,A,21460A,,1,105TH AV,2,,,A,S,15.0,INTERNATIONAL BL,F,,A,7/25/2024 7:35:44 PM,1/28/2025 4:05:08 PM,,,2,,,,,,,
2626497,22-012788,2,False,0109,3/18/2022 12:57:00 AM,57,03X,14,109,Oakland,1,True,True,D,BROADSIDE,,Friday,,,M,,False,False,False,,C,OTHER MOTOR VEHICLE,,1,0,CLEAR,,NO UNUSUAL CONDITIONS - NO UNUSUAL CONDITIONS,,A,DAYLIGHT,,,,,,,A,NO PEDESTRIANS INVOLVED,,A,21453A,,1,14TH ST,1,,,A,,,ALICE ST,,,A,7/25/2024 7:35:44 PM,1/28/2025 4:05:08 PM,,,2,,,,,,,
2626496,22-012278,2,False,0109,3/15/2022 9:30:00 AM,930,23X,14,109,Oakland,1,True,True,D,BROADSIDE,,Tuesday,,,,,False,False,False,,C,OTHER MOTOR VEHICLE,,2,0,CLOUDY,,NO UNUSUAL CONDITIONS - NO UNUSUAL CONDITIONS,,A,DAYLIGHT,,,,,,,A,NO PEDESTRIANS INVOLVED,,A,21801A,,1,38TH AV,2,,,B,,,FOOTHILL BL,,,C,7/25/2024 7:35:44 PM,1/28/2025 4:05:08 PM,,,2,,,,,,,
2626495,22-011708,2,False,0109,3/11/2022 6:06:00 PM,1806,13Y,14,109,Oakland,1,True,True,H,OTHER,,Friday,,,,,False,False,False,,A,NON-COLLISION,,1,0,CLEAR,,NO UNUSUAL CONDITIONS - NO UNUSUAL CONDITIONS,,D,DARK-NO STREET LIGHTS,,,,,,,A,NO PEDESTRIANS INVOLVED,,A,22350,,1,CLAREMONT AV,1,,,B,S,1000.0,RISPIN DR,F,,D,7/25/2024 7:35:44 PM,1/28/2025 4:05:08 PM,,,2,,,,,,,
2626494,22-012585,2,False,0109,3/16/2022 5:14:00 PM,1714,25X,14,109,Oakland,1,True,True,C,REAR END,,Wednesday,,,,,False,False,False,,,,,1,0,CLEAR,,NO UNUSUAL CONDITIONS - NO UNUSUAL CONDITIONS,,A,DAYLIGHT,,,,,,,A,NO PEDESTRIANS INVOLVED,,A,22106,,1,MACARTHUR BL,2,,,A,E,100.0,LOMA VISTA AV,F,,D,7/25/2024 7:35:44 PM,1/28/2025 4:05:08 PM,,,2,,,,,,,
2626416,22-011416,2,False,0109,3/10/2022 9:00:00 AM,900,05X,14,109,Oakland,1,True,True,C,REAR END,,Thursday,,,,,False,False,False,,C,OTHER MOTOR VEHICLE,,0,0,CLEAR,,NO UNUSUAL CONDITIONS - NO UNUSUAL CONDITIONS,,A,DAYLIGHT,,,,,,,A,NO PEDESTRIANS INVOLVED,,A,22350,,1,MARKET ST,1,,,A,,,18TH ST,,,A,7/25/2024 7:35:38 PM,1/28/2025 4:05:01 PM,,,2,,,,,,,
2626415,22-013626,2,False,0109,3/23/2022 5:49:00 AM,549,02X,14,109,Oakland,1,True,True,D,BROADSIDE,,Wednesday,,,,,False,False,False,,E,PARKED MOTOR VEHICLE,,0,0,CLEAR,,NO UNUSUAL CONDITIONS - NO UNUSUAL CONDITIONS,,C,DARK-STREET LIGHTS,,,,,,,A,NO PEDESTRIANS INVOLVED,,A,22107,,1,8TH ST,1,,,A,E,80.0,UNION ST,F,,D,7/25/2024 7:35:38 PM,1/28/2025 4:05:01 PM,,,2,,,,,,,
2626414,22-012170,2,False,0109,3/14/2022 4:57:00 PM,1657,31X,14,109,Oakland,1,True,True,D,BROADSIDE,,Monday,,,,,False,False,False,,,,,0,0,CLEAR,,NO UNUSUAL CONDITIONS - NO UNUSUAL CONDITIONS,,A,DAYLIGHT,,,,,,,A,NO PEDESTRIANS INVOLVED,,A,21804A,,1,EDGEWATER DR,2,,,A,E,300.0,PENDLETON WY,F,,D,7/25/2024 7:35:38 PM,1/28/2025 4:05:01 PM,,,2,,,,,,,