collision-id,report-number,report-version,is-preliminary,ncic-code,crash-date-time,crash-time-description,beat,city-id,city-code,city-name,county-code,city-is-active,city-is-incorporated,collision-type-code,collision-type-description,collision-type-other-desc,day-of-week,dispatch-notified,has-photographs,hit-run,is-attachments-mailed,is-deleted,is-highway-related,is-tow-away,judicial-district,motor-vehicle-involved-with-code,motor-vehicle-involved-with-desc,motor-vehicle-involved-with-other-desc,number-injured,number-killed,weather-1,weather-2,road-condition-1,road-condition-2,special-condition-lighting-code,lighting-description,latitude,longitude,milepost-direction,milepost-distance,milepost-marker,milepost-unit-of-measure,pedestrian-action-code,pedestrian-action-desc,prepared-date,primary-collision-factor-code,primary-collision-factor-violation,primary-collision-factor-is-cited,primary-collision-party-number,primary-road,reporting-district,reporting-district-code,reviewed-date,roadway-surface-code,secondary-direction,secondary-distance,secondary-road,secondary-unit-of-measure,sketch-desc,traffic-control-device-code,created-date,modified-date,is-county-road,is-freeway,chp-555-version,is-additonal-object-struck,notification-date,notification-time-description,has-digital-media-files,evidence-number,is-location-refer-to-narrative,is-aoi-one-same-as-location
2638019,22-013419,2,False,0109,3/20/2022 7:00:00 PM,1900,23X,14,109,Oakland,1,True,True,C,REAR END,,Sunday,,,M,,False,False,False,,C,OTHER MOTOR VEHICLE,,0,0,CLEAR,,NO UNUSUAL CONDITIONS - NO UNUSUAL CONDITIONS,,A,DAYLIGHT,,,,,,,A,NO PEDESTRIANS INVOLVED,,A,22109,,1,FOOTHILL BL,2,,,A,,,HIGH ST,,,A,7/25/2024 7:52:09 PM,1/28/2025 4:17:45 PM,,,2,,,,,,,
2638016,22-012344,2,False,0109,3/15/2022 3:16:00 PM,1516,17Y,14,109,Oakland,1,True,True,A,HEAD-ON,,Tuesday,,,M,,False,False,False,,E,PARKED MOTOR VEHICLE,,0,0,CLEAR,,NO UNUSUAL CONDITIONS - NO UNUSUAL CONDITIONS,,A,DAYLIGHT,,,,,,,A,NO PEDESTRIANS INVOLVED,,A,22107,,1,E 17TH ST,1,,,A,E,20.0,14TH AV,F,,A,7/25/2024 7:52:09 PM,1/28/2025 4:17:44 PM,,,2,,,,,,,
2638012,22-012189,2,False,0109,3/14/2022 6:57:00 PM,1857,21X,14,109,Oakland,1,True,True,B,SIDE SWIPE,,Monday,,,M,,False,False,False,,E,PARKED MOTOR VEHICLE,,0,0,,,,,B,DUSK-DAWN,,,,,,,A,NO PEDESTRIANS INVOLVED,,A,21658A,,1,GALINDO AV,2,,,A,E,250.0,FRUITVALE AV,F,,D,7/25/2024 7:52:09 PM,1/28/2025 4:17:44 PM,,,2,,,,,,,
2638008,22-009456,2,False,0109,2/27/2022 1:19:00 AM,119,15X,14,109,Oakland,1,True,True,F,OVERTURNED,,Sunday,,,M,,False,False,True,,I,FIXED OBJECT,,0,0,CLEAR,,NO UNUSUAL CONDITIONS - NO UNUSUAL CONDITIONS,,C,DARK-STREET LIGHTS,,,,,,,A,NO PEDESTRIANS INVOLVED,,A,22107,,1,MACARTHUR BL,1,,,A,E,75.0,GRAND AV,F,,D,7/25/2024 7:52:08 PM,1/28/2025 4:17:44 PM,,,2,,,,,,,
2638005,22-014001,2,False,0109,3/25/2022 1:28:00 PM,1328,30Y,14,109,Oakland,1,True,True,A,HEAD-ON,,Friday,,,M,,False,False,False,,C,OTHER MOTOR VEHICLE,,0,0,CLEAR,,NO UNUSUAL CONDITIONS - NO UNUSUAL CONDITIONS,,A,DAYLIGHT,,,,,,,A,NO PEDESTRIANS INVOLVED,,A,21453A,,1,68TH AV,2,,,A,,,FOOTHILL BL,,,A,7/25/2024 7:52:08 PM,1/28/2025 4:17:44 PM,,,2,,,,,,,
2638001,22-001485,2,False,0109,1/10/2022 7:57:00 PM,1957,26X,14,109,Oakland,1,True,True,A,HEAD-ON,,Monday,,,M,,False,False,False,,E,PARKED MOTOR VEHICLE,,0,0,CLEAR,,NO UNUSUAL CONDITIONS - NO UNUSUAL CONDITIONS,,C,DARK-STREET LIGHTS,,,,,,,A,NO PEDESTRIANS INVOLVED,,A,22350,,1,EASTLAWN ST,2,,,A,E,50.0,62ND AVE,F,,D,7/25/2024 7:52:07 PM,1/28/2025 4:17:43 PM,,,2,,,,,,,
2637996,22-002340,2,False,0109,1/15/2022 9:41:00 PM,2141,34X,14,109,Oakland,1,True,True,H,OTHER,,Saturday,,,M,,False,False,False,,E,PARKED MOTOR VEHICLE,,0,0,CLEAR,,NO UNUSUAL CONDITIONS - NO UNUSUAL CONDITIONS,,B,DUSK-DAWN,,,,,,,A,NO PEDESTRIANS INVOLVED,,A,22106,,1,90TH AV,2,,,A,N,50.0,SUNNYSIDE AV,F,,D,7/25/2024 7:52:07 PM,1/28/2025 4:17:43 PM,,,2,,,,,,,
2637971,22-015024,2,False,0109,3/31/2022 2:12:00 PM,1412,26X,14,109,Oakland,1,True,True,B,SIDE SWIPE,,Thursday,,,,,False,False,False,,C,OTHER MOTOR VEHICLE,,0,0,CLOUDY,,NO UNUSUAL CONDITIONS - NO UNUSUAL CONDITIONS,,A,DAYLIGHT,,,,,,,A,NO PEDESTRIANS INVOLVED,,D,,,,47TH AV,2,,,A,S,50.0,E 10TH ST,F,,C,7/25/2024 7:52:04 PM,1/28/2025 4:17:41 PM,,,2,,,,,,,
2637869,22-018976,2,False,0109,4/24/2022 8:31:00 PM,2031,27X,14,109,Oakland,1,True,True,B,SIDE SWIPE,,Sunday,,,,,False,False,False,,E,PARKED MOTOR VEHICLE,,0,0,CLEAR,,NO UNUSUAL CONDITIONS - NO UNUSUAL CONDITIONS,,C,DARK-STREET LIGHTS,,,,,,,A,NO PEDESTRIANS INVOLVED,,A,22107,,1,64TH AV,2,,,A,E,120.0,BANCROFT AV,F,,D,7/25/2024 7:51:54 PM,1/28/2025 4:17:35 PM,,,2,,,,,,,
2637868,22-018958,2,False,0109,4/24/2022 6:25:00 PM,1825,27X,14,109,Oakland,1,True,True,B,SIDE SWIPE,,Sunday,,,,,False,False,False,,E,PARKED MOTOR VEHICLE,,0,0,CLEAR,,NO UNUSUAL CONDITIONS - NO UNUSUAL CONDITIONS,,B,DUSK-DAWN,,,,,,,A,NO PEDESTRIANS INVOLVED,,A,22107,,1,MONTICELLO AV,2,,,A,N,20.0,FAIRFAX AV,F,,D,7/25/2024 7:51:54 PM,1/28/2025 4:17:35 PM,,,2,,,,,,,
2637867,22-019023,2,False,0109,4/25/2022 9:24:00 AM,924,33X,14,109,Oakland,1,True,True,B,SIDE SWIPE,,Monday,,,,,False,False,False,,C,OTHER MOTOR VEHICLE,,0,0,CLEAR,,NO UNUSUAL CONDITIONS - NO UNUSUAL CONDITIONS,,A,DAYLIGHT,,,,,,,A,NO PEDESTRIANS INVOLVED,,A,21802A,,1,85TH AV,2,,,A,N,15.0,B ST,F,,D,7/25/2024 7:51:54 PM,1/28/2025 4:17:35 PM,,,2,,,,,,,
2637866,22-019353,2,False,0109,4/27/2022 7:40:00 AM,740,31X,14,109,Oakland,1,True,True,C,REAR END,,Wednesday,,,,,False,False,False,,C,OTHER MOTOR VEHICLE,,0,0,,,,,A,DAYLIGHT,,,,,,,A,NO PEDESTRIANS INVOLVED,,A,22350,,1,SAN LEANDRO BL,2,,,A,,,98TH AV,,,A,7/25/2024 7:51:54 PM,1/28/2025 4:17:34 PM,,,2,,,,,,,
2637865,22-019157,2,False,0109,4/26/2022 3:30:00 AM,330,19X,14,109,Oakland,1,True,True,B,SIDE SWIPE,,Tuesday,,,,,False,False,False,,C,OTHER MOTOR VEHICLE,,0,0,CLEAR,,NO UNUSUAL CONDITIONS - NO UNUSUAL CONDITIONS,,C,DARK-STREET LIGHTS,,,,,,,A,NO PEDESTRIANS INVOLVED,,A,22107,,1,16TH AV,1,,,A,N,20.0,INTERNATIONAL BL,F,,A,7/25/2024 7:51:54 PM,1/28/2025 4:17:34 PM,,,2,,,,,,,
2637778,22-015026,2,False,0109,3/31/2022 2:40:00 PM,1440,25X,14,109,Oakland,1,True,True,D,BROADSIDE,,Thursday,,,,,False,False,False,,,,,1,0,CLEAR,,NO UNUSUAL CONDITIONS - NO UNUSUAL CONDITIONS,,A,DAYLIGHT,,,,,,,A,NO PEDESTRIANS INVOLVED,,A,22450A,,1,38TH AV,2,,,A,,,REDDING ST,,,A,7/25/2024 7:51:47 PM,1/28/2025 4:17:29 PM,,,2,,,,,,,
2637777,22-013372,2,False,0109,3/21/2022 7:47:00 PM,1947,06X,14,109,Oakland,1,True,True,A,HEAD-ON,,Monday,,,,,False,False,False,,C,OTHER MOTOR VEHICLE,,2,0,CLEAR,,NO UNUSUAL CONDITIONS - NO UNUSUAL CONDITIONS,,B,DUSK-DAWN,,,,,,,A,NO PEDESTRIANS INVOLVED,,A,21801A,,1,40TH ST,1,,,A,,,MARTIN LUTHER KING JR WY,,,A,7/25/2024 7:51:47 PM,1/28/2025 4:17:29 PM,,,2,,,,,,,
2637776,22-014320,2,False,0109,3/27/2022 4:30:00 PM,1630,02Y,14,109,Oakland,1,True,True,D,BROADSIDE,,Sunday,,,,,False,False,False,,C,OTHER MOTOR VEHICLE,,1,0,CLEAR,,NO UNUSUAL CONDITIONS - NO UNUSUAL CONDITIONS,,A,DAYLIGHT,,,,,,,A,NO PEDESTRIANS INVOLVED,,A,21453A,,1,7TH ST,1,,,A,,,MIDDLE HARBOR RD,,,A,7/25/2024 7:51:47 PM,1/28/2025 4:17:29 PM,,,2,,,,,,,
2637604,22-005478,2,False,0109,2/3/2022 12:06:00 PM,1206,10X,14,109,Oakland,1,True,True,D,BROADSIDE,,Thursday,,,M,,False,False,False,,C,OTHER MOTOR VEHICLE,,1,0,CLEAR,,NO UNUSUAL CONDITIONS - NO UNUSUAL CONDITIONS,,A,DAYLIGHT,,,,,,,A,NO PEDESTRIANS INVOLVED,,A,21453A,,1,MARTIN LUTHER KING JR WY,1,,,A,,,52ND ST,,,A,7/25/2024 7:51:30 PM,1/28/2025 4:17:16 PM,,,2,,,,,,,
2637599,22-006075,2,False,0109,2/7/2022 7:48:00 AM,748,19X,14,109,Oakland,1,True,True,D,BROADSIDE,,Monday,,,M,,False,False,False,,C,OTHER MOTOR VEHICLE,,1,0,CLEAR,,NO UNUSUAL CONDITIONS - NO UNUSUAL CONDITIONS,,A,DAYLIGHT,,,,,,,A,NO PEDESTRIANS INVOLVED,,A,21453A,,1,E 12TH ST,1,,,A,,,16TH AV,,,A,7/25/2024 7:51:30 PM,1/28/2025 4:17:16 PM,,,2,,,,,,,
2637598,22-008284,2,False,0109,2/19/2022 5:43:00 PM,1743,34X,14,109,Oakland,1,True,True,B,SIDE SWIPE,,Saturday,,,,,False,False,False,,C,OTHER MOTOR VEHICLE,,1,0,CLEAR,,NO UNUSUAL CONDITIONS - NO UNUSUAL CONDITIONS,,C,DARK-STREET LIGHTS,,,,,,,A,NO PEDESTRIANS INVOLVED,,A,22107,,1,90TH AV,2,,,A,S,5.0,BIRCH ST,F,,A,7/25/2024 7:51:29 PM,1/28/2025 4:17:16 PM,,,2,,,,,,,
2637597,22-008321,2,False,0109,2/19/2022 10:38:00 PM,2238,14X,14,109,Oakland,1,True,True,G,VEHICLE/PEDESTRAIN,,Saturday,,,F,,False,False,False,,B,PEDESTRIAN,,1,0,CLEAR,,HOLES- DEEPRUT* - HOLES- DEEPRUT*,,C,DARK-STREET LIGHTS,,,,,,,E,IN ROAD - INCLUDES SHOULDER,,A,22107,,1,VERNON ST,1,,,A,S,100.0,MACARTHUR BL,F,,D,7/25/2024 7:51:29 PM,1/28/2025 4:17:16 PM,,,2,,,,,,,
2637596,22-005197,2,False,0109,2/1/2022 8:53:00 PM,2053,08X,14,109,Oakland,1,True,True,D,BROADSIDE,,Tuesday,,,,,False,False,False,,C,OTHER MOTOR VEHICLE,,1,0,CLEAR,,NO UNUSUAL CONDITIONS - NO UNUSUAL CONDITIONS,,B,DUSK-DAWN,,,,,,,A,NO PEDESTRIANS INVOLVED,,A,21453A,,,27TH ST,1,,,A,,,NORTHGATE AV,,,A,7/25/2024 7:51:29 PM,1/28/2025 4:17:15 PM,,,2,,,,,,,
2637595,22-009710,2,False,0109,2/28/2022 2:55:00 PM,1455,31Z,14,109,Oakland,1,True,True,B,SIDE SWIPE,,Monday,,,,,False,False,False,,C,OTHER MOTOR VEHICLE,,1,0,CLEAR,,NO UNUSUAL CONDITIONS - NO UNUSUAL CONDITIONS,,A,DAYLIGHT,,,,,,,A,NO PEDESTRIANS INVOLVED,,A,22107,,1,SAN LEANDRO ST,2,,,A,,,STONE ST,,,A,7/25/2024 7:51:29 PM,1/28/2025 4:17:15 PM,,,2,,,,,,,
2637594,22-007231,2,False,0109,2/13/2022 8:44:00 PM,2044,14X,14,109,Oakland,1,True,True,E,HIT OBJECT,,Sunday,,,,,False,False,True,,I,FIXED OBJECT,,1,0,CLEAR,,NO UNUSUAL CONDITIONS - NO UNUSUAL CONDITIONS,,C,DARK-STREET LIGHTS,,,,,,,A,NO PEDESTRIANS INVOLVED,,A,22107,,1,GRAND AV,1,,,A,W,6.0,EUCLID AV,F,,A,7/25/2024 7:51:29 PM,1/28/2025 4:17:15 PM,,,2,,,,,,,
2637593,22-008273,2,False,0109,2/19/2022 4:52:00 PM,1652,16Y,14,109,Oakland,1,True,True,D,BROADSIDE,,Saturday,,,,,False,False,False,,C,OTHER MOTOR VEHICLE,,1,0,CLEAR,,NO UNUSUAL CONDITIONS - NO UNUSUAL CONDITIONS,,A,DAYLIGHT,,,,,,,A,NO PEDESTRIANS INVOLVED,,A,21801A,,1,PARK BL,1,,,A,,,E 38TH ST,,,D,7/25/2024 7:51:29 PM,1/28/2025 4:17:15 PM,,,2,,,,,,,
2637591,22-006514,2,False,0109,2/9/2022 1:50:00 PM,1350,31X,14,109,Oakland,1,True,True,B,SIDE SWIPE,,Wednesday,,,,,False,False,True,,C,OTHER MOTOR VEHICLE,,2,0,CLEAR,,NO UNUSUAL CONDITIONS - NO UNUSUAL CONDITIONS,,A,DAYLIGHT,,,,,,,A,NO PEDESTRIANS INVOLVED,,A,21453A,,,98TH AV,2,,,A,,,BANCROFT AV,,,A,7/25/2024 7:51:29 PM,1/28/2025 4:17:15 PM,,,2,,,,,,,
2637590,22-008796,2,False,0109,2/22/2022 7:11:00 PM,1911,27X,14,109,Oakland,1,True,True,D,BROADSIDE,,Tuesday,,,,,False,False,False,,C,OTHER MOTOR VEHICLE,,2,0,CLEAR,,NO UNUSUAL CONDITIONS - NO UNUSUAL CONDITIONS,,C,DARK-STREET LIGHTS,,,,,,,A,NO PEDESTRIANS INVOLVED,,A,21802A,,1,46TH AV,2,,,B,,,BANCROFT AV,,,A,7/25/2024 7:51:29 PM,1/28/2025 4:17:15 PM,,,2,,,,,,,
2637589,22-007193,2,False,0109,2/13/2022 4:53:00 PM,1653,06X,14,109,Oakland,1,True,True,D,BROADSIDE,,Sunday,,,,,False,False,False,,C,OTHER MOTOR VEHICLE,,1,0,CLEAR,,NO UNUSUAL CONDITIONS - NO UNUSUAL CONDITIONS,,A,DAYLIGHT,,,,,,,A,NO PEDESTRIANS INVOLVED,,A,21453A,,1,36TH ST,1,,,A,,,WEST ST,,,A,7/25/2024 7:51:29 PM,1/28/2025 4:17:15 PM,,,2,,,,,,,
2637588,22-007178,2,False,0109,2/13/2022 3:20:00 PM,1520,06X,14,109,Oakland,1,True,True,D,BROADSIDE,,Sunday,,,,,False,False,False,,C,OTHER MOTOR VEHICLE,,3,0,CLEAR,,NO UNUSUAL CONDITIONS - NO UNUSUAL CONDITIONS,,A,DAYLIGHT,,,,,,,A,NO PEDESTRIANS INVOLVED,,A,21453A,,1,27TH ST,1,,,A,,,NORTHGATE AV,,,A,7/25/2024 7:51:29 PM,1/28/2025 4:17:15 PM,,,2,,,,,,,
2637575,22-015525,2,False,0109,4/3/2022 4:07:00 PM,1607,29X,14,109,Oakland,1,True,True,C,REAR END,,Sunday,,,M,,False,False,False,,C,OTHER MOTOR VEHICLE,,0,0,CLEAR,,NO UNUSUAL CONDITIONS - NO UNUSUAL CONDITIONS,,A,DAYLIGHT,,,,,,,A,NO PEDESTRIANS INVOLVED,,A,22107,,1,FOOTHILL BL,2,,,A,E,20.0,64TH AV,F,,B,7/25/2024 7:51:27 PM,1/28/2025 4:17:14 PM,,,2,,,,,,,
2637574,22-015552,2,False,0109,4/3/2022 8:30:00 PM,2030,22X,14,109,Oakland,1,True,True,C,REAR END,,Sunday,,,M,,False,False,False,,E,PARKED MOTOR VEHICLE,,0,0,CLEAR,,NO UNUSUAL CONDITIONS - NO UNUSUAL CONDITIONS,,C,DARK-STREET LIGHTS,,,,,,,A,NO PEDESTRIANS INVOLVED,,A,22107,,1,COOLIDGE AV,2,,,A,S,25.0,ALIDA ST,F,,D,7/25/2024 7:51:27 PM,1/28/2025 4:17:14 PM,,,2,,,,,,,
2637573,22-015753,2,False,0109,4/4/2022 7:50:00 PM,1950,29X,14,109,Oakland,1,True,True,D,BROADSIDE,,Monday,,,M,,False,False,False,,E,PARKED MOTOR VEHICLE,,0,0,CLEAR,,NO UNUSUAL CONDITIONS - NO UNUSUAL CONDITIONS,,C,DARK-STREET LIGHTS,,,,,,,A,NO PEDESTRIANS INVOLVED,,A,22350,,1,72ND AV,2,,,A,N,100.0,LACEY AV,F,,D,7/25/2024 7:51:27 PM,1/28/2025 4:17:14 PM,,,2,,,,,,,
2637572,22-016210,2,False,0109,4/7/2022 5:00:00 PM,1700,06X,14,109,Oakland,1,True,True,B,SIDE SWIPE,,Thursday,,,M,,False,False,False,,E,PARKED MOTOR VEHICLE,,0,0,CLEAR,,NO UNUSUAL CONDITIONS - NO UNUSUAL CONDITIONS,,A,DAYLIGHT,,,,,,,A,NO PEDESTRIANS INVOLVED,,A,22107,,1,34TH ST,1,,,A,,,MARKET ST,,,D,7/25/2024 7:51:27 PM,1/28/2025 4:17:14 PM,,,2,,,,,,,
2637571,22-015264,2,False,0109,4/2/2022 11:44:00 PM,2344,06X,14,109,Oakland,1,True,True,B,SIDE SWIPE,,Saturday,,,M,,False,False,False,,C,OTHER MOTOR VEHICLE,,0,0,CLEAR,,NO UNUSUAL CONDITIONS - NO UNUSUAL CONDITIONS,,C,DARK-STREET LIGHTS,,,,,,,A,NO PEDESTRIANS INVOLVED,,A,22107,,1,27TH ST,1,,,A,E,20.0,MARTIN LUTHER KING JR WY,F,,D,7/25/2024 7:51:27 PM,1/28/2025 4:17:14 PM,,,2,,,,,,,
2637567,22-005916,2,False,0109,2/6/2022 4:26:00 AM,426,21Y,14,109,Oakland,1,True,True,E,HIT OBJECT,,Sunday,,,M,,False,False,False,,J,OTHER OBJECT,,0,0,CLEAR,,NO UNUSUAL CONDITIONS - NO UNUSUAL CONDITIONS,,C,DARK-STREET LIGHTS,,,,,,,A,NO PEDESTRIANS INVOLVED,,A,22106,,1,34TH AV,2,,,A,N,20.0,26TH ST,F,,D,7/25/2024 7:51:27 PM,1/28/2025 4:17:14 PM,,,2,,,,,,,
2637566,22-006762,2,False,0109,2/10/2022 11:37:00 PM,2337,23X,14,109,Oakland,1,True,True,D,BROADSIDE,,Thursday,,,M,,False,False,False,,C,OTHER MOTOR VEHICLE,,0,0,CLEAR,,NO UNUSUAL CONDITIONS - NO UNUSUAL CONDITIONS,,C,DARK-STREET LIGHTS,,,,,,,A,NO PEDESTRIANS INVOLVED,,A,21453A,,1,42ND AV,2,,,A,,,COLISEUM WY,,,A,7/25/2024 7:51:26 PM,1/28/2025 4:17:14 PM,,,2,,,,,,,
2637565,22-006414,2,False,0109,2/9/2022 4:30:00 AM,430,26X,14,109,Oakland,1,True,True,H,OTHER,,Wednesday,,,M,,False,False,True,,I,FIXED OBJECT,,0,0,CLEAR,,NO UNUSUAL CONDITIONS - NO UNUSUAL CONDITIONS,,B,DUSK-DAWN,,,,,,,A,NO PEDESTRIANS INVOLVED,,A,22107,,1,INTERNATIONAL BL,2,,,A,E,40.0,48TH AV,F,,D,7/25/2024 7:51:26 PM,1/28/2025 4:17:13 PM,,,2,,,,,,,
2637564,22-008046,2,False,0109,2/18/2022 11:20:00 AM,1120,09X,14,109,Oakland,1,True,True,B,SIDE SWIPE,,Friday,,,M,,False,False,False,,C,OTHER MOTOR VEHICLE,,0,0,CLEAR,,NO UNUSUAL CONDITIONS - NO UNUSUAL CONDITIONS,,A,DAYLIGHT,,,,,,,A,NO PEDESTRIANS INVOLVED,,A,22107,,1,W MACARTHUR BL,1,,,A,E,300.0,PIEDMONT AV,F,,D,7/25/2024 7:51:26 PM,1/28/2025 4:17:13 PM,,,2,,,,,,,
2637381,22-015978,2,False,0109,4/6/2022 9:30:00 AM,930,03Y,14,109,Oakland,1,True,True,D,BROADSIDE,,Wednesday,,,,,False,False,False,,C,OTHER MOTOR VEHICLE,,0,0,CLEAR,,NO UNUSUAL CONDITIONS - NO UNUSUAL CONDITIONS,,A,DAYLIGHT,,,,,,,A,NO PEDESTRIANS INVOLVED,,A,21453A,,1,14TH ST,1,,,A,,,CLAY ST,,,A,7/25/2024 7:51:10 PM,1/28/2025 4:17:02 PM,,,2,,,,,,,
2637380,22-016052,2,False,0109,4/6/2022 4:28:00 PM,1628,31Z,14,109,Oakland,1,True,True,E,HIT OBJECT,,Wednesday,,,,,False,False,True,,I,FIXED OBJECT,,0,0,CLEAR,,NO UNUSUAL CONDITIONS - NO UNUSUAL CONDITIONS,,A,DAYLIGHT,,,,,,,A,NO PEDESTRIANS INVOLVED,,A,22107,,1,SAN LEANDRO ST,2,,,A,E,70.0,STONE ST,F,,D,7/25/2024 7:51:10 PM,1/28/2025 4:17:01 PM,,,2,,,,,,,
2637379,22-015116,2,False,0109,4/1/2022 2:52:00 AM,252,26Y,14,109,Oakland,1,True,True,A,HEAD-ON,,Friday,,,M,,False,False,False,,E,PARKED MOTOR VEHICLE,,0,0,CLEAR,,NO UNUSUAL CONDITIONS - NO UNUSUAL CONDITIONS,,C,DARK-STREET LIGHTS,,,,,,,A,NO PEDESTRIANS INVOLVED,,A,22107,,1,INTERNATIONAL BL,2,,,A,E,34.0,79TH AV,F,,D,7/25/2024 7:51:10 PM,1/28/2025 4:17:01 PM,,,2,,,,,,,
2637378,22-015266,2,False,0109,4/2/2022 12:26:00 AM,26,34X,14,109,Oakland,1,True,True,A,HEAD-ON,,Saturday,,,M,,False,False,True,,C,OTHER MOTOR VEHICLE,,0,0,CLEAR,,NO UNUSUAL CONDITIONS - NO UNUSUAL CONDITIONS,,C,DARK-STREET LIGHTS,,,,,,,A,NO PEDESTRIANS INVOLVED,,A,22107,,1,98TH AV,2,,,A,S,5.0,B ST,F,,A,7/25/2024 7:51:10 PM,1/28/2025 4:17:01 PM,,,2,,,,,,,
2636614,22-004842,2,False,0109,1/30/2022 3:21:00 PM,1521,31Y,14,109,Oakland,1,True,True,H,OTHER,,Sunday,,,,,False,False,True,,J,OTHER OBJECT,,0,0,CLEAR,,NO UNUSUAL CONDITIONS - NO UNUSUAL CONDITIONS,,A,DAYLIGHT,,,,,,,A,NO PEDESTRIANS INVOLVED,,A,23152A,,1,98TH AV,2,,,A,S,100.0,BIGGE ST,F,,D,7/25/2024 7:50:01 PM,1/28/2025 4:16:11 PM,,,2,,,,,,,
2636547,22-011305,2,False,0109,3/9/2022 2:55:00 PM,1455,27X,14,109,Oakland,1,True,True,C,REAR END,,Wednesday,,,M,,False,False,False,,E,PARKED MOTOR VEHICLE,,0,0,CLEAR,,NO UNUSUAL CONDITIONS - NO UNUSUAL CONDITIONS,,A,DAYLIGHT,,,,,,,A,NO PEDESTRIANS INVOLVED,,A,22107,,1,50TH AV,2,,,A,,,INTERNATIONAL BL,,,A,7/25/2024 7:49:55 PM,1/28/2025 4:16:07 PM,,,2,,,,,,,
2636545,22-012978,2,False,0109,3/19/2022 7:57:00 AM,757,33X,14,109,Oakland,1,True,True,B,SIDE SWIPE,,Saturday,,,M,,False,False,True,,E,PARKED MOTOR VEHICLE,,0,0,CLEAR,,NO UNUSUAL CONDITIONS - NO UNUSUAL CONDITIONS,,A,DAYLIGHT,,,,,,,A,NO PEDESTRIANS INVOLVED,,A,22107,,1,84TH AV,2,,,A,S,25.0,B ST,F,,D,7/25/2024 7:49:55 PM,1/28/2025 4:16:07 PM,,,2,,,,,,,
2636520,22-009227,2,False,0109,2/25/2022 3:25:00 PM,1525,03X,14,109,Oakland,1,True,True,D,BROADSIDE,,Friday,,,,,False,False,True,,C,OTHER MOTOR VEHICLE,,0,0,CLEAR,,NO UNUSUAL CONDITIONS - NO UNUSUAL CONDITIONS,,A,DAYLIGHT,,,,,,,A,NO PEDESTRIANS INVOLVED,,A,21453A,,1,9TH ST,1,,,A,,,OAK ST,,,A,7/25/2024 7:49:53 PM,1/28/2025 4:16:05 PM,,,2,,,,,,,
2636517,22-009541,2,False,0109,2/27/2022 4:57:00 PM,1657,19X,14,109,Oakland,1,True,True,D,BROADSIDE,,Sunday,,,M,,False,False,False,,C,OTHER MOTOR VEHICLE,,0,0,CLEAR,,NO UNUSUAL CONDITIONS - NO UNUSUAL CONDITIONS,,A,DAYLIGHT,,,,,,,A,NO PEDESTRIANS INVOLVED,,A,21453A,,1,E12TH ST,1,,,A,,,14TH AV,,,A,7/25/2024 7:49:53 PM,1/28/2025 4:16:05 PM,,,2,,,,,,,
2636516,22-008149,2,False,0109,2/18/2022 11:57:00 PM,2357,01X,14,109,Oakland,1,True,True,E,HIT OBJECT,,Friday,,,,,False,False,False,,I,FIXED OBJECT,,0,0,CLEAR,,NO UNUSUAL CONDITIONS - NO UNUSUAL CONDITIONS,,C,DARK-STREET LIGHTS,,,,,,,A,NO PEDESTRIANS INVOLVED,,A,22107,,1,3RD ST,1,,,A,E,177.0,BROADWAY,F,,A,7/25/2024 7:49:53 PM,1/28/2025 4:16:05 PM,,,2,,,,,,,
2636515,22-006245,2,False,0109,2/8/2022 8:53:00 AM,853,31X,14,109,Oakland,1,True,True,B,SIDE SWIPE,,Tuesday,,,,,False,False,False,,C,OTHER MOTOR VEHICLE,,0,0,CLEAR,,NO UNUSUAL CONDITIONS - NO UNUSUAL CONDITIONS,,A,DAYLIGHT,,,,,,,A,NO PEDESTRIANS INVOLVED,,A,21453A,,1,HEGENBERGER RD,2,,,A,N,100.0,BALDWIN ST,F,,A,7/25/2024 7:49:53 PM,1/28/2025 4:16:05 PM,,,2,,,,,,,
2636491,22-001053,2,False,0109,1/8/2022 1:13:00 AM,113,11X,14,109,Oakland,1,True,True,C,REAR END,,Saturday,,,M,,False,False,False,,E,PARKED MOTOR VEHICLE,,0,0,CLEAR,,NO UNUSUAL CONDITIONS - NO UNUSUAL CONDITIONS,,C,DARK-STREET LIGHTS,,,,,,,A,NO PEDESTRIANS INVOLVED,,A,21658,,1,SHATTUCK AV,1,,,A,,,FAIRVIEW AV,,,D,7/25/2024 7:49:51 PM,1/28/2025 4:16:03 PM,,,2,,,,,,,
2636490,22-000151,2,False,0109,1/1/2022 11:44:00 PM,2344,05Y,14,109,Oakland,1,True,True,D,BROADSIDE,,Saturday,,,M,,False,False,False,,C,OTHER MOTOR VEHICLE,,0,0,CLEAR,,NO UNUSUAL CONDITIONS - NO UNUSUAL CONDITIONS,,C,DARK-STREET LIGHTS,,,,,,,A,NO PEDESTRIANS INVOLVED,,A,21453A,,1,ADELINE AV,1,,,A,,,18TH ST,,,A,7/25/2024 7:49:51 PM,1/28/2025 4:16:03 PM,,,2,,,,,,,
2636435,22-009540,2,False,0109,2/27/2022 4:19:00 PM,1619,27X,14,109,Oakland,1,True,True,B,SIDE SWIPE,,Sunday,,,M,,False,False,False,,C,OTHER MOTOR VEHICLE,,0,0,CLEAR,,NO UNUSUAL CONDITIONS - NO UNUSUAL CONDITIONS,,A,DAYLIGHT,,,,,,,A,NO PEDESTRIANS INVOLVED,,A,23152A,,1,INTERNATIONAL BL,2,,,A,E,20.0,32ND AV,F,,A,7/25/2024 7:49:46 PM,1/28/2025 4:16:00 PM,,,2,,,,,,,
2636422,22-014435,2,False,0109,3/28/2022 9:48:00 AM,948,20X,14,109,Oakland,1,True,True,B,SIDE SWIPE,,Monday,,,,,False,False,False,,E,PARKED MOTOR VEHICLE,,0,0,CLOUDY,,NO UNUSUAL CONDITIONS - NO UNUSUAL CONDITIONS,,A,DAYLIGHT,,,,,,,A,NO PEDESTRIANS INVOLVED,,A,22350,,1,25TH AV,2,,,A,S,85.0,INTERNATIONAL BL,F,,A,7/25/2024 7:49:45 PM,1/28/2025 4:15:59 PM,,,2,,,,,,,