collision-id,report-number,report-version,is-preliminary,ncic-code,crash-date-time,crash-time-description,beat,city-id,city-code,city-name,county-code,city-is-active,city-is-incorporated,collision-type-code,collision-type-description,collision-type-other-desc,day-of-week,dispatch-notified,has-photographs,hit-run,is-attachments-mailed,is-deleted,is-highway-related,is-tow-away,judicial-district,motor-vehicle-involved-with-code,motor-vehicle-involved-with-desc,motor-vehicle-involved-with-other-desc,number-injured,number-killed,weather-1,weather-2,road-condition-1,road-condition-2,special-condition-lighting-code,lighting-description,latitude,longitude,milepost-direction,milepost-distance,milepost-marker,milepost-unit-of-measure,pedestrian-action-code,pedestrian-action-desc,prepared-date,primary-collision-factor-code,primary-collision-factor-violation,primary-collision-factor-is-cited,primary-collision-party-number,primary-road,reporting-district,reporting-district-code,reviewed-date,roadway-surface-code,secondary-direction,secondary-distance,secondary-road,secondary-unit-of-measure,sketch-desc,traffic-control-device-code,created-date,modified-date,is-county-road,is-freeway,chp-555-version,is-additonal-object-struck,notification-date,notification-time-description,has-digital-media-files,evidence-number,is-location-refer-to-narrative,is-aoi-one-same-as-location
2632028,22-014083,2,False,0109,3/26/2022 1:44:00 AM,144,14X,14,109,Oakland,1,True,True,E,HIT OBJECT,,Saturday,,,M,,False,False,False,,I,FIXED OBJECT,,0,0,CLEAR,,NO UNUSUAL CONDITIONS - NO UNUSUAL CONDITIONS,,C,DARK-STREET LIGHTS,,,,,,,A,NO PEDESTRIANS INVOLVED,,A,22107,,1,MANDANA BL,1,,,A,,,ERIE ST,,,D,7/25/2024 7:43:28 PM,1/28/2025 4:11:08 PM,,,2,,,,,,,
2632027,22-014535,2,False,0109,3/28/2022 9:50:00 PM,2150,14Y,14,109,Oakland,1,True,True,D,BROADSIDE,,Monday,,,,,False,False,False,,C,OTHER MOTOR VEHICLE,,0,0,CLEAR,,NO UNUSUAL CONDITIONS - NO UNUSUAL CONDITIONS,,C,DARK-STREET LIGHTS,,,,,,,A,NO PEDESTRIANS INVOLVED,,A,21453A,,1,GRAND AV,1,,,A,,,LAKE PARK AV,,,A,7/25/2024 7:43:28 PM,1/28/2025 4:11:08 PM,,,2,,,,,,,
2632026,22-014317,2,False,0109,3/27/2022 4:00:00 PM,1600,07X,14,109,Oakland,1,True,True,D,BROADSIDE,,Sunday,,,,,False,False,False,,C,OTHER MOTOR VEHICLE,,3,0,CLOUDY,,NO UNUSUAL CONDITIONS - NO UNUSUAL CONDITIONS,,A,DAYLIGHT,,,,,,,A,NO PEDESTRIANS INVOLVED,,D,,,,7TH ST,1,,,A,,,MADISON ST,,,B,7/25/2024 7:43:28 PM,1/28/2025 4:11:08 PM,,,2,,,,,,,
2632011,22-008421,2,False,0109,2/20/2022 3:39:00 PM,1539,34X,14,109,Oakland,1,True,True,C,REAR END,,Sunday,,,,,False,False,False,,E,PARKED MOTOR VEHICLE,,0,0,CLOUDY,,NO UNUSUAL CONDITIONS - NO UNUSUAL CONDITIONS,,A,DAYLIGHT,,,,,,,A,NO PEDESTRIANS INVOLVED,,A,22106,,1,84TH AV,2,,,A,S,160.0,HOLLY ST,F,,D,7/25/2024 7:43:27 PM,1/28/2025 4:11:07 PM,,,2,,,,,,,
2632007,22-008082,2,False,0109,2/18/2022 3:21:00 PM,1521,35X,14,109,Oakland,1,True,True,A,HEAD-ON,,Friday,,,,,False,False,True,,C,OTHER MOTOR VEHICLE,,0,0,CLEAR,,NO UNUSUAL CONDITIONS - NO UNUSUAL CONDITIONS,,A,DAYLIGHT,,,,,,,A,NO PEDESTRIANS INVOLVED,,A,21453A,,1,98TH AV,2,,,A,,,STERNS AV,,,A,7/25/2024 7:43:26 PM,1/28/2025 4:11:07 PM,,,2,,,,,,,
2632001,22-005151,2,False,0109,1/31/2022 2:00:00 PM,1400,31X,14,109,Oakland,1,True,True,B,SIDE SWIPE,,Monday,,,,,False,False,False,,E,PARKED MOTOR VEHICLE,,0,0,CLEAR,,NO UNUSUAL CONDITIONS - NO UNUSUAL CONDITIONS,,A,DAYLIGHT,,,,,,,A,NO PEDESTRIANS INVOLVED,,A,22107,,1,WOODBINE AV,2,,,A,N,200.0,PLEASANT ST,F,,A,7/25/2024 7:43:26 PM,1/28/2025 4:11:07 PM,,,2,,,,,,,
2631994,22-007248,2,False,0109,2/13/2022 9:05:00 PM,2105,19X,14,109,Oakland,1,True,True,A,HEAD-ON,,Sunday,,,M,,False,False,True,,E,PARKED MOTOR VEHICLE,,0,0,CLEAR,,NO UNUSUAL CONDITIONS - NO UNUSUAL CONDITIONS,,C,DARK-STREET LIGHTS,,,,,,,A,NO PEDESTRIANS INVOLVED,,A,22107,,1,FOOTHILL BL,1,,,A,W,25.0,22ND AV,F,,A,7/25/2024 7:43:25 PM,1/28/2025 4:11:06 PM,,,2,,,,,,,
2631984,22-014796,2,False,0109,3/30/2022 10:42:00 AM,1042,21X,14,109,Oakland,1,True,True,D,BROADSIDE,,Wednesday,,,,,False,False,False,,C,OTHER MOTOR VEHICLE,,1,0,CLOUDY,,NO UNUSUAL CONDITIONS - NO UNUSUAL CONDITIONS,,A,DAYLIGHT,,,,,,,A,NO PEDESTRIANS INVOLVED,,A,21802A,,1,E 20TH ST,2,,,A,,,26TH AV,,,A,7/25/2024 7:43:25 PM,1/28/2025 4:11:06 PM,,,2,,,,,,,
2631976,22-010988,2,False,0109,3/8/2022 7:35:00 AM,735,22X,14,109,Oakland,1,True,True,E,HIT OBJECT,,Tuesday,,,M,,False,False,True,,C,OTHER MOTOR VEHICLE,,0,0,CLEAR,,NO UNUSUAL CONDITIONS - NO UNUSUAL CONDITIONS,,A,DAYLIGHT,,,,,,,A,NO PEDESTRIANS INVOLVED,,A,22107,,1,MACARTHUR BL,2,,,A,W,100.0,LINCOLN AV,F,,D,7/25/2024 7:43:24 PM,1/28/2025 4:11:05 PM,,,2,,,,,,,
2631971,22-015059,2,False,0109,3/31/2022 6:08:00 PM,1808,26X,14,109,Oakland,1,True,True,B,SIDE SWIPE,,Thursday,,,M,,False,False,True,,C,OTHER MOTOR VEHICLE,,0,0,CLEAR,,NO UNUSUAL CONDITIONS - NO UNUSUAL CONDITIONS,,A,DAYLIGHT,,,,,,,A,NO PEDESTRIANS INVOLVED,,A,22107,,1,SAN LEANDRO ST,2,,,A,W,1.0,HIGH ST,F,,A,7/25/2024 7:43:23 PM,1/28/2025 4:11:05 PM,,,2,,,,,,,
2631960,22-013942,2,False,0109,3/25/2022 5:53:00 AM,553,29X,14,109,Oakland,1,True,True,B,SIDE SWIPE,,Friday,,,,,False,False,True,,E,PARKED MOTOR VEHICLE,,1,0,CLEAR,,NO UNUSUAL CONDITIONS - NO UNUSUAL CONDITIONS,,C,DARK-STREET LIGHTS,,,,,,,A,NO PEDESTRIANS INVOLVED,,A,22107,,1,73RD AV,2,,,A,N,100.0,HILLMONT DR,F,,D,7/25/2024 7:43:23 PM,1/28/2025 4:11:04 PM,,,2,,,,,,,
2631959,22-016388,2,False,0109,4/8/2022 6:17:00 PM,1817,02X,14,109,Oakland,1,True,True,F,OVERTURNED,,Friday,,,,,False,False,True,,I,FIXED OBJECT,,1,0,CLEAR,,NO UNUSUAL CONDITIONS - NO UNUSUAL CONDITIONS,,A,DAYLIGHT,,,,,,,A,NO PEDESTRIANS INVOLVED,,A,22107,,1,7TH ST,1,,,A,,,FRONTAGE RD,,,A,7/25/2024 7:43:23 PM,1/28/2025 4:11:04 PM,,,2,,,,,,,
2631958,22-006124,2,False,0109,2/7/2022 3:15:00 PM,1515,31X,14,109,Oakland,1,True,True,E,HIT OBJECT,,Monday,,,M,,False,False,False,,I,FIXED OBJECT,,0,0,CLEAR,,NO UNUSUAL CONDITIONS - NO UNUSUAL CONDITIONS,,A,DAYLIGHT,,,,,,,A,NO PEDESTRIANS INVOLVED,,A,22107,,1,ROLAND WY,2,,,A,N,30.0,EDGEWATER DR,F,,,7/25/2024 7:43:22 PM,1/28/2025 4:11:04 PM,,,2,,,,,,,
2631957,22-006606,2,False,0109,2/9/2022 9:09:00 PM,2109,18X,14,109,Oakland,1,True,True,B,SIDE SWIPE,,Wednesday,,,M,,False,False,True,,E,PARKED MOTOR VEHICLE,,0,0,CLEAR,,NO UNUSUAL CONDITIONS - NO UNUSUAL CONDITIONS,,C,DARK-STREET LIGHTS,,,,,,,A,NO PEDESTRIANS INVOLVED,,A,22107,,1,23RD AV,1,,,A,S,20.0,19TH ST,F,,B,7/25/2024 7:43:22 PM,1/28/2025 4:11:04 PM,,,2,,,,,,,
2631956,22-005177,2,False,0109,2/1/2022 6:43:00 PM,1843,08X,14,109,Oakland,1,True,True,A,HEAD-ON,,Tuesday,,,,,False,False,True,,C,OTHER MOTOR VEHICLE,,0,0,CLEAR,,NO UNUSUAL CONDITIONS - NO UNUSUAL CONDITIONS,,C,DARK-STREET LIGHTS,,,,,,,A,NO PEDESTRIANS INVOLVED,,A,21801A,,1,TELEGRAPH AV,1,,,A,,,29TH ST,,,A,7/25/2024 7:43:22 PM,1/28/2025 4:11:04 PM,,,2,,,,,,,
2631902,22-018273,2,False,0109,4/20/2022 2:44:00 PM,1444,24X,14,109,Oakland,1,True,True,E,HIT OBJECT,,Wednesday,,,M,,False,False,False,,I,FIXED OBJECT,,0,0,CLEAR,,NO UNUSUAL CONDITIONS - NO UNUSUAL CONDITIONS,,A,DAYLIGHT,,,,,,,A,NO PEDESTRIANS INVOLVED,,A,22107,,1,HARRINGTON AV,2,,,A,N,10.0,LYON AV,F,,A,7/25/2024 7:43:18 PM,1/28/2025 4:10:59 PM,,,2,,,,,,,
2631901,22-018234,2,False,0109,4/20/2022 8:00:00 AM,800,20X,14,109,Oakland,1,True,True,C,REAR END,,Wednesday,,,M,,False,False,False,,C,OTHER MOTOR VEHICLE,,0,0,CLEAR,,NO UNUSUAL CONDITIONS - NO UNUSUAL CONDITIONS,,A,DAYLIGHT,,,,,,,A,NO PEDESTRIANS INVOLVED,,A,22350,,1,29TH AV,2,,,A,N,20.0,E 9TH AV,F,,D,7/25/2024 7:43:18 PM,1/28/2025 4:10:59 PM,,,2,,,,,,,
2631844,22-016387,2,False,0109,4/8/2022 6:11:00 PM,1811,02X,14,109,Oakland,1,True,True,C,REAR END,,Friday,,,M,,False,False,False,,C,OTHER MOTOR VEHICLE,,1,0,CLEAR,,NO UNUSUAL CONDITIONS - NO UNUSUAL CONDITIONS,,A,DAYLIGHT,,,,,,,A,NO PEDESTRIANS INVOLVED,,A,22350,,1,7TH ST,1,,,A,W,100.0,ADELINE ST,F,,A,7/25/2024 7:43:13 PM,1/28/2025 4:10:56 PM,,,2,,,,,,,
2631841,22-014675,2,False,0109,3/29/2022 3:59:00 PM,1559,19X,14,109,Oakland,1,True,True,A,HEAD-ON,,Tuesday,,,M,,False,False,False,,C,OTHER MOTOR VEHICLE,,0,0,CLEAR,,NO UNUSUAL CONDITIONS - NO UNUSUAL CONDITIONS,,A,DAYLIGHT,,,,,,,A,NO PEDESTRIANS INVOLVED,,A,22107,,1,FOOTHILL BL,1,,,A,E,30.0,MUNSON WY,F,,D,7/25/2024 7:43:13 PM,1/28/2025 4:10:56 PM,,,2,,,,,,,
2631837,22-014384,2,False,0109,3/28/2022 11:42:00 PM,2342,30Y,14,109,Oakland,1,True,True,C,REAR END,,Monday,,,M,,False,False,False,,E,PARKED MOTOR VEHICLE,,0,0,RAINING,,NO UNUSUAL CONDITIONS - NO UNUSUAL CONDITIONS,,C,DARK-STREET LIGHTS,,,,,,,A,NO PEDESTRIANS INVOLVED,,A,22107,,1,82ND AV,2,,,B,,,HILLSIDE ST,,,D,7/25/2024 7:43:12 PM,1/28/2025 4:10:55 PM,,,2,,,,,,,
2630766,22-002588,2,False,0109,1/17/2022 3:05:00 PM,1505,19X,14,109,Oakland,1,True,True,B,SIDE SWIPE,,Monday,,,M,,False,False,True,,C,OTHER MOTOR VEHICLE,,0,0,,,,,A,DAYLIGHT,,,,,,,A,NO PEDESTRIANS INVOLVED,,A,22450A,,1,13TH AV,1,,,A,,,FOOTHILL BL,,,D,7/25/2024 7:41:44 PM,1/28/2025 4:09:45 PM,,,2,,,,,,,
2630765,22-004693,2,False,0109,1/29/2022 1:32:00 PM,1332,23X,14,109,Oakland,1,True,True,D,BROADSIDE,,Saturday,,,M,,False,False,False,,G,BICYCLE,,0,0,CLEAR,,NO UNUSUAL CONDITIONS - NO UNUSUAL CONDITIONS,,A,DAYLIGHT,,,,,,,A,NO PEDESTRIANS INVOLVED,,A,21750,,1,INTERNATIONAL BL,2,,,A,E,10.0,33RD AV,F,,A,7/25/2024 7:41:44 PM,1/28/2025 4:09:45 PM,,,2,,,,,,,
2630764,22-003146,2,False,0109,1/20/2022 5:28:00 PM,1728,27X,14,109,Oakland,1,True,True,B,SIDE SWIPE,,Thursday,,,M,,False,False,False,,E,PARKED MOTOR VEHICLE,,0,0,CLEAR,,NO UNUSUAL CONDITIONS - NO UNUSUAL CONDITIONS,,C,DARK-STREET LIGHTS,,,,,,,A,NO PEDESTRIANS INVOLVED,,A,22350,,1,48TH AV,2,,,A,S,10.0,BANCROFT AV,F,,A,7/25/2024 7:41:44 PM,1/28/2025 4:09:45 PM,,,2,,,,,,,
2630763,22-003566,2,False,0109,1/23/2022 3:14:00 PM,1514,14X,14,109,Oakland,1,True,True,C,REAR END,,Sunday,,,M,,False,False,False,,,,,0,0,CLEAR,,NO UNUSUAL CONDITIONS - NO UNUSUAL CONDITIONS,,A,DAYLIGHT,,,,,,,A,NO PEDESTRIANS INVOLVED,,A,22350,,1,MACARTHUR BL,1,,,A,,,GRAND AV,,,A,7/25/2024 7:41:44 PM,1/28/2025 4:09:45 PM,,,2,,,,,,,
2630762,22-003016,2,False,0109,1/20/2022 1:08:00 AM,108,14X,14,109,Oakland,1,True,True,E,HIT OBJECT,,Thursday,,,M,,False,False,False,,J,OTHER OBJECT,,0,0,FOG/VISIBILITY,,NO UNUSUAL CONDITIONS - NO UNUSUAL CONDITIONS,,C,DARK-STREET LIGHTS,,,,,,,A,NO PEDESTRIANS INVOLVED,,A,22350,,1,ELWOOD AV,1,,,B,,,SANTA CLARA AV,,,A,7/25/2024 7:41:44 PM,1/28/2025 4:09:45 PM,,,2,,,,,,,
2630761,22-003628,2,False,0109,1/23/2022 9:19:00 PM,2119,06X,14,109,Oakland,1,True,True,E,HIT OBJECT,,Sunday,,,M,,False,False,False,,I,FIXED OBJECT,,0,0,CLEAR,,NO UNUSUAL CONDITIONS - NO UNUSUAL CONDITIONS,,B,DUSK-DAWN,,,,,,,A,NO PEDESTRIANS INVOLVED,,A,22107,,1,34TH ST,1,,,A,S,5.0,MARKET ST,F,,A,7/25/2024 7:41:44 PM,1/28/2025 4:09:45 PM,,,2,,,,,,,
2630760,22-004626,2,False,0109,1/29/2022 4:07:00 AM,407,23X,14,109,Oakland,1,True,True,A,HEAD-ON,,Saturday,,,M,,False,False,False,,I,FIXED OBJECT,,0,0,CLEAR,,NO UNUSUAL CONDITIONS - NO UNUSUAL CONDITIONS,,C,DARK-STREET LIGHTS,,,,,,,A,NO PEDESTRIANS INVOLVED,,A,22107,,1,INTERNATIONAL BL,1,,,A,,,HIGH ST,,,A,7/25/2024 7:41:44 PM,1/28/2025 4:09:45 PM,,,2,,,,,,,
2630740,22-008169,2,False,0109,2/19/2022 3:00:00 AM,300,02X,14,109,Oakland,1,True,True,D,BROADSIDE,,Saturday,,,M,,False,False,False,,C,OTHER MOTOR VEHICLE,,0,0,CLEAR,,NO UNUSUAL CONDITIONS - NO UNUSUAL CONDITIONS,,C,DARK-STREET LIGHTS,,,,,,,A,NO PEDESTRIANS INVOLVED,,A,21453A,,1,5TH ST,1,,,A,,,BRUSH ST,,,A,7/25/2024 7:41:42 PM,1/28/2025 4:09:43 PM,,,2,,,,,,,
2630739,22-006507,2,False,0109,2/9/2022 1:17:00 PM,1317,20X,14,109,Oakland,1,True,True,B,SIDE SWIPE,,Wednesday,,,,,False,False,False,,C,OTHER MOTOR VEHICLE,,0,0,CLEAR,,NO UNUSUAL CONDITIONS - NO UNUSUAL CONDITIONS,,A,DAYLIGHT,,,,,,,A,NO PEDESTRIANS INVOLVED,,A,21453A,,1,E 12TH ST,2,,,A,,,29TH AV,,,A,7/25/2024 7:41:42 PM,1/28/2025 4:09:43 PM,,,2,,,,,,,
2630738,22-006495,2,False,0109,2/9/2022 12:34:00 PM,1234,21X,14,109,Oakland,1,True,True,D,BROADSIDE,,Wednesday,,,,,False,False,False,,C,OTHER MOTOR VEHICLE,,0,0,CLEAR,,NO UNUSUAL CONDITIONS - NO UNUSUAL CONDITIONS,,A,DAYLIGHT,,,,,,,A,NO PEDESTRIANS INVOLVED,,A,22106,,1,24TH AV,2,,,A,N,50.0,E 17TH ST,F,,D,7/25/2024 7:41:42 PM,1/28/2025 4:09:43 PM,,,2,,,,,,,
2630737,22-007211,2,False,0109,2/13/2022 5:30:00 PM,1730,15X,14,109,Oakland,1,True,True,B,SIDE SWIPE,,Sunday,,,,,False,False,False,,E,PARKED MOTOR VEHICLE,,0,0,CLEAR,,NO UNUSUAL CONDITIONS - NO UNUSUAL CONDITIONS,,A,DAYLIGHT,,,,,,,A,NO PEDESTRIANS INVOLVED,,D,,,,PARK BL,1,,,A,,,MONTCLAIR,,,D,7/25/2024 7:41:42 PM,1/28/2025 4:09:43 PM,,,2,,,,,,,
2630736,22-007747,2,False,0109,2/16/2022 8:30:00 PM,2030,27X,14,109,Oakland,1,True,True,G,VEHICLE/PEDESTRAIN,,Wednesday,,,,,False,False,False,,B,PEDESTRIAN,,0,0,CLEAR,,NO UNUSUAL CONDITIONS - NO UNUSUAL CONDITIONS,,C,DARK-STREET LIGHTS,,,,,,,D,CROSSING - NOT IN CROSSWALK,,D,,,,INTERNATIONAL BL,2,,,A,W,5.0,64TH AV,F,,D,7/25/2024 7:41:42 PM,1/28/2025 4:09:43 PM,,,2,,,,,,,
2630735,22-007994,2,False,0109,2/18/2022 2:00:00 AM,200,25X,14,109,Oakland,1,True,True,A,HEAD-ON,,Friday,,,,,False,False,False,,C,OTHER MOTOR VEHICLE,,0,0,CLEAR,,NO UNUSUAL CONDITIONS - NO UNUSUAL CONDITIONS,,C,DARK-STREET LIGHTS,,,,,,,A,NO PEDESTRIANS INVOLVED,,A,21453A,,,HIGH ST,2,,,A,,,REDDING ST,,,A,7/25/2024 7:41:42 PM,1/28/2025 4:09:43 PM,,,2,,,,,,,
2630734,22-008620,2,False,0109,2/21/2022 10:30:00 PM,2230,30X,14,109,Oakland,1,True,True,C,REAR END,,Monday,,,,,False,False,False,,E,PARKED MOTOR VEHICLE,,0,0,CLEAR,,,,C,DARK-STREET LIGHTS,,,,,,,A,NO PEDESTRIANS INVOLVED,,C,,,,73RD AV,2,,,A,E,10.0,LOCKWOOD ST,F,,A,7/25/2024 7:41:42 PM,1/28/2025 4:09:43 PM,,,2,,,,,,,
2630667,22-002173,2,False,0109,1/14/2022 9:18:00 PM,2118,02X,14,109,Oakland,1,True,True,D,BROADSIDE,,Friday,,,,,False,False,False,,,,,0,0,CLEAR,,NO UNUSUAL CONDITIONS - NO UNUSUAL CONDITIONS,,C,DARK-STREET LIGHTS,,,,,,,A,NO PEDESTRIANS INVOLVED,,A,21453A,,1,12TH ST,1,,,A,,,MARKET ST,,,A,7/25/2024 7:41:37 PM,1/28/2025 4:09:39 PM,,,2,,,,,,,
2630666,22-002995,2,False,0109,1/19/2022 10:10:00 PM,2210,19X,14,109,Oakland,1,True,True,C,REAR END,,Wednesday,,,,,False,False,True,,E,PARKED MOTOR VEHICLE,,0,0,CLEAR,,NO UNUSUAL CONDITIONS - NO UNUSUAL CONDITIONS,,B,DUSK-DAWN,,,,,,,A,NO PEDESTRIANS INVOLVED,,A,23152A,,1,5TH AV,1,,,A,S,98.0,INTERNATIONAL BL,F,,D,7/25/2024 7:41:37 PM,1/28/2025 4:09:39 PM,,,2,,,,,,,
2630665,22-007100,2,False,0109,2/13/2022 12:49:00 AM,49,17X,14,109,Oakland,1,True,True,B,SIDE SWIPE,,Sunday,,,M,,False,False,False,,C,OTHER MOTOR VEHICLE,,0,0,CLEAR,,NO UNUSUAL CONDITIONS - NO UNUSUAL CONDITIONS,,C,DARK-STREET LIGHTS,,,,,,,A,NO PEDESTRIANS INVOLVED,,A,22450A,,1,E 23RD ST,1,,,A,,,9TH AV,,,A,7/25/2024 7:41:37 PM,1/28/2025 4:09:38 PM,,,2,,,,,,,
2630663,22-006955,2,False,0109,2/12/2022 1:12:00 AM,112,21X,14,109,Oakland,1,True,True,E,HIT OBJECT,,Saturday,,,M,,False,False,True,,I,FIXED OBJECT,,0,0,CLEAR,,NO UNUSUAL CONDITIONS - NO UNUSUAL CONDITIONS,,B,DUSK-DAWN,,,,,,,A,NO PEDESTRIANS INVOLVED,,A,22107,,1,FRUITVALE AV,2,,,A,,,DAVIS ST,,,A,7/25/2024 7:41:37 PM,1/28/2025 4:09:39 PM,,,2,,,,,,,
2630662,22-007221,2,False,0109,2/13/2022 7:44:00 PM,1944,32X,14,109,Oakland,1,True,True,D,BROADSIDE,,Sunday,,,M,,False,False,False,,C,OTHER MOTOR VEHICLE,,0,0,CLEAR,,NO UNUSUAL CONDITIONS - NO UNUSUAL CONDITIONS,,C,DARK-STREET LIGHTS,,,,,,,A,NO PEDESTRIANS INVOLVED,,A,22107,,1,98TH AV,2,,,A,,,SAN LEANDRO,,,A,7/25/2024 7:41:37 PM,1/28/2025 4:09:38 PM,,,2,,,,,,,
2630644,22-003946,2,False,0109,1/25/2022 5:24:00 PM,1724,26X,14,109,Oakland,1,True,True,D,BROADSIDE,,Tuesday,,,M,,False,False,False,,G,BICYCLE,,1,0,CLEAR,,NO UNUSUAL CONDITIONS - NO UNUSUAL CONDITIONS,,C,DARK-STREET LIGHTS,,,,,,,A,NO PEDESTRIANS INVOLVED,,A,22350,,1,HIGH ST,1,,,A,E,250.0,WATTLING ST,F,,D,7/25/2024 7:41:36 PM,1/28/2025 4:09:37 PM,,,2,,,,,,,
2630643,22-003780,2,False,0109,1/24/2022 5:45:00 PM,1745,,14,109,Oakland,1,True,True,G,VEHICLE/PEDESTRAIN,,Monday,,,M,,False,False,False,,B,PEDESTRIAN,,1,0,CLEAR,,NO UNUSUAL CONDITIONS - NO UNUSUAL CONDITIONS,,C,DARK-STREET LIGHTS,,,,,,,E,IN ROAD - INCLUDES SHOULDER,,A,22106,,1,85TH AV,2,,,A,,,G ST,,,A,7/25/2024 7:41:35 PM,1/28/2025 4:09:37 PM,,,2,,,,,,,
2630642,22-004419,2,False,0109,1/28/2022 12:48:00 AM,48,22X,14,109,Oakland,1,True,True,F,OVERTURNED,,Friday,,,,,False,False,True,,J,OTHER OBJECT,,1,0,CLEAR,,NO UNUSUAL CONDITIONS - NO UNUSUAL CONDITIONS,,C,DARK-STREET LIGHTS,,,,,,,A,NO PEDESTRIANS INVOLVED,,A,22107,,1,MACARTHUR BL,2,,,A,,,COOLIDGE AV,,,A,7/25/2024 7:41:35 PM,1/28/2025 4:09:37 PM,,,2,,,,,,,
2630641,22-002423,2,False,0109,1/16/2022 12:00:00 PM,1200,17X,14,109,Oakland,1,True,True,D,BROADSIDE,,Sunday,,,,,False,False,False,,C,OTHER MOTOR VEHICLE,,3,0,CLEAR,,NO UNUSUAL CONDITIONS - NO UNUSUAL CONDITIONS,,A,DAYLIGHT,,,,,,,A,NO PEDESTRIANS INVOLVED,,A,21802A,,1,14TH AV,1,,,A,,,E 18TH ST,,,A,7/25/2024 7:41:35 PM,1/28/2025 4:09:37 PM,,,2,,,,,,,
2630344,22-015460,2,False,0109,4/3/2022 12:00:00 PM,1200,29X,14,109,Oakland,1,True,True,E,HIT OBJECT,,Sunday,,,M,,False,False,False,,I,FIXED OBJECT,,0,0,CLEAR,,NO UNUSUAL CONDITIONS - NO UNUSUAL CONDITIONS,,D,DARK-NO STREET LIGHTS,,,,,,,A,NO PEDESTRIANS INVOLVED,,A,22107,,1,BROOKDALE AV,2,,,A,W,130.0,FOOTHILL BL,F,,D,7/25/2024 7:41:12 PM,1/28/2025 4:09:15 PM,,,2,,,,,,,
2630332,22-011522,2,False,0109,3/10/2022 9:04:00 PM,2104,15X,14,109,Oakland,1,True,True,A,HEAD-ON,,Thursday,,,M,,False,False,True,,E,PARKED MOTOR VEHICLE,,0,0,CLEAR,,NO UNUSUAL CONDITIONS - NO UNUSUAL CONDITIONS,,C,DARK-STREET LIGHTS,,,,,,,A,NO PEDESTRIANS INVOLVED,,A,22350,,1,ATHOL AV,1,,,A,N,700.0,18TH ST,F,,D,7/25/2024 7:41:11 PM,1/28/2025 4:09:14 PM,,,2,,,,,,,
2630331,22-010386,2,False,0109,3/4/2022 11:22:00 AM,1122,30X,14,109,Oakland,1,True,True,A,HEAD-ON,,Friday,,,M,,False,False,False,,I,FIXED OBJECT,,0,0,CLEAR,,NO UNUSUAL CONDITIONS - NO UNUSUAL CONDITIONS,,A,DAYLIGHT,,,,,,,F,NOT IN ROAD,,A,22107,,1,75TH AV,22,,,A,,,GARFIELD AV,,,D,7/25/2024 7:41:11 PM,1/28/2025 4:09:14 PM,,,2,,,,,,,
2630330,22-010514,2,False,0109,3/5/2022 3:20:00 AM,320,03X,14,109,Oakland,1,True,True,B,SIDE SWIPE,,Saturday,,,M,,False,False,False,,C,OTHER MOTOR VEHICLE,,0,0,CLEAR,,NO UNUSUAL CONDITIONS - NO UNUSUAL CONDITIONS,,C,DARK-STREET LIGHTS,,,,,,,A,NO PEDESTRIANS INVOLVED,,A,22107,,1,14TH ST,1,,,,,,HARRISON ST,,,A,7/25/2024 7:41:11 PM,1/28/2025 4:09:14 PM,,,2,,,,,,,
2630329,22-011712,2,False,0109,3/11/2022 6:48:00 PM,1848,29X,14,109,Oakland,1,True,True,C,REAR END,,Friday,,,,,False,False,False,,C,OTHER MOTOR VEHICLE,,0,0,CLEAR,,NO UNUSUAL CONDITIONS - NO UNUSUAL CONDITIONS,,B,DUSK-DAWN,,,,,,,A,NO PEDESTRIANS INVOLVED,,A,22350,,1,BANCROFT AV,2,,,A,W,20.0,57TH AV,F,,A,7/25/2024 7:41:11 PM,1/28/2025 4:09:14 PM,,,2,,,,,,,
2630328,22-010655,2,False,0109,3/6/2022 2:13:00 AM,213,25X,14,109,Oakland,1,True,True,C,REAR END,,Sunday,,,M,,False,False,False,,E,PARKED MOTOR VEHICLE,,0,0,CLEAR,,NO UNUSUAL CONDITIONS - NO UNUSUAL CONDITIONS,,C,DARK-STREET LIGHTS,,,,,,,A,NO PEDESTRIANS INVOLVED,,A,22107,,1,35TH AV,2,,,A,S,25.0,VICTOR AV,F,,D,7/25/2024 7:41:11 PM,1/28/2025 4:09:14 PM,,,2,,,,,,,
2630327,22-011079,2,False,0109,3/8/2022 4:20:00 PM,1620,32X,14,109,Oakland,1,True,True,B,SIDE SWIPE,,Tuesday,,,M,,False,False,False,,C,OTHER MOTOR VEHICLE,,0,0,CLEAR,,NO UNUSUAL CONDITIONS - NO UNUSUAL CONDITIONS,,A,DAYLIGHT,,,,,,,A,NO PEDESTRIANS INVOLVED,,A,22107,,1,MACARTHUR BL,2,,,A,W,100.0,FISHER AV,F,,D,7/25/2024 7:41:10 PM,1/28/2025 4:09:13 PM,,,2,,,,,,,
2630326,22-010996,2,False,0109,3/8/2022 9:00:00 AM,900,31X,14,109,Oakland,1,True,True,C,REAR END,,Tuesday,,,M,,False,False,False,,E,PARKED MOTOR VEHICLE,,0,0,CLEAR,,NO UNUSUAL CONDITIONS - NO UNUSUAL CONDITIONS,,A,DAYLIGHT,,,,,,,A,NO PEDESTRIANS INVOLVED,,A,22350,,1,INTERNATIONAL BL,2,,,A,,,88TH AV,,,D,7/25/2024 7:41:10 PM,1/28/2025 4:09:13 PM,,,2,,,,,,,
2630325,22-010323,2,False,0109,3/4/2022 6:57:00 AM,657,17X,14,109,Oakland,1,True,True,B,SIDE SWIPE,,Friday,,,,,False,False,False,,E,PARKED MOTOR VEHICLE,,0,0,CLOUDY,,NO UNUSUAL CONDITIONS - NO UNUSUAL CONDITIONS,,A,DAYLIGHT,,,,,,,A,NO PEDESTRIANS INVOLVED,,A,22107,,1,10TH AV,1,,,B,S,5.0,E 18TH ST,F,,D,7/25/2024 7:41:10 PM,1/28/2025 4:09:13 PM,,,1,,,,,,,
2630324,22-010025,2,False,0109,3/2/2022 11:24:00 AM,1124,24X,14,109,Oakland,1,True,True,H,OTHER,,Wednesday,,,,,False,False,False,,G,BICYCLE,,1,0,CLEAR,,,,A,DAYLIGHT,,,,,,,A,NO PEDESTRIANS INVOLVED,,A,21202A,,1,BROOKDALE AV,2,,,A,E,15.0,38TH AV,F,,A,7/25/2024 7:41:10 PM,1/28/2025 4:09:13 PM,,,2,,,,,,,