collision-id,report-number,report-version,is-preliminary,ncic-code,crash-date-time,crash-time-description,beat,city-id,city-code,city-name,county-code,city-is-active,city-is-incorporated,collision-type-code,collision-type-description,collision-type-other-desc,day-of-week,dispatch-notified,has-photographs,hit-run,is-attachments-mailed,is-deleted,is-highway-related,is-tow-away,judicial-district,motor-vehicle-involved-with-code,motor-vehicle-involved-with-desc,motor-vehicle-involved-with-other-desc,number-injured,number-killed,weather-1,weather-2,road-condition-1,road-condition-2,special-condition-lighting-code,lighting-description,latitude,longitude,milepost-direction,milepost-distance,milepost-marker,milepost-unit-of-measure,pedestrian-action-code,pedestrian-action-desc,prepared-date,primary-collision-factor-code,primary-collision-factor-violation,primary-collision-factor-is-cited,primary-collision-party-number,primary-road,reporting-district,reporting-district-code,reviewed-date,roadway-surface-code,secondary-direction,secondary-distance,secondary-road,secondary-unit-of-measure,sketch-desc,traffic-control-device-code,created-date,modified-date,is-county-road,is-freeway,chp-555-version,is-additonal-object-struck,notification-date,notification-time-description,has-digital-media-files,evidence-number,is-location-refer-to-narrative,is-aoi-one-same-as-location
2630240,22-011850,2,False,0109,3/12/2022 6:31:00 PM,1831,19X,14,109,Oakland,1,True,True,D,BROADSIDE,,Saturday,,,M,,False,False,False,,C,OTHER MOTOR VEHICLE,,1,0,CLEAR,,NO UNUSUAL CONDITIONS - NO UNUSUAL CONDITIONS,,C,DARK-STREET LIGHTS,,,,,,,A,NO PEDESTRIANS INVOLVED,,A,22107,,1,22ND AV,1,,,A,,,INTERNATIONAL BL,,,A,7/25/2024 7:41:03 PM,1/28/2025 4:09:08 PM,,,2,,,,,,,
2630238,22-011715,2,False,0109,3/11/2022 6:30:00 PM,1830,13Y,14,109,Oakland,1,True,True,A,HEAD-ON,,Friday,,,F,,False,False,False,,G,BICYCLE,,1,0,CLEAR,,NO UNUSUAL CONDITIONS - NO UNUSUAL CONDITIONS,,D,DARK-NO STREET LIGHTS,,,,,,,A,NO PEDESTRIANS INVOLVED,,A,21460A,,1,TUNNEL RD,1,,,A,S,2100.0,CHARING CROSS RD,F,,D,7/25/2024 7:41:03 PM,1/28/2025 4:09:08 PM,,,2,,,,,,,
2630237,22-011477,2,False,0109,3/10/2022 3:05:00 PM,1505,26X,14,109,Oakland,1,True,True,B,SIDE SWIPE,,Thursday,,,M,,False,False,False,,C,OTHER MOTOR VEHICLE,,1,0,CLEAR,,NO UNUSUAL CONDITIONS - NO UNUSUAL CONDITIONS,,A,DAYLIGHT,,,,,,,A,NO PEDESTRIANS INVOLVED,,A,22107,,1,E 12TH ST,2,,,A,,,49TH AV,,,D,7/25/2024 7:41:03 PM,1/28/2025 4:09:08 PM,,,2,,,,,,,
2630236,22-014143,2,False,0109,3/26/2022 12:51:00 PM,1251,23X,14,109,Oakland,1,True,True,C,REAR END,,Saturday,,,M,,False,False,False,,C,OTHER MOTOR VEHICLE,,1,0,CLEAR,,NO UNUSUAL CONDITIONS - NO UNUSUAL CONDITIONS,,A,DAYLIGHT,,,,,,,A,NO PEDESTRIANS INVOLVED,,A,22350,,1,INTERNATIONAL BL,2,,,A,W,15.0,35TH AV,F,,A,7/25/2024 7:41:03 PM,1/28/2025 4:09:08 PM,,,2,,,,,,,
2630235,22-011923,2,False,0109,3/13/2022 9:11:00 AM,911,02X,14,109,Oakland,1,True,True,B,SIDE SWIPE,,Sunday,,,,,False,False,False,,C,OTHER MOTOR VEHICLE,,1,0,CLEAR,,NO UNUSUAL CONDITIONS - NO UNUSUAL CONDITIONS,,A,DAYLIGHT,,,,,,,A,NO PEDESTRIANS INVOLVED,,A,21651B,,1,8TH ST,1,,,B,W,30.0,MARKET ST,F,,A,7/25/2024 7:41:03 PM,1/28/2025 4:09:08 PM,,,2,,,,,,,
2630225,22-010830,2,False,0109,3/7/2022 9:19:00 AM,919,33X,14,109,Oakland,1,True,True,D,BROADSIDE,,Monday,,,M,,False,False,False,,C,OTHER MOTOR VEHICLE,,2,0,CLEAR,,NO UNUSUAL CONDITIONS - NO UNUSUAL CONDITIONS,,A,DAYLIGHT,,,,,,,A,NO PEDESTRIANS INVOLVED,,A,22450A,,1,89TH AV,2,,,A,,,A ST,,,A,7/25/2024 7:41:02 PM,1/28/2025 4:09:07 PM,,,2,,,,,,,
2630224,22-014530,2,False,0109,3/28/2022 9:58:00 PM,2158,27X,14,109,Oakland,1,True,True,A,HEAD-ON,,Monday,,,M,,False,False,False,,B,PEDESTRIAN,,1,0,CLEAR,,NO UNUSUAL CONDITIONS - NO UNUSUAL CONDITIONS,,C,DARK-STREET LIGHTS,,,,,,,B,CROSSING IN CROSS WALK AT INTERSECTION,,A,21453D,,1,HIGH ST,2,,,A,N,5.0,INTERNATIONAL BL,F,,A,7/25/2024 7:41:02 PM,1/28/2025 4:09:07 PM,,,2,,,,,,,
2630223,22-010224,2,False,0109,3/3/2022 1:35:00 PM,1335,08X,14,109,Oakland,1,True,True,G,VEHICLE/PEDESTRAIN,,Thursday,,,,,False,False,False,,C,OTHER MOTOR VEHICLE,,1,0,RAINING,,NO UNUSUAL CONDITIONS - NO UNUSUAL CONDITIONS,,A,DAYLIGHT,,,,,,,B,CROSSING IN CROSS WALK AT INTERSECTION,,A,21453A,,1,BROADWAY,1,,,B,,,29TH ST,,,A,7/25/2024 7:41:01 PM,1/28/2025 4:09:07 PM,,,2,,,,,,,
2630222,22-012063,2,False,0109,3/14/2022 7:29:00 AM,729,25X,14,109,Oakland,1,True,True,G,VEHICLE/PEDESTRAIN,,Monday,,,,,False,False,False,,B,PEDESTRIAN,,1,0,CLEAR,,NO UNUSUAL CONDITIONS - NO UNUSUAL CONDITIONS,,A,DAYLIGHT,,,,,,,B,CROSSING IN CROSS WALK AT INTERSECTION,,A,21950A,,1,CALAVERAS AV,2,,,A,E,8.0,BUELL ST,F,,A,7/25/2024 7:41:01 PM,1/28/2025 4:09:07 PM,,,2,,,,,,,
2630221,22-012144,2,False,0109,3/14/2022 2:33:00 PM,1433,03X,14,109,Oakland,1,True,True,A,HEAD-ON,,Monday,,,,,False,False,False,,C,OTHER MOTOR VEHICLE,,1,0,CLEAR,,NO UNUSUAL CONDITIONS - NO UNUSUAL CONDITIONS,,A,DAYLIGHT,,,,,,,A,NO PEDESTRIANS INVOLVED,,A,21453A,,1,12TH ST,1,,,A,,,OAK ST,,,A,7/25/2024 7:41:01 PM,1/28/2025 4:09:07 PM,,,2,,,,,,,
2630220,22-010424,2,False,0109,3/4/2022 3:07:00 PM,1507,06X,14,109,Oakland,1,True,True,A,HEAD-ON,,Friday,,,,,False,False,False,,C,OTHER MOTOR VEHICLE,,2,0,CLEAR,,NO UNUSUAL CONDITIONS - NO UNUSUAL CONDITIONS,,A,DAYLIGHT,,,,,,,A,NO PEDESTRIANS INVOLVED,,A,21453A,,1,MARKET ST,1,,,A,,,35TH ST,,,A,7/25/2024 7:41:01 PM,1/28/2025 4:09:07 PM,,,2,,,,,,,
2630219,22-011006,2,False,0109,3/8/2022 9:23:00 AM,923,30Y,14,109,Oakland,1,True,True,C,REAR END,,Tuesday,,,,,False,False,False,,C,OTHER MOTOR VEHICLE,,2,0,CLEAR,,NO UNUSUAL CONDITIONS - NO UNUSUAL CONDITIONS,,A,DAYLIGHT,,,,,,,A,NO PEDESTRIANS INVOLVED,,A,22350,,1,73RD AV,2,,,A,,,MACARTHUR BL,,,D,7/25/2024 7:41:01 PM,1/28/2025 4:09:07 PM,,,2,,,,,,,
2630218,22-010698,2,False,0109,3/6/2022 1:25:00 PM,1325,04X,14,109,Oakland,1,True,True,D,BROADSIDE,,Sunday,,,,,False,False,True,,C,OTHER MOTOR VEHICLE,,2,0,CLEAR,,NO UNUSUAL CONDITIONS - NO UNUSUAL CONDITIONS,,A,DAYLIGHT,,,,,,,A,NO PEDESTRIANS INVOLVED,,D,,,,17TH ST,1,,,A,,,FRANKLIN ST,,,A,7/25/2024 7:41:01 PM,1/28/2025 4:09:07 PM,,,2,,,,,,,
2630213,22-011713,2,False,0109,2/3/2022 6:52:00 PM,1852,32X,14,109,Oakland,1,True,True,D,BROADSIDE,,Thursday,,,M,,False,False,True,,C,OTHER MOTOR VEHICLE,,4,0,CLEAR,,NO UNUSUAL CONDITIONS - NO UNUSUAL CONDITIONS,,C,DARK-STREET LIGHTS,,,,,,,A,NO PEDESTRIANS INVOLVED,,A,21453A,,1,98TH AV,2,,,A,,,INTERNATIONAL BL,,,A,7/25/2024 7:41:00 PM,1/28/2025 4:09:06 PM,,,2,,,,,,,
2630211,22-008310,2,False,0109,2/19/2022 9:13:00 PM,2113,21X,14,109,Oakland,1,True,True,B,SIDE SWIPE,,Saturday,,,M,,False,False,False,,C,OTHER MOTOR VEHICLE,,1,0,CLEAR,,NO UNUSUAL CONDITIONS - NO UNUSUAL CONDITIONS,,B,DUSK-DAWN,,,,,,,A,NO PEDESTRIANS INVOLVED,,A,22450A,,1,HAROLD ST,1,,,A,,,COOLIDGE AV,,,B,7/25/2024 7:41:00 PM,1/28/2025 4:09:06 PM,,,2,,,,,,,
2630210,22-009193,2,False,0109,2/25/2022 11:10:00 AM,1110,30X,14,109,Oakland,1,True,True,D,BROADSIDE,,Friday,,,M,,False,False,True,,C,OTHER MOTOR VEHICLE,,1,0,CLEAR,,NO UNUSUAL CONDITIONS - NO UNUSUAL CONDITIONS,,A,DAYLIGHT,,,,,,,A,NO PEDESTRIANS INVOLVED,,A,21755,,1,BANCROFT AV,2,,,A,,,81ST AV,,,A,7/25/2024 7:41:00 PM,1/28/2025 4:09:06 PM,,,2,,,,,,,
2630209,22-008083,2,False,0109,2/18/2022 3:54:00 PM,1554,24X,14,109,Oakland,1,True,True,G,VEHICLE/PEDESTRAIN,,Friday,,,F,,False,False,False,,B,PEDESTRIAN,,2,0,CLEAR,,NO UNUSUAL CONDITIONS - NO UNUSUAL CONDITIONS,,A,DAYLIGHT,,,,,,,C,CROSSING IN CROSS WALK - NOT AT INTERSECTION,,A,22350,,1,HIGH ST,2,,,A,S,5.0,YGNACIO AV,F,,A,7/25/2024 7:41:00 PM,1/28/2025 4:09:06 PM,,,2,,,,,,,
2630208,22-007256,2,False,0109,2/13/2022 10:59:00 PM,2259,26X,14,109,Oakland,1,True,True,E,HIT OBJECT,,Sunday,,,,,False,False,False,,I,FIXED OBJECT,,1,0,CLEAR,,,,C,DARK-STREET LIGHTS,,,,,,,A,NO PEDESTRIANS INVOLVED,,A,22350,,1,SAN LEANDRO ST,2,,,A,,,54TH AV,,,D,7/25/2024 7:41:00 PM,1/28/2025 4:09:06 PM,,,2,,,,,,,
2630207,22-007811,2,False,0109,2/17/2022 8:00:00 AM,800,27X,14,109,Oakland,1,True,True,G,VEHICLE/PEDESTRAIN,,Thursday,,,F,,False,False,False,,B,PEDESTRIAN,,1,0,CLEAR,,NO UNUSUAL CONDITIONS - NO UNUSUAL CONDITIONS,,A,DAYLIGHT,,,,,,,C,CROSSING IN CROSS WALK - NOT AT INTERSECTION,,A,21955,,2,FOOTHILL BL,2,,,A,W,33.0,48TH AV,F,,D,7/25/2024 7:41:00 PM,1/28/2025 4:09:06 PM,,,2,,,,,,,
2630206,22-009517,2,False,0109,2/27/2022 2:53:00 PM,1453,04X,14,109,Oakland,1,True,True,C,REAR END,,Sunday,,,,,False,False,False,,,,,1,0,CLEAR,,NO UNUSUAL CONDITIONS - NO UNUSUAL CONDITIONS,,A,DAYLIGHT,,,,,,,A,NO PEDESTRIANS INVOLVED,,C,,,,TELEGRAPH AV,2,,,A,,,18TH ST,,,A,7/25/2024 7:41:00 PM,1/28/2025 4:09:06 PM,,,2,,,,,,,
2630205,22-008098,2,False,0109,2/18/2022 5:44:00 PM,1744,20X,14,109,Oakland,1,True,True,A,HEAD-ON,,Friday,,,,,False,False,False,,B,PEDESTRIAN,,1,0,CLEAR,,NO UNUSUAL CONDITIONS - NO UNUSUAL CONDITIONS,,B,DUSK-DAWN,,,,,,,B,CROSSING IN CROSS WALK AT INTERSECTION,,A,21453D,,1,INTERNATIONAL BL,2,,,A,,,MILLER AV,,,A,7/25/2024 7:41:00 PM,1/28/2025 4:09:06 PM,,,2,,,,,,,
2630204,22-006844,2,False,0109,2/11/2022 9:45:00 AM,945,30X,14,109,Oakland,1,True,True,B,SIDE SWIPE,,Friday,,,,,False,False,True,,C,OTHER MOTOR VEHICLE,,1,0,CLEAR,,NO UNUSUAL CONDITIONS - NO UNUSUAL CONDITIONS,,A,DAYLIGHT,,,,,,,A,NO PEDESTRIANS INVOLVED,,A,22106,,1,GREENLY DR,2,,,A,E,394.0,COLUMBIAN DR,F,,D,7/25/2024 7:41:00 PM,1/28/2025 4:09:06 PM,,,2,,,,,,,
2630203,22-006701,2,False,0109,2/10/2022 3:58:00 PM,1558,18X,14,109,Oakland,1,True,True,B,SIDE SWIPE,,Thursday,,,,,False,False,False,,C,OTHER MOTOR VEHICLE,,1,0,CLEAR,,NO UNUSUAL CONDITIONS - NO UNUSUAL CONDITIONS,,A,DAYLIGHT,,,,,,,A,NO PEDESTRIANS INVOLVED,,A,21802A,,1,FOOTHILL BL,1,,,A,,,21ST AV,,,A,7/25/2024 7:41:00 PM,1/28/2025 4:09:06 PM,,,2,,,,,,,
2630202,22-006930,2,False,0109,2/11/2022 7:52:00 PM,1952,04X,14,109,Oakland,1,True,True,D,BROADSIDE,,Friday,,,,,False,False,False,,G,BICYCLE,,1,0,CLEAR,,NO UNUSUAL CONDITIONS - NO UNUSUAL CONDITIONS,,C,DARK-STREET LIGHTS,,,,,,,A,NO PEDESTRIANS INVOLVED,,A,21801A,,1,HARRISON ST,1,,,A,,,GRAND AV,,,A,7/25/2024 7:40:59 PM,1/28/2025 4:09:05 PM,,,2,,,,,,,
2630201,22-006848,2,False,0109,2/11/2022 10:47:00 AM,1047,24X,14,109,Oakland,1,True,True,B,SIDE SWIPE,,Friday,,,,,False,False,False,,E,PARKED MOTOR VEHICLE,,1,0,CLEAR,,NO UNUSUAL CONDITIONS - NO UNUSUAL CONDITIONS,,A,DAYLIGHT,,,,,,,A,NO PEDESTRIANS INVOLVED,,A,22350,,1,CARRINGTON ST,2,,,A,E,30.0,42ND AV,F,,D,7/25/2024 7:40:59 PM,1/28/2025 4:09:05 PM,,,2,,,,,,,
2630200,22-005841,2,False,0109,2/5/2022 6:44:00 PM,1844,04X,14,109,Oakland,1,True,True,A,HEAD-ON,,Saturday,,,,,False,False,True,,C,OTHER MOTOR VEHICLE,,1,0,CLEAR,,NO UNUSUAL CONDITIONS - NO UNUSUAL CONDITIONS,,B,DUSK-DAWN,,,,,,,A,NO PEDESTRIANS INVOLVED,,A,21453A,,,17TH ST,1,,,A,N,20.0,JEFFERSON ST,F,,A,7/25/2024 7:40:59 PM,1/28/2025 4:09:05 PM,,,2,,,,,,,
2630199,22-007328,2,False,0109,2/15/2022 12:00:00 PM,1200,27X,14,109,Oakland,1,True,True,D,BROADSIDE,,Tuesday,,,,,False,False,False,,C,OTHER MOTOR VEHICLE,,2,0,CLEAR,,NO UNUSUAL CONDITIONS - NO UNUSUAL CONDITIONS,,A,DAYLIGHT,,,,,,,A,NO PEDESTRIANS INVOLVED,,A,22103,,1,SEMINARY AV,2,,,A,N,50.0,AVENEL AV,F,,D,7/25/2024 7:40:59 PM,1/28/2025 4:09:05 PM,,,2,,,,,,,
2630039,22-011161,2,False,0109,3/9/2022 7:40:00 AM,740,02X,14,109,Oakland,1,True,True,F,OVERTURNED,,Wednesday,,,,,False,False,False,,A,NON-COLLISION,,1,0,CLEAR,,NO UNUSUAL CONDITIONS - NO UNUSUAL CONDITIONS,,A,DAYLIGHT,,,,,,,A,NO PEDESTRIANS INVOLVED,,A,22107,,1,7TH ST,1,,,A,,,FRONTAGE RD,,,A,7/25/2024 7:40:47 PM,1/28/2025 4:08:55 PM,,,2,,,,,,,
2630038,22-010207,2,False,0109,3/2/2022 6:30:00 PM,1830,23X,14,109,Oakland,1,True,True,E,HIT OBJECT,,Wednesday,,,M,,False,False,False,,I,FIXED OBJECT,,0,0,CLEAR,,NO UNUSUAL CONDITIONS - NO UNUSUAL CONDITIONS,,D,DARK-NO STREET LIGHTS,,,,,,,A,NO PEDESTRIANS INVOLVED,,A,22107,,1,FOOTHILL BL,2,,,A,N,75.0,36TH AV,F,,A,7/25/2024 7:40:47 PM,1/28/2025 4:08:55 PM,,,2,,,,,,,
2630035,22-006899,2,False,0109,2/11/2022 3:58:00 PM,1558,22X,14,109,Oakland,1,True,True,C,REAR END,,Friday,,,,,False,False,False,,C,OTHER MOTOR VEHICLE,,1,0,CLEAR,,NO UNUSUAL CONDITIONS - NO UNUSUAL CONDITIONS,,A,DAYLIGHT,,,,,,,A,NO PEDESTRIANS INVOLVED,,A,22350,,1,REDWOOD RD,2,,,A,,,MOUNTAIN BL,,,A,7/25/2024 7:40:46 PM,1/28/2025 4:08:55 PM,,,2,,,,,,,
2630034,22-005022,2,False,0109,1/31/2022 7:18:00 PM,1918,34X,14,109,Oakland,1,True,True,D,BROADSIDE,,Monday,,,,,False,False,False,,C,OTHER MOTOR VEHICLE,,1,0,CLEAR,,NO UNUSUAL CONDITIONS - NO UNUSUAL CONDITIONS,,C,DARK-STREET LIGHTS,,,,,,,A,NO PEDESTRIANS INVOLVED,,A,22450A,,1,89TH AV,2,,,A,,,BIRCH ST,,,D,7/25/2024 7:40:46 PM,1/28/2025 4:08:55 PM,,,2,,,,,,,
2630033,22-000681,2,False,0109,1/5/2022 4:30:00 PM,1630,26X,14,109,Oakland,1,True,True,C,REAR END,,Wednesday,,,M,,False,False,False,,C,OTHER MOTOR VEHICLE,,0,0,CLEAR,,NO UNUSUAL CONDITIONS - NO UNUSUAL CONDITIONS,,A,DAYLIGHT,,,,,,,A,NO PEDESTRIANS INVOLVED,,A,22350,,1,INTERNATIONAL BL,2,,,A,,,76TH AV,,,A,7/25/2024 7:40:46 PM,1/28/2025 4:08:55 PM,,,2,,,,,,,
2630032,22-006847,2,False,0109,1/22/2022 5:15:00 PM,1715,12Y,14,109,Oakland,1,True,True,B,SIDE SWIPE,,Saturday,,,,,False,False,False,,C,OTHER MOTOR VEHICLE,,0,0,CLOUDY,,NO UNUSUAL CONDITIONS - NO UNUSUAL CONDITIONS,,B,DUSK-DAWN,,,,,,,A,NO PEDESTRIANS INVOLVED,,A,22107,,1,COLLGE AV,1,,,A,,,OAK GROVE AV,,,D,7/25/2024 7:40:46 PM,1/28/2025 4:08:55 PM,,,2,,,,,,,
2630030,22-011955,2,False,0109,3/13/2022 12:50:00 PM,1250,31X,14,109,Oakland,1,True,True,D,BROADSIDE,,Sunday,,,,,False,False,True,,C,OTHER MOTOR VEHICLE,,1,0,CLEAR,,NO UNUSUAL CONDITIONS - NO UNUSUAL CONDITIONS,,A,DAYLIGHT,,,,,,,A,NO PEDESTRIANS INVOLVED,,A,22107,,1,HEGENBERGER RD,2,,,A,N,234.0,HEGENBERGER LOOP,F,,D,7/25/2024 7:40:46 PM,1/28/2025 4:08:55 PM,,,2,,,,,,,
2630029,22-009611,2,False,0109,2/28/2022 8:22:00 AM,822,30X,14,109,Oakland,1,True,True,C,REAR END,,Monday,,,,,False,False,False,,C,OTHER MOTOR VEHICLE,,0,0,CLEAR,,,,A,DAYLIGHT,,,,,,,A,NO PEDESTRIANS INVOLVED,,A,22350,,1,BANCROFT AV,2,,,A,W,30.0,PARKER AV,F,,A,7/25/2024 7:40:46 PM,1/28/2025 4:08:54 PM,,,2,,,,,,,
2630028,22-003497,2,False,0109,1/23/2022 5:15:00 AM,515,24X,14,109,Oakland,1,True,True,A,HEAD-ON,,Sunday,,,M,,False,False,False,,E,PARKED MOTOR VEHICLE,,0,0,CLEAR,,NO UNUSUAL CONDITIONS - NO UNUSUAL CONDITIONS,,C,DARK-STREET LIGHTS,,,,,,,A,NO PEDESTRIANS INVOLVED,,A,22107,,1,LYON AV,2,,,A,W,30.0,HIGH ST,F,,D,7/25/2024 7:40:46 PM,1/28/2025 4:08:54 PM,,,2,,,,,,,
2630026,22-014151,2,False,0109,3/26/2022 1:58:00 PM,1358,24X,14,109,Oakland,1,True,True,A,HEAD-ON,,Saturday,,,,,False,False,False,,C,OTHER MOTOR VEHICLE,,1,0,CLEAR,,NO UNUSUAL CONDITIONS - NO UNUSUAL CONDITIONS,,A,DAYLIGHT,,,,,,,A,NO PEDESTRIANS INVOLVED,,A,22350,,1,PENNIMAN AV,2,,,A,E,5.0,HUMBOLDT AV,F,,D,7/25/2024 7:40:46 PM,1/28/2025 4:08:54 PM,,,2,,,,,,,
2630025,22-010486,2,False,0109,3/4/2022 11:16:00 PM,2316,31X,14,109,Oakland,1,True,True,D,BROADSIDE,,Friday,,,,,False,False,False,,C,OTHER MOTOR VEHICLE,,0,0,CLOUDY,,NO UNUSUAL CONDITIONS - NO UNUSUAL CONDITIONS,,C,DARK-STREET LIGHTS,,,,,,,A,NO PEDESTRIANS INVOLVED,,A,21453A,,,EDGEWATER DR,2,,,A,,,PENDLETON WY,,,A,7/25/2024 7:40:46 PM,1/28/2025 4:08:54 PM,,,2,,,,,,,
2630024,22-006695,2,False,0109,2/10/2022 3:36:00 PM,1536,12X,14,109,Oakland,1,True,True,B,SIDE SWIPE,,Thursday,,,M,,False,False,False,,C,OTHER MOTOR VEHICLE,,0,0,CLEAR,,NO UNUSUAL CONDITIONS - NO UNUSUAL CONDITIONS,,A,DAYLIGHT,,,,,,,A,NO PEDESTRIANS INVOLVED,,A,22107,,1,52ND ST,1,,,A,,,TELEGRAPH AV,,,A,7/25/2024 7:40:46 PM,1/28/2025 4:08:54 PM,,,2,,,,,,,
2630022,22-005799,2,False,0109,2/5/2022 12:41:00 PM,1241,26X,14,109,Oakland,1,True,True,B,SIDE SWIPE,,Saturday,,,,,False,False,False,,C,OTHER MOTOR VEHICLE,,1,0,CLEAR,,NO UNUSUAL CONDITIONS - NO UNUSUAL CONDITIONS,,A,DAYLIGHT,,,,,,,A,NO PEDESTRIANS INVOLVED,,A,22107,,1,81ST AV,2,,,A,E,50.0,INTERNATIONAL BL,F,,A,7/25/2024 7:40:45 PM,1/28/2025 4:08:54 PM,,,2,,,,,,,
2630021,22-011459,2,False,0109,3/10/2022 12:24:00 PM,1224,08X,14,109,Oakland,1,True,True,B,SIDE SWIPE,,Thursday,,,,,False,False,False,,C,OTHER MOTOR VEHICLE,,0,0,CLEAR,,NO UNUSUAL CONDITIONS - NO UNUSUAL CONDITIONS,,A,DAYLIGHT,,,,,,,A,NO PEDESTRIANS INVOLVED,,A,21658A,,1,SUMMIT ST,1,,,A,,,30TH ST,,,A,7/25/2024 7:40:45 PM,1/28/2025 4:08:54 PM,,,2,,,,,,,
2630018,22-010159,2,False,0109,3/3/2022 9:00:00 AM,900,23X,14,109,Oakland,1,True,True,D,BROADSIDE,,Thursday,,,M,,False,False,False,,E,PARKED MOTOR VEHICLE,,0,0,CLEAR,,NO UNUSUAL CONDITIONS - NO UNUSUAL CONDITIONS,,A,DAYLIGHT,,,,,,,A,NO PEDESTRIANS INVOLVED,,A,22107,,1,SAN LEANDRO ST,2,,,A,,,42ND AV,,,A,7/25/2024 7:40:45 PM,1/28/2025 4:08:54 PM,,,2,,,,,,,
2630017,22-011058,2,False,0109,3/8/2022 3:31:00 PM,1531,31X,14,109,Oakland,1,True,True,D,BROADSIDE,,Tuesday,,,,,False,False,True,,C,OTHER MOTOR VEHICLE,,1,0,CLEAR,,NO UNUSUAL CONDITIONS - NO UNUSUAL CONDITIONS,,A,DAYLIGHT,,,,,,,A,NO PEDESTRIANS INVOLVED,,A,21453A,,1,HEGENBERGER RD,2,,,A,,,BALDWIN ST,,,A,7/25/2024 7:40:45 PM,1/28/2025 4:08:54 PM,,,2,,,,,,,
2630011,22-007479,2,False,0109,2/15/2022 9:30:00 AM,930,27X,14,109,Oakland,1,True,True,D,BROADSIDE,,Tuesday,,,M,,False,False,False,,E,PARKED MOTOR VEHICLE,,0,0,CLEAR,,NO UNUSUAL CONDITIONS - NO UNUSUAL CONDITIONS,,A,DAYLIGHT,,,,,,,A,NO PEDESTRIANS INVOLVED,,A,22107,,1,57TH AV,2,,,A,N,50.0,E 16TH ST,F,,D,7/25/2024 7:40:45 PM,1/28/2025 4:08:53 PM,,,2,,,,,,,
2630010,22-010829,2,False,0109,3/7/2022 9:23:00 AM,923,26X,14,109,Oakland,1,True,True,C,REAR END,,Monday,,,,,False,False,False,,E,PARKED MOTOR VEHICLE,,0,0,CLEAR,,NO UNUSUAL CONDITIONS - NO UNUSUAL CONDITIONS,,A,DAYLIGHT,,,,,,,A,NO PEDESTRIANS INVOLVED,,A,22106,,1,E 8TH ST,2,,,A,E,10.0,51ST AV,F,,D,7/25/2024 7:40:45 PM,1/28/2025 4:08:53 PM,,,2,,,,,,,
2649905,22-023101,2,False,0109,5/19/2022 4:05:00 PM,1605,25X,14,109,Oakland,1,True,True,F,OVERTURNED,,Thursday,,,,,False,False,False,,A,NON-COLLISION,,2,0,CLEAR,,NO UNUSUAL CONDITIONS - NO UNUSUAL CONDITIONS,,A,DAYLIGHT,,,,,,,A,NO PEDESTRIANS INVOLVED,,A,22350,,1,CAMPUS DR,2,,,A,E,500.0,REDWOOD RD,F,,D,7/25/2024 8:28:30 PM,1/28/2025 4:31:50 PM,,,2,,,,,,,
2649903,22-022568,2,False,0109,5/16/2022 2:56:00 PM,1456,09X,14,109,Oakland,1,True,True,A,HEAD-ON,,Monday,,,,,False,False,True,,C,OTHER MOTOR VEHICLE,,1,0,CLEAR,,,,A,DAYLIGHT,,,,,,,A,NO PEDESTRIANS INVOLVED,,A,21453A,,1,OAKLAND AV,1,,,A,,,SANTA CLARA AV,,,A,7/25/2024 8:28:30 PM,1/28/2025 4:31:50 PM,,,2,,,,,,,
2649902,22-021738,2,False,0109,5/10/2022 10:10:00 PM,2210,04X,14,109,Oakland,1,True,True,D,BROADSIDE,,Tuesday,,,,,False,False,False,,C,OTHER MOTOR VEHICLE,,1,0,CLEAR,,NO UNUSUAL CONDITIONS - NO UNUSUAL CONDITIONS,,C,DARK-STREET LIGHTS,,,,,,,A,NO PEDESTRIANS INVOLVED,,A,22107,,1,TELEGRAPH,1,,,A,N,140.0,16TH ST,F,,A,7/25/2024 8:28:29 PM,1/28/2025 4:31:50 PM,,,2,,,,,,,
2649901,22-021211,2,False,0109,5/7/2022 6:59:00 PM,1859,09X,14,109,Oakland,1,True,True,E,HIT OBJECT,,Saturday,,,,,False,False,False,,I,FIXED OBJECT,,1,0,CLEAR,,NO UNUSUAL CONDITIONS - NO UNUSUAL CONDITIONS,,A,DAYLIGHT,,,,,,,A,NO PEDESTRIANS INVOLVED,,A,22107,,1,GILBERT ST,1,,,A,N,40.0,PLEASANT VALLEY AV,F,,A,7/25/2024 8:28:29 PM,1/28/2025 4:31:50 PM,,,2,,,,,,,
2649900,22-022843,2,False,0109,5/18/2022 8:55:00 AM,855,34X,14,109,Oakland,1,True,True,B,SIDE SWIPE,,Wednesday,,,M,,False,False,False,,C,OTHER MOTOR VEHICLE,,1,0,CLEAR,,NO UNUSUAL CONDITIONS - NO UNUSUAL CONDITIONS,,A,DAYLIGHT,,,,,,,A,NO PEDESTRIANS INVOLVED,,A,22107,,1,INTERNATIONAL BL,2,,,A,E,10.0,96TH AV,F,,A,7/25/2024 8:28:29 PM,1/28/2025 4:31:50 PM,,,2,,,,,,,
2649899,22-021365,2,False,0109,5/8/2022 9:48:00 PM,2148,26X,14,109,Oakland,1,True,True,A,HEAD-ON,,Sunday,,,M,,False,False,False,,B,PEDESTRIAN,,1,0,CLEAR,,NO UNUSUAL CONDITIONS - NO UNUSUAL CONDITIONS,,B,DUSK-DAWN,,,,,,,B,CROSSING IN CROSS WALK AT INTERSECTION,,A,21453A,,1,HIGH ST,2,,,A,,,INTERNATIONAL BL,,,A,7/25/2024 8:28:29 PM,1/28/2025 4:31:50 PM,,,2,,,,,,,
2649898,22-021661,2,False,0109,5/10/2022 12:50:00 PM,1250,04X,14,109,Oakland,1,True,True,G,VEHICLE/PEDESTRAIN,,Tuesday,,,M,,False,False,False,,B,PEDESTRIAN,,1,0,CLEAR,,NO UNUSUAL CONDITIONS - NO UNUSUAL CONDITIONS,,A,DAYLIGHT,,,,,,,B,CROSSING IN CROSS WALK AT INTERSECTION,,A,21453D,,1,WEBSTER ST,1,,,A,,,15TH ST,,,A,7/25/2024 8:28:29 PM,1/28/2025 4:31:49 PM,,,2,,,,,,,