collision-id,report-number,report-version,is-preliminary,ncic-code,crash-date-time,crash-time-description,beat,city-id,city-code,city-name,county-code,city-is-active,city-is-incorporated,collision-type-code,collision-type-description,collision-type-other-desc,day-of-week,dispatch-notified,has-photographs,hit-run,is-attachments-mailed,is-deleted,is-highway-related,is-tow-away,judicial-district,motor-vehicle-involved-with-code,motor-vehicle-involved-with-desc,motor-vehicle-involved-with-other-desc,number-injured,number-killed,weather-1,weather-2,road-condition-1,road-condition-2,special-condition-lighting-code,lighting-description,latitude,longitude,milepost-direction,milepost-distance,milepost-marker,milepost-unit-of-measure,pedestrian-action-code,pedestrian-action-desc,prepared-date,primary-collision-factor-code,primary-collision-factor-violation,primary-collision-factor-is-cited,primary-collision-party-number,primary-road,reporting-district,reporting-district-code,reviewed-date,roadway-surface-code,secondary-direction,secondary-distance,secondary-road,secondary-unit-of-measure,sketch-desc,traffic-control-device-code,created-date,modified-date,is-county-road,is-freeway,chp-555-version,is-additonal-object-struck,notification-date,notification-time-description,has-digital-media-files,evidence-number,is-location-refer-to-narrative,is-aoi-one-same-as-location
2643817,22022196,2,False,0109,5/13/2022 10:27:00 PM,2227,31Z,14,109,Oakland,1,True,True,D,BROADSIDE,,Friday,,,,,False,False,True,,C,OTHER MOTOR VEHICLE,,0,0,CLEAR,,NO UNUSUAL CONDITIONS - NO UNUSUAL CONDITIONS,,D,DARK-NO STREET LIGHTS,,,,,,,A,NO PEDESTRIANS INVOLVED,,A,21800A,,1,PIPPIN ST,2,,,A,,,APPLE ST,,,D,7/25/2024 8:01:38 PM,1/28/2025 4:24:39 PM,,,2,,,,,,,
2643816,22022598,2,False,0109,5/15/2022 6:09:00 PM,1809,23X,14,109,Oakland,1,True,True,B,SIDE SWIPE,,Sunday,,,,,False,False,False,,C,OTHER MOTOR VEHICLE,,0,0,CLEAR,,NO UNUSUAL CONDITIONS - NO UNUSUAL CONDITIONS,,A,DAYLIGHT,,,,,,,A,NO PEDESTRIANS INVOLVED,,A,22107,,1,INTERNATIONAL BL,2,,,A,,,38TH AV,,,A,7/25/2024 8:01:38 PM,1/28/2025 4:24:39 PM,,,2,,,,,,,
2643815,22023414,2,False,0109,5/21/2022 1:53:00 PM,1353,02Y,14,109,Oakland,1,True,True,B,SIDE SWIPE,,Saturday,,,,,False,False,False,,C,OTHER MOTOR VEHICLE,,0,0,CLEAR,,NO UNUSUAL CONDITIONS - NO UNUSUAL CONDITIONS,,A,DAYLIGHT,,,,,,,A,NO PEDESTRIANS INVOLVED,,A,22107,,,WEBSTER ST,1,,,A,S,25.0,7TH ST,F,,A,7/25/2024 8:01:38 PM,1/28/2025 4:24:39 PM,,,2,,,,,,,
2643814,22021274,2,False,0109,5/8/2022 4:34:00 AM,434,33X,14,109,Oakland,1,True,True,C,REAR END,,Sunday,,,,,False,False,True,,C,OTHER MOTOR VEHICLE,,0,0,CLEAR,,NO UNUSUAL CONDITIONS - NO UNUSUAL CONDITIONS,,C,DARK-STREET LIGHTS,,,,,,,A,NO PEDESTRIANS INVOLVED,,A,22350,,1,INTERNATIONAL BL,2,,,A,W,50.0,98TH AV,F,,A,7/25/2024 8:01:38 PM,1/28/2025 4:24:39 PM,,,2,,,,,,,
2643803,22020693,2,False,0109,5/5/2022 12:33:00 AM,33,30X,14,109,Oakland,1,True,True,A,HEAD-ON,,Thursday,,,M,,False,False,False,,I,FIXED OBJECT,,0,0,CLEAR,,NO UNUSUAL CONDITIONS - NO UNUSUAL CONDITIONS,,C,DARK-STREET LIGHTS,,,,,,,A,NO PEDESTRIANS INVOLVED,,A,22107,,1,82ND AV,2,,,A,S,10.0,BIRCH ST,F,,A,7/25/2024 8:01:37 PM,1/28/2025 4:24:38 PM,,,2,,,,,,,
2643802,22022349,2,False,0109,5/14/2022 9:22:00 PM,2122,31Z,14,109,Oakland,1,True,True,A,HEAD-ON,,Saturday,,,M,,False,False,False,,C,OTHER MOTOR VEHICLE,,0,0,CLEAR,,NO UNUSUAL CONDITIONS - NO UNUSUAL CONDITIONS,,C,DARK-STREET LIGHTS,,,,,,,A,NO PEDESTRIANS INVOLVED,,A,22107,,1,100TH AV,2,,,A,N,30.0,C ST,F,,D,7/25/2024 8:01:37 PM,1/28/2025 4:24:38 PM,,,2,,,,,,,
2643801,22022121,2,False,0109,5/13/2022 1:14:00 PM,1314,18Y,14,109,Oakland,1,True,True,C,REAR END,,Friday,,,M,,False,False,False,,C,OTHER MOTOR VEHICLE,,0,0,CLEAR,,NO UNUSUAL CONDITIONS - NO UNUSUAL CONDITIONS,,A,DAYLIGHT,,,,,,,A,NO PEDESTRIANS INVOLVED,,A,22350,,1,16TH AV,1,,,A,S,80.0,INTERNATIONAL BL,F,,D,7/25/2024 8:01:37 PM,1/28/2025 4:24:38 PM,,,2,,,,,,,
2643800,22022353,2,False,0109,5/14/2022 10:04:00 PM,2204,34X,14,109,Oakland,1,True,True,C,REAR END,,Saturday,,,M,,False,False,False,,C,OTHER MOTOR VEHICLE,,0,0,CLEAR,,NO UNUSUAL CONDITIONS - NO UNUSUAL CONDITIONS,,C,DARK-STREET LIGHTS,,,,,,,A,NO PEDESTRIANS INVOLVED,,A,22350,,1,SEMINARY AV,2,,,A,,,INTERNATIONAL BL,,,A,7/25/2024 8:01:36 PM,1/28/2025 4:24:38 PM,,,2,,,,,,,
2643725,22023554,2,False,0109,5/22/2022 4:20:00 PM,1620,01X,14,109,Oakland,1,True,True,C,REAR END,,Sunday,,,M,,False,False,False,,C,OTHER MOTOR VEHICLE,,0,0,CLEAR,,NO UNUSUAL CONDITIONS - NO UNUSUAL CONDITIONS,,A,DAYLIGHT,,,,,,,A,NO PEDESTRIANS INVOLVED,,A,22350,,1,BROADWAY,1,,,A,N,10.0,EMBRACADERO,F,,D,7/25/2024 8:01:27 PM,1/28/2025 4:24:33 PM,,,2,,,,,,,
2643724,22023448,2,False,0109,5/21/2022 8:30:00 PM,2030,22X,14,109,Oakland,1,True,True,C,REAR END,,Saturday,,,M,,False,False,False,,E,PARKED MOTOR VEHICLE,,0,0,CLEAR,,NO UNUSUAL CONDITIONS - NO UNUSUAL CONDITIONS,,C,DARK-STREET LIGHTS,,,,,,,A,NO PEDESTRIANS INVOLVED,,A,22107,,1,MACARTHUR BL,2,,,A,,,LINCON AV,,,D,7/25/2024 8:01:27 PM,1/28/2025 4:24:33 PM,,,2,,,,,,,
2643723,22022734,2,False,0109,5/17/2022 3:15:00 PM,1515,10X,14,109,Oakland,1,True,True,B,SIDE SWIPE,,Tuesday,,,M,,False,False,False,,C,OTHER MOTOR VEHICLE,,0,0,CLEAR,,NO UNUSUAL CONDITIONS - NO UNUSUAL CONDITIONS,,A,DAYLIGHT,,,,,,,A,NO PEDESTRIANS INVOLVED,,A,22107,,1,SANTA CLARA AV,1,,,A,E,5.0,OAKLAND AV,F,,A,7/25/2024 8:01:27 PM,1/28/2025 4:24:33 PM,,,2,,,,,,,
2643722,22022363,2,False,0109,5/14/2022 11:06:00 PM,2306,03X,14,109,Oakland,1,True,True,B,SIDE SWIPE,,Saturday,,,,,False,False,False,,C,OTHER MOTOR VEHICLE,,0,0,CLEAR,,NO UNUSUAL CONDITIONS - NO UNUSUAL CONDITIONS,,C,DARK-STREET LIGHTS,,,,,,,A,NO PEDESTRIANS INVOLVED,,A,21453A,,1,6TH ST,1,,,A,,,JACKSON ST,,,A,7/25/2024 8:01:27 PM,1/28/2025 4:24:33 PM,,,2,,,,,,,
2643721,22023486,2,False,0109,5/22/2022 5:57:00 AM,557,03X,14,109,Oakland,1,True,True,C,REAR END,,Sunday,,,,,False,False,False,,E,PARKED MOTOR VEHICLE,,0,0,CLEAR,,NO UNUSUAL CONDITIONS - NO UNUSUAL CONDITIONS,,A,DAYLIGHT,,,,,,,A,NO PEDESTRIANS INVOLVED,,A,22106,,1,CLAY ST,1,,,A,S,75.0,10TH ST,F,,D,7/25/2024 8:01:27 PM,1/28/2025 4:24:33 PM,,,2,,,,,,,
2643720,22022518,2,False,0109,5/16/2022 9:23:00 AM,923,13Z,14,109,Oakland,1,True,True,B,SIDE SWIPE,,Monday,,,,,False,False,False,,E,PARKED MOTOR VEHICLE,,0,0,CLEAR,,NO UNUSUAL CONDITIONS - NO UNUSUAL CONDITIONS,,A,DAYLIGHT,,,,,,,A,NO PEDESTRIANS INVOLVED,,A,,,1,MOUNTAN BL,1,,,A,W,100.0,MEADAU PL,F,,D,7/25/2024 8:01:27 PM,1/28/2025 4:24:32 PM,,,2,,,,,,,
2643710,22-005202,2,False,0109,1/29/2022 8:00:00 PM,2000,13X,14,109,Oakland,1,True,True,C,REAR END,,Saturday,,,M,,False,False,False,,E,PARKED MOTOR VEHICLE,,0,0,CLEAR,,NO UNUSUAL CONDITIONS - NO UNUSUAL CONDITIONS,,C,DARK-STREET LIGHTS,,,,,,,A,NO PEDESTRIANS INVOLVED,,A,22107,,1,SNAKE RD,1,,,A,,,THORNHILL RD,,,D,7/25/2024 8:01:26 PM,1/28/2025 4:24:32 PM,,,2,,,,,,,
2643709,22-003670,2,False,0109,1/24/2022 7:36:00 AM,736,19X,14,109,Oakland,1,True,True,D,BROADSIDE,,Monday,,,M,,False,False,False,,C,OTHER MOTOR VEHICLE,,0,0,CLEAR,,NO UNUSUAL CONDITIONS - NO UNUSUAL CONDITIONS,,A,DAYLIGHT,,,,,,,A,NO PEDESTRIANS INVOLVED,,A,21453A,,1,21ST AV,1,,,A,,,INTERNATIONAL BL,,,A,7/25/2024 8:01:26 PM,1/28/2025 4:24:32 PM,,,2,,,,,,,
2643708,22-005006,2,False,0109,1/31/2022 5:02:00 PM,1702,03X,14,109,Oakland,1,True,True,D,BROADSIDE,,Monday,,,,,False,False,False,,C,OTHER MOTOR VEHICLE,,0,0,CLEAR,,NO UNUSUAL CONDITIONS - NO UNUSUAL CONDITIONS,,A,DAYLIGHT,,,,,,,A,NO PEDESTRIANS INVOLVED,,A,22107,,,FRANKLIN ST,1,,,A,,,7TH ST,,,A,7/25/2024 8:01:26 PM,1/28/2025 4:24:32 PM,,,2,,,,,,,
2643707,22-004632,2,False,0109,1/29/2022 5:16:00 AM,516,27Y,14,109,Oakland,1,True,True,F,OVERTURNED,,Saturday,,,,,False,False,True,,,,,0,0,CLEAR,,NO UNUSUAL CONDITIONS - NO UNUSUAL CONDITIONS,,C,DARK-STREET LIGHTS,,,,,,,A,NO PEDESTRIANS INVOLVED,,A,22107,,1,SEMINARY AV,2,,,A,N,15.0,HARMON AV,F,,A,7/25/2024 8:01:25 PM,1/28/2025 4:24:32 PM,,,2,,,,,,,
2643706,22-003565,2,False,0109,1/23/2022 2:30:00 PM,1430,03X,14,109,Oakland,1,True,True,D,BROADSIDE,,Sunday,,,,,False,False,False,,C,OTHER MOTOR VEHICLE,,0,0,CLEAR,,NO UNUSUAL CONDITIONS - NO UNUSUAL CONDITIONS,,A,DAYLIGHT,,,,,,,A,NO PEDESTRIANS INVOLVED,,A,21453A,,1,9TH ST,1,,,A,,,HARRISON ST,,,A,7/25/2024 8:01:25 PM,1/28/2025 4:24:32 PM,,,2,,,,,,,
2643705,22-002829,2,False,0109,1/19/2022 8:37:00 PM,2037,03X,14,109,Oakland,1,True,True,D,BROADSIDE,,Wednesday,,,,,False,False,False,,C,OTHER MOTOR VEHICLE,,0,0,CLEAR,,NO UNUSUAL CONDITIONS - NO UNUSUAL CONDITIONS,,C,DARK-STREET LIGHTS,,,,,,,A,NO PEDESTRIANS INVOLVED,,A,21453A,,1,7TH ST,1,,,A,,,OAK ST,,,A,7/25/2024 8:01:25 PM,1/28/2025 4:24:32 PM,,,2,,,,,,,
2643704,22-004437,2,False,0109,1/28/2022 5:12:00 AM,512,27X,14,109,Oakland,1,True,True,B,SIDE SWIPE,,Friday,,,M,,False,False,False,,I,FIXED OBJECT,,0,0,CLEAR,,NO UNUSUAL CONDITIONS - NO UNUSUAL CONDITIONS,,D,DARK-NO STREET LIGHTS,,,,,,,A,NO PEDESTRIANS INVOLVED,,A,22107,,1,FOOTHILL BL,2,,,A,W,25.0,50TH AV,F,,D,7/25/2024 8:01:25 PM,1/28/2025 4:24:31 PM,,,2,,,,,,,
2643703,22-004657,2,False,0109,1/29/2022 9:27:00 AM,927,33X,14,109,Oakland,1,True,True,A,HEAD-ON,,Saturday,,,,,False,False,False,,I,FIXED OBJECT,,0,0,CLEAR,,NO UNUSUAL CONDITIONS - NO UNUSUAL CONDITIONS,,A,DAYLIGHT,,,,,,,A,NO PEDESTRIANS INVOLVED,,A,22350,,1,98TH AV,2,,,A,,,E ST,,,D,7/25/2024 8:01:25 PM,1/28/2025 4:24:31 PM,,,2,,,,,,,
2643698,22-002601,2,False,0109,1/17/2022 2:26:00 PM,1426,31X,14,109,Oakland,1,True,True,B,SIDE SWIPE,,Monday,,,,,False,False,False,,C,OTHER MOTOR VEHICLE,,1,0,CLEAR,,NO UNUSUAL CONDITIONS - NO UNUSUAL CONDITIONS,,A,DAYLIGHT,,,,,,,A,NO PEDESTRIANS INVOLVED,,A,21453A,,1,EDES AV,2,,,A,,,105TH AV,,,A,7/25/2024 8:01:25 PM,1/28/2025 4:24:31 PM,,,2,,,,,,,
2643696,22-001797,2,False,0109,1/12/2022 5:16:00 PM,1716,27X,14,109,Oakland,1,True,True,C,REAR END,,Wednesday,,,M,,False,False,True,,C,OTHER MOTOR VEHICLE,,1,0,CLEAR,,NO UNUSUAL CONDITIONS - NO UNUSUAL CONDITIONS,,C,DARK-STREET LIGHTS,,,,,,,A,NO PEDESTRIANS INVOLVED,,A,22350,,1,INTERNATIONAL BL,2,,,A,W,42.0,56TH AV,F,,D,7/25/2024 8:01:24 PM,1/28/2025 4:24:31 PM,,,2,,,,,,,
2643695,22-002170,2,False,0109,1/14/2022 8:15:00 PM,2015,06X,14,109,Oakland,1,True,True,D,BROADSIDE,,Friday,,,,,False,False,True,,C,OTHER MOTOR VEHICLE,,2,0,CLOUDY,,NO UNUSUAL CONDITIONS - NO UNUSUAL CONDITIONS,,C,DARK-STREET LIGHTS,,,,,,,A,NO PEDESTRIANS INVOLVED,,A,22350,,1,WEST ST,1,,,A,,,28TH ST,,,D,7/25/2024 8:01:24 PM,1/28/2025 4:24:31 PM,,,2,,,,,,,
2643694,22-002344,2,False,0109,1/15/2022 9:42:00 PM,2142,34X,14,109,Oakland,1,True,True,G,VEHICLE/PEDESTRAIN,,Saturday,,,M,,False,False,False,,B,PEDESTRIAN,,1,0,CLEAR,,NO UNUSUAL CONDITIONS - NO UNUSUAL CONDITIONS,,C,DARK-STREET LIGHTS,,,,,,,,,,A,22106,,1,90TH AV,2,,,A,N,50.0,SUNNYSIDE ST,F,,D,7/25/2024 8:01:24 PM,1/28/2025 4:24:31 PM,,,2,,,,,,,
2643693,22-001386,2,False,0109,1/10/2022 8:06:00 AM,806,19X,14,109,Oakland,1,True,True,G,VEHICLE/PEDESTRAIN,,Monday,,,M,,False,False,False,,B,PEDESTRIAN,,1,0,CLEAR,,NO UNUSUAL CONDITIONS - NO UNUSUAL CONDITIONS,,A,DAYLIGHT,,,,,,,B,CROSSING IN CROSS WALK AT INTERSECTION,,A,21950A,,1,12TH ST,1,,,A,,,12TH AV,,,D,7/25/2024 8:01:24 PM,1/28/2025 4:24:30 PM,,,2,,,,,,,
2643692,22-000851,2,False,0109,1/6/2022 6:41:00 PM,1841,06X,14,109,Oakland,1,True,True,G,VEHICLE/PEDESTRAIN,,Thursday,,,,,False,False,False,,G,BICYCLE,,1,0,CLEAR,,NO UNUSUAL CONDITIONS - NO UNUSUAL CONDITIONS,,C,DARK-STREET LIGHTS,,,,,,,B,CROSSING IN CROSS WALK AT INTERSECTION,,A,21456B,,1,W MACARTHUR BL,1,,,A,,,MARKET ST,,,A,7/25/2024 8:01:24 PM,1/28/2025 4:24:30 PM,,,2,,,,,,,
2643688,22-004368,2,False,0109,1/27/2022 4:44:00 PM,1644,17X,14,109,Oakland,1,True,True,G,VEHICLE/PEDESTRAIN,,Thursday,,,,,False,False,False,,B,PEDESTRIAN,,1,0,CLEAR,,NO UNUSUAL CONDITIONS - NO UNUSUAL CONDITIONS,,A,DAYLIGHT,,,,,,,B,CROSSING IN CROSS WALK AT INTERSECTION,,A,21950A,,1,E 18TH ST,1,,,A,,,8TH AV,,,A,7/25/2024 8:01:24 PM,1/28/2025 4:24:30 PM,,,2,,,,,,,
2643639,22-003440,2,False,0109,1/22/2022 7:15:00 PM,1915,24X,14,109,Oakland,1,True,True,A,HEAD-ON,,Saturday,,,,,False,False,True,,E,PARKED MOTOR VEHICLE,,0,0,CLEAR,,NO UNUSUAL CONDITIONS - NO UNUSUAL CONDITIONS,,B,DUSK-DAWN,,,,,,,A,NO PEDESTRIANS INVOLVED,,A,23152A,,1,42ND AV,2,,,A,N,200.0,FOOTHILL BL,F,,D,7/25/2024 8:01:19 PM,1/28/2025 4:24:27 PM,,,2,,,,,,,
2643635,22-007923,2,False,0109,2/17/2022 6:30:00 PM,1830,04X,14,109,Oakland,1,True,True,D,BROADSIDE,,Thursday,,,M,,False,False,False,,C,OTHER MOTOR VEHICLE,,1,0,CLEAR,,NO UNUSUAL CONDITIONS - NO UNUSUAL CONDITIONS,,B,DUSK-DAWN,,,,,,,A,NO PEDESTRIANS INVOLVED,,A,21453A,,1,17TH ST,1,,,A,,,BRUSH ST,,,A,7/25/2024 8:01:18 PM,1/28/2025 4:24:26 PM,,,2,,,,,,,
2643631,22-007494,2,False,0109,2/15/2022 8:31:00 AM,831,31X,14,109,Oakland,1,True,True,B,SIDE SWIPE,,Tuesday,,,M,,False,False,False,,E,PARKED MOTOR VEHICLE,,0,0,CLEAR,,NO UNUSUAL CONDITIONS - NO UNUSUAL CONDITIONS,,A,DAYLIGHT,,,,,,,A,NO PEDESTRIANS INVOLVED,,A,21460A,,1,BALDWIN ST,2,,,A,W,100.0,MCCLARY CT,F,,D,7/25/2024 8:01:18 PM,1/28/2025 4:24:26 PM,,,2,,,,,,,
2643630,22-003768,2,False,0109,1/24/2022 3:30:00 PM,1530,31X,14,109,Oakland,1,True,True,C,REAR END,,Monday,,,M,,False,False,False,,,,,0,0,CLEAR,,NO UNUSUAL CONDITIONS - NO UNUSUAL CONDITIONS,,A,DAYLIGHT,,,,,,,A,NO PEDESTRIANS INVOLVED,,D,,,,98TH AV,2,,,,,,INTERNATIONAL BL,,,A,7/25/2024 8:01:18 PM,1/28/2025 4:24:26 PM,,,2,,,,,,,
2643629,22-007142,2,False,0109,2/13/2022 10:20:00 AM,1020,28X,14,109,Oakland,1,True,True,H,OTHER,,Sunday,,,M,,False,False,True,,I,FIXED OBJECT,,0,0,CLEAR,,NO UNUSUAL CONDITIONS - NO UNUSUAL CONDITIONS,,A,DAYLIGHT,,,,,,,A,NO PEDESTRIANS INVOLVED,,A,22107,,1,SEMINARY AV,2,,,A,N,35.0,OUTLOOK AV,F,,A,7/25/2024 8:01:18 PM,1/28/2025 4:24:26 PM,,,2,,,,,,,
2643627,22-004814,2,False,0109,1/30/2022 10:27:00 AM,1027,03X,14,109,Oakland,1,True,True,A,HEAD-ON,,Sunday,,,,,False,False,False,,C,OTHER MOTOR VEHICLE,,0,0,CLEAR,,,,A,DAYLIGHT,,,,,,,A,NO PEDESTRIANS INVOLVED,,A,21801A,,1,JACKSON ST,1,,,A,,,6TH ST,,,A,7/25/2024 8:01:18 PM,1/28/2025 4:24:26 PM,,,2,,,,,,,
2643625,22-004490,2,False,0109,1/28/2022 11:50:00 AM,1150,03X,14,109,Oakland,1,True,True,B,SIDE SWIPE,,Friday,,,,,False,False,False,,C,OTHER MOTOR VEHICLE,,0,0,CLEAR,,NO UNUSUAL CONDITIONS - NO UNUSUAL CONDITIONS,,A,DAYLIGHT,,,,,,,A,NO PEDESTRIANS INVOLVED,,A,21755,,1,14TH ST,1,,,A,,,MADISON ST,,,A,7/25/2024 8:01:18 PM,1/28/2025 4:24:26 PM,,,2,,,,,,,
2643623,22-004916,2,False,0109,1/31/2022 3:14:00 AM,314,22X,14,109,Oakland,1,True,True,H,OTHER,,Monday,,,M,,False,False,False,,E,PARKED MOTOR VEHICLE,,0,0,CLEAR,,NO UNUSUAL CONDITIONS - NO UNUSUAL CONDITIONS,,C,DARK-STREET LIGHTS,,,,,,,A,NO PEDESTRIANS INVOLVED,,A,22107,,1,MERA ST,2,,,A,W,32.0,42ND ST,F,,D,7/25/2024 8:01:17 PM,1/28/2025 4:24:26 PM,,,2,,,,,,,
2643622,22-007447,2,False,0109,2/15/2022 4:32:00 AM,432,19X,14,109,Oakland,1,True,True,C,REAR END,,Tuesday,,,,,False,False,True,,E,PARKED MOTOR VEHICLE,,0,0,CLEAR,,NO UNUSUAL CONDITIONS - NO UNUSUAL CONDITIONS,,C,DARK-STREET LIGHTS,,,,,,,A,NO PEDESTRIANS INVOLVED,,A,22350,,1,EMBARCADERO,1,,,A,,,SAN FRANCISCO BAY TRL,,,A,7/25/2024 8:01:17 PM,1/28/2025 4:24:26 PM,,,2,,,,,,,
2643621,22-007235,2,False,0109,2/13/2022 8:52:00 PM,2052,20X,14,109,Oakland,1,True,True,C,REAR END,,Sunday,,,M,,False,False,False,,C,OTHER MOTOR VEHICLE,,2,0,CLEAR,,NO UNUSUAL CONDITIONS - NO UNUSUAL CONDITIONS,,C,DARK-STREET LIGHTS,,,,,,,C,CROSSING IN CROSS WALK - NOT AT INTERSECTION,,A,22350,,1,FRUITVALE AV,2,,,A,N,150.0,E 9TH ST,F,,D,7/25/2024 8:01:17 PM,1/28/2025 4:24:26 PM,,,2,,,,,,,
2643620,22-001859,2,False,0109,1/13/2022 12:24:00 AM,24,27X,14,109,Oakland,1,True,True,C,REAR END,,Thursday,,,M,,False,False,False,,E,PARKED MOTOR VEHICLE,,0,0,,,,,C,DARK-STREET LIGHTS,,,,,,,A,NO PEDESTRIANS INVOLVED,,A,22107,,1,ELLEN ST,2,,,A,W,50.0,47TH AV,F,,D,7/25/2024 8:01:17 PM,1/28/2025 4:24:26 PM,,,2,,,,,,,
2643618,22-006591,2,False,0109,2/10/2022 12:28:00 AM,28,31X,14,109,Oakland,1,True,True,E,HIT OBJECT,,Thursday,,,M,,False,False,True,,I,FIXED OBJECT,,0,0,CLEAR,,NO UNUSUAL CONDITIONS - NO UNUSUAL CONDITIONS,,C,DARK-STREET LIGHTS,,,,,,,A,NO PEDESTRIANS INVOLVED,,A,22350,,1,HEGENBERGER RD,2,,,A,S,90.0,SAN LEANDRO ST,F,,D,7/25/2024 8:01:17 PM,1/28/2025 4:24:25 PM,,,2,,,,,,,
2643617,22-007816,2,False,0109,2/17/2022 8:30:00 AM,830,35X,14,109,Oakland,1,True,True,D,BROADSIDE,,Thursday,,,,,False,False,False,,C,OTHER MOTOR VEHICLE,,1,0,CLEAR,,NO UNUSUAL CONDITIONS - NO UNUSUAL CONDITIONS,,A,DAYLIGHT,,,,,,,A,NO PEDESTRIANS INVOLVED,,A,21802A,,1,BANCROFT AV,2,,,A,,,96TH AV,,,A,7/25/2024 8:01:17 PM,1/28/2025 4:24:25 PM,,,2,,,,,,,
2643615,22-008318,2,False,0109,2/19/2022 10:18:00 PM,2218,27X,14,109,Oakland,1,True,True,C,REAR END,,Saturday,,,M,,False,False,False,,E,PARKED MOTOR VEHICLE,,0,0,CLEAR,,NO UNUSUAL CONDITIONS - NO UNUSUAL CONDITIONS,,C,DARK-STREET LIGHTS,,,,,,,A,NO PEDESTRIANS INVOLVED,,A,22106,,1,E 16TH ST,2,,,A,,,57TH AV,,,A,7/25/2024 8:01:17 PM,1/28/2025 4:24:25 PM,,,2,,,,,,,
2643614,22-010768,2,False,0109,3/7/2022 12:27:00 AM,27,13X,14,109,Oakland,1,True,True,E,HIT OBJECT,,Monday,,,M,,False,False,False,,I,FIXED OBJECT,,0,0,CLEAR,,NO UNUSUAL CONDITIONS - NO UNUSUAL CONDITIONS,,C,DARK-STREET LIGHTS,,,,,,,A,NO PEDESTRIANS INVOLVED,,A,22107,,1,BROOKSIDE AV,1,,,A,E,20.0,BROOKSIDE LN,F,,D,7/25/2024 8:01:17 PM,1/28/2025 4:24:25 PM,,,2,,,,,,,
2643612,22-006700,2,False,0109,2/10/2022 11:29:00 AM,1129,32X,14,109,Oakland,1,True,True,E,HIT OBJECT,,Thursday,,,M,,False,False,False,,C,OTHER MOTOR VEHICLE,,0,0,CLEAR,,NO UNUSUAL CONDITIONS - NO UNUSUAL CONDITIONS,,A,DAYLIGHT,,,,,,,A,NO PEDESTRIANS INVOLVED,,D,,,,103RD AV,2,,,A,S,200.0,INTERNATIONAL BL,F,,D,7/25/2024 8:01:16 PM,1/28/2025 4:24:25 PM,,,2,,,,,,,
2643611,22-010069,2,False,0109,3/2/2022 4:12:00 PM,1612,23X,14,109,Oakland,1,True,True,C,REAR END,,Wednesday,,,M,,False,False,False,,C,OTHER MOTOR VEHICLE,,1,0,CLEAR,,NO UNUSUAL CONDITIONS - NO UNUSUAL CONDITIONS,,A,DAYLIGHT,,,,,,,A,NO PEDESTRIANS INVOLVED,,A,22350,,1,INTERNATIONAL BL,2,,,A,W,40.0,38TH AV,F,,D,7/25/2024 8:01:16 PM,1/28/2025 4:24:25 PM,,,2,,,,,,,
2643610,22-008232,2,False,0109,2/19/2022 7:58:00 PM,1958,32Y,14,109,Oakland,1,True,True,A,HEAD-ON,,Saturday,,,M,,False,False,False,,E,PARKED MOTOR VEHICLE,,0,0,CLEAR,,NO UNUSUAL CONDITIONS - NO UNUSUAL CONDITIONS,,C,DARK-STREET LIGHTS,,,,,,,A,NO PEDESTRIANS INVOLVED,,A,22107,,1,TRUMAN AV,2,,,A,N,100.0,OLIVER AV,F,,D,7/25/2024 8:01:16 PM,1/28/2025 4:24:25 PM,,,2,,,,,,,
2643607,22-009506,2,False,0109,2/28/2022 11:31:00 AM,1131,33X,14,109,Oakland,1,True,True,B,SIDE SWIPE,,Monday,,,M,,False,False,False,,C,OTHER MOTOR VEHICLE,,1,0,CLEAR,,NO UNUSUAL CONDITIONS - NO UNUSUAL CONDITIONS,,A,DAYLIGHT,,,,,,,A,NO PEDESTRIANS INVOLVED,,A,22107,,1,85TH AV,2,,,A,N,200.0,B ST,F,,D,7/25/2024 8:01:16 PM,1/28/2025 4:24:25 PM,,,2,,,,,,,
2643603,22-009188,2,False,0109,2/25/2022 9:57:00 AM,957,26X,14,109,Oakland,1,True,True,E,HIT OBJECT,,Friday,,,M,,False,False,False,,J,OTHER OBJECT,,1,0,CLEAR,,NO UNUSUAL CONDITIONS - NO UNUSUAL CONDITIONS,,A,DAYLIGHT,,,,,,,A,NO PEDESTRIANS INVOLVED,,A,22107,,1,INDEPENDENT RD,2,,,A,S,300.0,COLISEUM RD,F,,D,7/25/2024 8:01:15 PM,1/28/2025 4:24:24 PM,,,2,,,,,,,
2643599,22-011540,2,False,0109,3/10/2022 11:30:00 PM,2330,03X,14,109,Oakland,1,True,True,C,REAR END,,Thursday,,,,,False,False,False,,C,OTHER MOTOR VEHICLE,,1,0,CLEAR,,NO UNUSUAL CONDITIONS - NO UNUSUAL CONDITIONS,,C,DARK-STREET LIGHTS,,,,,,,A,NO PEDESTRIANS INVOLVED,,A,22350,,1,BROADWAY,1,,,A,N,30.0,6TH ST,F,,A,7/25/2024 8:01:15 PM,1/28/2025 4:24:24 PM,,,2,,,,,,,
2643596,22-010460,2,False,0109,3/4/2022 7:22:00 PM,1922,21X,14,109,Oakland,1,True,True,D,BROADSIDE,,Friday,,,M,,False,False,True,,C,OTHER MOTOR VEHICLE,,1,0,CLEAR,,NO UNUSUAL CONDITIONS - NO UNUSUAL CONDITIONS,,C,DARK-STREET LIGHTS,,,,,,,A,NO PEDESTRIANS INVOLVED,,A,22450A,,1,E 19TH ST,2,,,A,,,23RD AV,,,A,7/25/2024 8:01:15 PM,1/28/2025 4:24:24 PM,,,2,,,,,,,
2643591,22-012687,2,False,0109,3/17/2022 11:07:00 AM,1107,03X,14,109,Oakland,1,True,True,B,SIDE SWIPE,,Thursday,,,,,False,False,False,,C,OTHER MOTOR VEHICLE,,0,0,CLEAR,,NO UNUSUAL CONDITIONS - NO UNUSUAL CONDITIONS,,A,DAYLIGHT,,,,,,,A,NO PEDESTRIANS INVOLVED,,A,22107,,1,MARTIN LUTHER KING JR WY,1,,,A,,,5TH ST,,,A,7/25/2024 8:01:14 PM,1/28/2025 4:24:24 PM,,,2,,,,,,,
2643589,22-009978,2,False,0109,3/2/2022 3:55:00 AM,355,33X,14,109,Oakland,1,True,True,D,BROADSIDE,,Wednesday,,,,,False,False,False,,C,OTHER MOTOR VEHICLE,,1,0,CLEAR,,NO UNUSUAL CONDITIONS - NO UNUSUAL CONDITIONS,,C,DARK-STREET LIGHTS,,,,,,,A,NO PEDESTRIANS INVOLVED,,A,21453A,,1,85TH AV,2,,,A,,,SAN LEANDRO ST,,,A,7/25/2024 8:01:14 PM,1/28/2025 4:24:24 PM,,,2,,,,,,,