collision-id,report-number,report-version,is-preliminary,ncic-code,crash-date-time,crash-time-description,beat,city-id,city-code,city-name,county-code,city-is-active,city-is-incorporated,collision-type-code,collision-type-description,collision-type-other-desc,day-of-week,dispatch-notified,has-photographs,hit-run,is-attachments-mailed,is-deleted,is-highway-related,is-tow-away,judicial-district,motor-vehicle-involved-with-code,motor-vehicle-involved-with-desc,motor-vehicle-involved-with-other-desc,number-injured,number-killed,weather-1,weather-2,road-condition-1,road-condition-2,special-condition-lighting-code,lighting-description,latitude,longitude,milepost-direction,milepost-distance,milepost-marker,milepost-unit-of-measure,pedestrian-action-code,pedestrian-action-desc,prepared-date,primary-collision-factor-code,primary-collision-factor-violation,primary-collision-factor-is-cited,primary-collision-party-number,primary-road,reporting-district,reporting-district-code,reviewed-date,roadway-surface-code,secondary-direction,secondary-distance,secondary-road,secondary-unit-of-measure,sketch-desc,traffic-control-device-code,created-date,modified-date,is-county-road,is-freeway,chp-555-version,is-additonal-object-struck,notification-date,notification-time-description,has-digital-media-files,evidence-number,is-location-refer-to-narrative,is-aoi-one-same-as-location
2642549,22-017784,2,False,0109,4/17/2022 10:03:00 AM,1003,08X,14,109,Oakland,1,True,True,D,BROADSIDE,,Sunday,,,,,False,False,False,,C,OTHER MOTOR VEHICLE,,1,0,CLEAR,,NO UNUSUAL CONDITIONS - NO UNUSUAL CONDITIONS,,A,DAYLIGHT,,,,,,,A,NO PEDESTRIANS INVOLVED,,A,22450,,1,SYCAMORE ST,1,,,A,,,NORTHGATE,,,A,7/25/2024 7:59:27 PM,1/28/2025 4:23:07 PM,,,2,,,,,,,
2642548,22-014348,2,False,0109,3/27/2022 7:48:00 PM,1948,01X,14,109,Oakland,1,True,True,G,VEHICLE/PEDESTRAIN,,Sunday,,,F,,False,False,False,,B,PEDESTRIAN,,1,0,RAINING,,NO UNUSUAL CONDITIONS - NO UNUSUAL CONDITIONS,,C,DARK-STREET LIGHTS,,,,,,,B,CROSSING IN CROSS WALK AT INTERSECTION,,A,21453A,,1,CENTER ST,1,,,B,N,20.0,7TH ST,F,,A,7/25/2024 7:59:27 PM,1/28/2025 4:23:07 PM,,,2,,,,,,,
2642539,22-011437,2,False,0109,3/10/2022 11:00:00 AM,1100,10X,14,109,Oakland,1,True,True,C,REAR END,,Thursday,,,,,False,False,False,,C,OTHER MOTOR VEHICLE,,1,0,CLEAR,,NO UNUSUAL CONDITIONS - NO UNUSUAL CONDITIONS,,A,DAYLIGHT,,,,,,,A,NO PEDESTRIANS INVOLVED,,A,22400A,,1,55TH ST,1,,,A,,,GENOA ST,,,A,7/25/2024 7:59:26 PM,1/28/2025 4:23:06 PM,,,2,,,,,,,
2642538,22-012768,2,False,0109,3/17/2022 9:19:00 PM,2119,26Y,14,109,Oakland,1,True,True,H,OTHER,,Thursday,,,,,False,False,False,,G,BICYCLE,,1,0,CLEAR,,NO UNUSUAL CONDITIONS - NO UNUSUAL CONDITIONS,,C,DARK-STREET LIGHTS,,,,,,,,,,A,21202A,,1,INTERNATIONAL BL,2,,,A,W,15.0,81ST AV,F,,D,7/25/2024 7:59:26 PM,1/28/2025 4:23:06 PM,,,2,,,,,,,
2642537,22-010335,2,False,0109,3/4/2022 8:08:00 AM,808,29X,14,109,Oakland,1,True,True,E,HIT OBJECT,,Friday,,,,,False,False,False,,I,FIXED OBJECT,,1,0,CLOUDY,,NO UNUSUAL CONDITIONS - NO UNUSUAL CONDITIONS,,A,DAYLIGHT,,,,,,,A,NO PEDESTRIANS INVOLVED,,A,22107,,1,EDWARDS AV,2,,,B,S,210.0,GREENLY DR,F,,D,7/25/2024 7:59:26 PM,1/28/2025 4:23:06 PM,,,2,,,,,,,
2642536,22-010527,2,False,0109,3/5/2022 8:20:00 AM,820,26X,14,109,Oakland,1,True,True,G,VEHICLE/PEDESTRAIN,,Saturday,,,,,False,False,False,,B,PEDESTRIAN,,1,0,CLEAR,,NO UNUSUAL CONDITIONS - NO UNUSUAL CONDITIONS,,A,DAYLIGHT,,,,,,,E,IN ROAD - INCLUDES SHOULDER,,A,22106,,1,60TH AV,2,,,A,S,240.0,TEVIS ST,F,,D,7/25/2024 7:59:25 PM,1/28/2025 4:23:06 PM,,,2,,,,,,,
2642535,22-014776,2,False,0109,3/30/2022 8:45:00 AM,845,31X,14,109,Oakland,1,True,True,A,HEAD-ON,,Wednesday,,,,,False,False,False,,C,OTHER MOTOR VEHICLE,,2,0,CLOUDY,,NO UNUSUAL CONDITIONS - NO UNUSUAL CONDITIONS,,A,DAYLIGHT,,,,,,,A,NO PEDESTRIANS INVOLVED,,A,21460A,,1,EDES AV,2,,,A,E,150.0,ENTERPRISE WY,F,,B,7/25/2024 7:59:25 PM,1/28/2025 4:23:06 PM,,,2,,,,,,,
2642534,22-018937,2,False,0109,4/24/2022 1:38:00 PM,1338,27Y,14,109,Oakland,1,True,True,D,BROADSIDE,,Sunday,,,,,False,False,False,,C,OTHER MOTOR VEHICLE,,3,0,CLEAR,,NO UNUSUAL CONDITIONS - NO UNUSUAL CONDITIONS,,A,DAYLIGHT,,,,,,,A,NO PEDESTRIANS INVOLVED,,A,216551,,1,INTERNATIONAL BL,2,,,A,,,65TH AV,,,D,7/25/2024 7:59:25 PM,1/28/2025 4:23:06 PM,,,2,,,,,,,
2642533,22-011125,2,False,0109,3/8/2022 11:54:00 PM,2354,07X,14,109,Oakland,1,True,True,A,HEAD-ON,,Tuesday,,,,,False,False,True,,C,OTHER MOTOR VEHICLE,,2,0,CLEAR,,NO UNUSUAL CONDITIONS - NO UNUSUAL CONDITIONS,,C,DARK-STREET LIGHTS,,,,,,,A,NO PEDESTRIANS INVOLVED,,A,23152A,,1,7TH ST,1,,,A,,,FRANKLIN ST,,,A,7/25/2024 7:59:25 PM,1/28/2025 4:23:06 PM,,,2,,,,,,,
2642532,22-014059,2,False,0109,3/25/2022 9:10:00 PM,2110,07X,14,109,Oakland,1,True,True,D,BROADSIDE,,Friday,,,F,,False,False,False,,G,BICYCLE,,1,0,CLEAR,,NO UNUSUAL CONDITIONS - NO UNUSUAL CONDITIONS,,C,DARK-STREET LIGHTS,,,,,,,A,NO PEDESTRIANS INVOLVED,,A,21800A,,1,34TH ST,1,,,A,,,HELEN ST,,,C,7/25/2024 7:59:25 PM,1/28/2025 4:23:05 PM,,,2,,,,,,,
2642531,22-010074,2,False,0109,3/2/2022 4:43:00 PM,1643,30X,14,109,Oakland,1,True,True,G,VEHICLE/PEDESTRAIN,,Wednesday,,,M,,False,False,False,,C,OTHER MOTOR VEHICLE,,1,0,CLEAR,,NO UNUSUAL CONDITIONS - NO UNUSUAL CONDITIONS,,A,DAYLIGHT,,,,,,,B,CROSSING IN CROSS WALK AT INTERSECTION,,A,21453A,,1,INTERNATIONAL BL,1,,,A,,,81ST AV,,,A,7/25/2024 7:59:25 PM,1/28/2025 4:23:06 PM,,,2,,,,,,,
2642530,22-012740,2,False,0109,3/17/2022 5:07:00 PM,1707,33X,14,109,Oakland,1,True,True,D,BROADSIDE,,Thursday,,,,,False,False,False,,C,OTHER MOTOR VEHICLE,,1,0,CLEAR,,NO UNUSUAL CONDITIONS - NO UNUSUAL CONDITIONS,,A,DAYLIGHT,,,,,,,A,NO PEDESTRIANS INVOLVED,,A,21235G,,1,SAN LEANDRO ST,2,,,A,,,98TH AV,,,A,7/25/2024 7:59:25 PM,1/28/2025 4:23:05 PM,,,2,,,,,,,
2642528,22-013057,2,False,0109,3/19/2022 6:07:00 PM,1807,27X,14,109,Oakland,1,True,True,B,SIDE SWIPE,,Saturday,,,M,,False,False,False,,E,PARKED MOTOR VEHICLE,,0,0,CLEAR,,NO UNUSUAL CONDITIONS - NO UNUSUAL CONDITIONS,,A,DAYLIGHT,,,,,,,A,NO PEDESTRIANS INVOLVED,,A,22107,,1,FORTUNE WY,2,,,A,,,SEMINARY AV,,,D,7/25/2024 7:59:24 PM,1/28/2025 4:23:05 PM,,,2,,,,,,,
2642527,22-013607,2,False,0109,3/23/2022 12:29:00 AM,29,35X,14,109,Oakland,1,True,True,C,REAR END,,Wednesday,,,M,,False,False,False,,E,PARKED MOTOR VEHICLE,,0,0,CLEAR,,,,A,DAYLIGHT,,,,,,,A,NO PEDESTRIANS INVOLVED,,A,22107,,1,IRIS AV,2,,,A,W,10.0,83RD AV,F,,D,7/25/2024 7:59:24 PM,1/28/2025 4:23:05 PM,,,2,,,,,,,
2642526,22-015019,2,False,0109,3/31/2022 8:35:00 PM,2035,34X,14,109,Oakland,1,True,True,C,REAR END,,Thursday,,,M,,False,False,False,,C,OTHER MOTOR VEHICLE,,0,0,CLEAR,,NO UNUSUAL CONDITIONS - NO UNUSUAL CONDITIONS,,C,DARK-STREET LIGHTS,,,,,,,A,NO PEDESTRIANS INVOLVED,,A,22107,,1,90TH AV,2,,,A,S,200.0,HOLLY ST,F,,D,7/25/2024 7:59:24 PM,1/28/2025 4:23:05 PM,,,2,,,,,,,
2642525,22-011530,2,False,0109,3/10/2022 10:00:00 PM,2200,15X,14,109,Oakland,1,True,True,B,SIDE SWIPE,,Thursday,,,,,False,False,False,,E,PARKED MOTOR VEHICLE,,0,0,CLEAR,,NO UNUSUAL CONDITIONS - NO UNUSUAL CONDITIONS,,C,DARK-STREET LIGHTS,,,,,,,A,NO PEDESTRIANS INVOLVED,,A,22107,,1,MACARTHUR BL,1,,,A,W,200.0,LAKE PARK AV,F,,D,7/25/2024 7:59:24 PM,1/28/2025 4:23:05 PM,,,2,,,,,,,
2642524,22-014930,2,False,0109,3/31/2022 1:27:00 AM,127,21Y,14,109,Oakland,1,True,True,C,REAR END,,Thursday,,,F,,False,False,False,,E,PARKED MOTOR VEHICLE,,0,0,CLEAR,,NO UNUSUAL CONDITIONS - NO UNUSUAL CONDITIONS,,C,DARK-STREET LIGHTS,,,,,,,A,NO PEDESTRIANS INVOLVED,,A,22107,,1,PLEITNER AV,2,,,A,N,80.0,NICOL AV,F,,A,7/25/2024 7:59:24 PM,1/28/2025 4:23:05 PM,,,2,,,,,,,
2642523,22-012832,2,False,0109,3/18/2022 8:56:00 AM,856,07X,14,109,Oakland,1,True,True,C,REAR END,,Friday,,,,,False,False,False,,C,OTHER MOTOR VEHICLE,,0,0,CLEAR,,NO UNUSUAL CONDITIONS - NO UNUSUAL CONDITIONS,,A,DAYLIGHT,,,,,,,A,NO PEDESTRIANS INVOLVED,,A,22350,,1,MARKET ST,1,,,A,,,25TH ST,,,D,7/25/2024 7:59:24 PM,1/28/2025 4:23:05 PM,,,2,,,,,,,
2642522,22-014410,2,False,0109,3/28/2022 8:39:00 AM,839,17Y,14,109,Oakland,1,True,True,C,REAR END,,Monday,,,,,False,False,False,,C,OTHER MOTOR VEHICLE,,0,0,CLOUDY,,NO UNUSUAL CONDITIONS - NO UNUSUAL CONDITIONS,,A,DAYLIGHT,,,,,,,A,NO PEDESTRIANS INVOLVED,,A,22350,,1,MACARTHUR BL,1,,,B,,,PARK BL,,,D,7/25/2024 7:59:24 PM,1/28/2025 4:23:05 PM,,,2,,,,,,,
2642521,22-013618,2,False,0109,3/23/2022 1:52:00 AM,152,35Y,14,109,Oakland,1,True,True,E,HIT OBJECT,,Wednesday,,,,,False,False,True,,I,FIXED OBJECT,,0,0,CLEAR,,NO UNUSUAL CONDITIONS - NO UNUSUAL CONDITIONS,,D,DARK-NO STREET LIGHTS,,,,,,,A,NO PEDESTRIANS INVOLVED,,A,22107,,1,GOLF LINKS RD,2,,,A,N,800.0,SCOTIA AV,F,,D,7/25/2024 7:59:24 PM,1/28/2025 4:23:05 PM,,,2,,,,,,,
2642489,22-008587,2,False,0109,2/21/2022 5:34:00 PM,1734,12X,14,109,Oakland,1,True,True,A,HEAD-ON,,Monday,,,,,False,False,False,,C,OTHER MOTOR VEHICLE,,3,0,CLEAR,,,,A,DAYLIGHT,,,,,,,A,NO PEDESTRIANS INVOLVED,,A,21801A,,1,SHATTUCK AV,1,,,A,,,52ND ST,,,A,7/25/2024 7:59:21 PM,1/28/2025 4:23:03 PM,,,2,,,,,,,
2642488,22-008498,2,False,0109,2/21/2022 3:08:00 AM,308,19X,14,109,Oakland,1,True,True,B,SIDE SWIPE,,Monday,,,,,False,False,True,,I,FIXED OBJECT,,1,0,CLEAR,,NO UNUSUAL CONDITIONS - NO UNUSUAL CONDITIONS,,C,DARK-STREET LIGHTS,,,,,,,A,NO PEDESTRIANS INVOLVED,,A,22107,,1,E 12TH ST,1,,,A,W,200.0,14TH AV,F,,D,7/25/2024 7:59:21 PM,1/28/2025 4:23:03 PM,,,2,,,,,,,
2642487,22-008733,2,False,0109,2/22/2022 1:08:00 PM,1308,01X,14,109,Oakland,1,True,True,A,HEAD-ON,,Tuesday,,,,,False,False,False,,C,OTHER MOTOR VEHICLE,,2,0,CLEAR,,NO UNUSUAL CONDITIONS - NO UNUSUAL CONDITIONS,,A,DAYLIGHT,,,,,,,A,NO PEDESTRIANS INVOLVED,,A,21801A,,1,35TH AV,2,,,A,,,HARPER ST,,,D,7/25/2024 7:59:21 PM,1/28/2025 4:23:03 PM,,,2,,,,,,,
2642485,22-005789,2,False,0109,2/5/2022 11:00:00 AM,1100,19X,14,109,Oakland,1,True,True,A,HEAD-ON,,Saturday,,,,,False,False,False,,E,PARKED MOTOR VEHICLE,,1,0,CLEAR,,NO UNUSUAL CONDITIONS - NO UNUSUAL CONDITIONS,,A,DAYLIGHT,,,,,,,A,NO PEDESTRIANS INVOLVED,,A,22107,,1,E 15TH ST,1,,,A,E,10.0,22ND AV,F,,D,7/25/2024 7:59:21 PM,1/28/2025 4:23:03 PM,,,2,,,,,,,
2642484,22-007268,2,False,0109,2/14/2022 1:36:00 AM,136,29X,14,109,Oakland,1,True,True,E,HIT OBJECT,,Monday,,,,,False,False,False,,I,FIXED OBJECT,,2,0,CLEAR,,,,C,DARK-STREET LIGHTS,,,,,,,A,NO PEDESTRIANS INVOLVED,,A,22107,,1,BANCROFT AV,2,,,A,E,25.0,AVENAL AV,F,,A,7/25/2024 7:59:21 PM,1/28/2025 4:23:02 PM,,,2,,,,,,,
2642471,22-005754,2,False,0109,2/5/2022 2:35:00 AM,235,27X,14,109,Oakland,1,True,True,B,SIDE SWIPE,,Saturday,,,,,False,False,True,,C,OTHER MOTOR VEHICLE,,0,0,CLEAR,,NO UNUSUAL CONDITIONS - NO UNUSUAL CONDITIONS,,C,DARK-STREET LIGHTS,,,,,,,A,NO PEDESTRIANS INVOLVED,,A,22107,,1,INTERNATIONAL BL,2,,,A,,,53RD AV,,,A,7/25/2024 7:59:19 PM,1/28/2025 4:23:01 PM,,,2,,,,,,,
2642470,22-006006,2,False,0109,2/6/2022 9:21:00 PM,2121,03X,14,109,Oakland,1,True,True,D,BROADSIDE,,Sunday,,,,,False,False,False,,C,OTHER MOTOR VEHICLE,,0,0,CLEAR,,NO UNUSUAL CONDITIONS - NO UNUSUAL CONDITIONS,,C,DARK-STREET LIGHTS,,,,,,,A,NO PEDESTRIANS INVOLVED,,A,21453A,,1,9TH ST,1,,,A,,,JACKSON ST,,,A,7/25/2024 7:59:19 PM,1/28/2025 4:23:01 PM,,,2,,,,,,,
2642460,22-005894,2,False,0109,2/6/2022 1:30:00 AM,130,20X,14,109,Oakland,1,True,True,C,REAR END,,Sunday,,,M,,False,False,False,,E,PARKED MOTOR VEHICLE,,0,0,CLEAR,,NO UNUSUAL CONDITIONS - NO UNUSUAL CONDITIONS,,C,DARK-STREET LIGHTS,,,,,,,A,NO PEDESTRIANS INVOLVED,,A,22107,,1,DERBY AV,2,,,A,,,GLASCOCK ST,,,D,7/25/2024 7:59:19 PM,1/28/2025 4:23:01 PM,,,2,,,,,,,
2642459,22-08139,2,False,0109,2/18/2022 11:12:00 PM,2312,33X,14,109,Oakland,1,True,True,B,SIDE SWIPE,,Friday,,,M,,False,False,True,,C,OTHER MOTOR VEHICLE,,0,0,CLEAR,,NO UNUSUAL CONDITIONS - NO UNUSUAL CONDITIONS,,C,DARK-STREET LIGHTS,,,,,,,A,NO PEDESTRIANS INVOLVED,,A,22107,,1,94TH AV,2,,,A,,,INTERNATIONAL BL,,,A,7/25/2024 7:59:18 PM,1/28/2025 4:23:01 PM,,,2,,,,,,,
2642458,22-008771,2,False,0109,2/22/2022 4:40:00 PM,1640,26X,14,109,Oakland,1,True,True,B,SIDE SWIPE,,Tuesday,,,M,,False,False,False,,C,OTHER MOTOR VEHICLE,,0,0,CLEAR,,NO UNUSUAL CONDITIONS - NO UNUSUAL CONDITIONS,,A,DAYLIGHT,,,,,,,A,NO PEDESTRIANS INVOLVED,,A,22107,,1,INTERNATIONAL BL,2,,,A,,,50TH AV,,,D,7/25/2024 7:59:18 PM,1/28/2025 4:23:01 PM,,,2,,,,,,,
2642456,22-005780,2,False,0109,2/5/2022 8:57:00 AM,857,31X,14,109,Oakland,1,True,True,D,BROADSIDE,,Saturday,,,M,,False,False,False,,C,OTHER MOTOR VEHICLE,,0,0,CLEAR,,NO UNUSUAL CONDITIONS - NO UNUSUAL CONDITIONS,,A,DAYLIGHT,,,,,,,A,NO PEDESTRIANS INVOLVED,,A,22107,,1,SAN LEANDRO ST,2,,,A,E,600.0,92ND AV,F,,D,7/25/2024 7:59:18 PM,1/28/2025 4:23:01 PM,,,2,,,,,,,
2642451,22-005905,2,False,0109,2/6/2022 3:05:00 AM,305,30X,14,109,Oakland,1,True,True,A,HEAD-ON,,Sunday,,,M,,False,False,False,,C,OTHER MOTOR VEHICLE,,0,0,CLEAR,,NO UNUSUAL CONDITIONS - NO UNUSUAL CONDITIONS,,C,DARK-STREET LIGHTS,,,,,,,A,NO PEDESTRIANS INVOLVED,,A,22450A,,1,BANCROFT AV,2,,,A,,,74TH AV,,,D,7/25/2024 7:59:18 PM,1/28/2025 4:23:01 PM,,,2,,,,,,,
2642450,22-008821,2,False,0109,2/22/2022 9:53:00 PM,2153,27X,14,109,Oakland,1,True,True,B,SIDE SWIPE,,Tuesday,,,M,,False,False,True,,E,PARKED MOTOR VEHICLE,,0,0,CLEAR,,NO UNUSUAL CONDITIONS - NO UNUSUAL CONDITIONS,,C,DARK-STREET LIGHTS,,,,,,,A,NO PEDESTRIANS INVOLVED,,A,22107,,1,BANCROFT AV,2,,,A,W,20.0,VICKSBURG AV,F,,A,7/25/2024 7:59:18 PM,1/28/2025 4:23:00 PM,,,2,,,,,,,
2642449,22-005515,2,False,0109,2/3/2022 5:11:00 PM,1711,31K,14,109,Oakland,1,True,True,B,SIDE SWIPE,,Thursday,,,,,False,False,False,,C,OTHER MOTOR VEHICLE,,0,0,CLEAR,,NO UNUSUAL CONDITIONS - NO UNUSUAL CONDITIONS,,A,DAYLIGHT,,,,,,,A,NO PEDESTRIANS INVOLVED,,A,22107,,1,BANCROFT,2,,,A,,,73RD AV,,,D,7/25/2024 7:59:18 PM,1/28/2025 4:23:00 PM,,,2,,,,,,,
2642432,22-014788,2,False,0109,3/30/2022 9:56:00 AM,956,30X,14,109,Oakland,1,True,True,A,HEAD-ON,,Wednesday,,,F,,False,False,False,,B,PEDESTRIAN,,1,0,CLOUDY,,NO UNUSUAL CONDITIONS - NO UNUSUAL CONDITIONS,,A,DAYLIGHT,,,,,,,D,CROSSING - NOT IN CROSSWALK,,A,216551,,1,INTERNATIONAL BL,2,,,A,E,70.0,79TH AV,F,,D,7/25/2024 7:59:16 PM,1/28/2025 4:22:59 PM,,,2,,,,,,,
2642427,22-012292,2,False,0109,3/15/2022 3:38:00 PM,1538,08X,14,109,Oakland,1,True,True,C,REAR END,,Tuesday,,,,,False,False,False,,,,,1,0,CLEAR,,NO UNUSUAL CONDITIONS - NO UNUSUAL CONDITIONS,,A,DAYLIGHT,,,,,,,A,NO PEDESTRIANS INVOLVED,,A,22350,,1,BROADWAY,1,,,A,,,41ST ST,,,A,7/25/2024 7:59:16 PM,1/28/2025 4:22:59 PM,,,2,,,,,,,
2642414,22-018483,2,False,0109,4/20/2022 6:39:00 PM,1839,34X,14,109,Oakland,1,True,True,E,HIT OBJECT,,Wednesday,,,F,,False,False,True,,E,PARKED MOTOR VEHICLE,,0,0,CLEAR,,NO UNUSUAL CONDITIONS - NO UNUSUAL CONDITIONS,,A,DAYLIGHT,,,,,,,A,NO PEDESTRIANS INVOLVED,,A,21750,,1,AUSEON AV,2,,,A,,,INTERNATIONAL BL,,,D,7/25/2024 7:59:14 PM,1/28/2025 4:22:58 PM,,,2,,,,,,,
2642410,22-019837,2,False,0109,4/30/2022 11:20:00 PM,2320,31X,14,109,Oakland,1,True,True,C,REAR END,,Saturday,,,M,,False,False,False,,E,PARKED MOTOR VEHICLE,,0,0,CLEAR,,,,C,DARK-STREET LIGHTS,,,,,,,A,NO PEDESTRIANS INVOLVED,,A,22107,,1,KERWIN AV,2,,,A,,,BERNHARD ST,,,D,7/25/2024 7:59:14 PM,1/28/2025 4:22:58 PM,,,2,,,,,,,
2642408,22-019615,2,False,0109,4/28/2022 6:38:00 PM,1838,02X,14,109,Oakland,1,True,True,E,HIT OBJECT,,Thursday,,,,,False,False,False,,I,FIXED OBJECT,,0,0,CLEAR,,NO UNUSUAL CONDITIONS - NO UNUSUAL CONDITIONS,,A,DAYLIGHT,,,,,,,A,NO PEDESTRIANS INVOLVED,,A,22107,,1,12TH ST,1,,,,,,MARKET ST,,,A,7/25/2024 7:59:14 PM,1/28/2025 4:22:57 PM,,,2,,,,,,,
2642367,22-011977,2,False,0109,3/13/2022 4:00:00 PM,1600,18X,14,109,Oakland,1,True,True,D,BROADSIDE,,Sunday,,,M,,False,False,False,,C,OTHER MOTOR VEHICLE,,1,0,CLEAR,,NO UNUSUAL CONDITIONS - NO UNUSUAL CONDITIONS,,A,DAYLIGHT,,,,,,,A,NO PEDESTRIANS INVOLVED,,A,22450A,,1,E 19TH ST,1,,,A,,,21ST AV,,,D,7/25/2024 7:59:10 PM,1/28/2025 4:22:55 PM,,,2,,,,,,,
2642366,22-011916,2,False,0109,3/12/2022 3:30:00 PM,1530,32X,14,109,Oakland,1,True,True,C,REAR END,,Saturday,,,M,,False,False,False,,C,OTHER MOTOR VEHICLE,,1,0,CLEAR,,NO UNUSUAL CONDITIONS - NO UNUSUAL CONDITIONS,,A,DAYLIGHT,,,,,,,A,NO PEDESTRIANS INVOLVED,,A,22107,,1,INTERNATIONAL BL,2,,,A,W,100.0,105TH AV,F,,A,7/25/2024 7:59:10 PM,1/28/2025 4:22:54 PM,,,2,,,,,,,
2642365,22-011741,2,False,0109,3/11/2022 10:47:00 PM,2247,25X,14,109,Oakland,1,True,True,B,SIDE SWIPE,,Friday,,,,,False,False,False,,E,PARKED MOTOR VEHICLE,,1,0,CLEAR,,NO UNUSUAL CONDITIONS - NO UNUSUAL CONDITIONS,,C,DARK-STREET LIGHTS,,,,,,,A,NO PEDESTRIANS INVOLVED,,A,22515A,,1,MAYBELLE AV,2,,,A,S,350.0,BAYO ST,F,,D,7/25/2024 7:59:10 PM,1/28/2025 4:22:54 PM,,,2,,,,,,,
2642364,22-010094,2,False,0109,3/2/2022 7:46:00 PM,1946,24X,14,109,Oakland,1,True,True,D,BROADSIDE,,Wednesday,,,,,False,False,False,,C,OTHER MOTOR VEHICLE,,2,0,CLEAR,,NO UNUSUAL CONDITIONS - NO UNUSUAL CONDITIONS,,C,DARK-STREET LIGHTS,,,,,,,A,NO PEDESTRIANS INVOLVED,,A,21801A,,1,HIGH ST,2,,,A,,,BROOKDALE AV,,,A,7/25/2024 7:59:09 PM,1/28/2025 4:22:54 PM,,,2,,,,,,,
2642360,22-013109,2,False,0109,3/20/2022 5:43:00 AM,543,02X,14,109,Oakland,1,True,True,D,BROADSIDE,,Sunday,,,M,,False,False,False,,C,OTHER MOTOR VEHICLE,,1,0,CLEAR,,NO UNUSUAL CONDITIONS - NO UNUSUAL CONDITIONS,,B,DUSK-DAWN,,,,,,,A,NO PEDESTRIANS INVOLVED,,A,21453A,,1,14TH ST,1,,,A,,,ADELINE ST,,,A,7/25/2024 7:59:09 PM,1/28/2025 4:22:54 PM,,,2,,,,,,,
2642358,22-005942,2,False,0109,2/6/2022 11:01:00 AM,1101,16X,14,109,Oakland,1,True,True,B,SIDE SWIPE,,Sunday,,,,,False,False,False,,C,OTHER MOTOR VEHICLE,,1,0,CLEAR,,NO UNUSUAL CONDITIONS - NO UNUSUAL CONDITIONS,,A,DAYLIGHT,,,,,,,A,NO PEDESTRIANS INVOLVED,,A,22100B,,1,WOODRUFF AV,1,,,A,,,MIAMI CT,,,D,7/25/2024 7:59:09 PM,1/28/2025 4:22:54 PM,,,2,,,,,,,
2642357,22-008562,2,False,0109,2/25/2022 2:59:00 PM,1459,21X,14,109,Oakland,1,True,True,E,HIT OBJECT,,Friday,,,,,False,False,False,,I,FIXED OBJECT,,1,0,CLEAR,,NO UNUSUAL CONDITIONS - NO UNUSUAL CONDITIONS,,A,DAYLIGHT,,,,,,,C,CROSSING IN CROSS WALK - NOT AT INTERSECTION,,A,22107,,1,FRUITVALE AV,2,,,A,,,SCHOOL ST,,,A,7/25/2024 7:59:09 PM,1/28/2025 4:22:54 PM,,,2,,,,,,,
2642350,22-008114,2,False,0109,2/18/2022 8:00:00 PM,2000,04X,14,109,Oakland,1,True,True,G,VEHICLE/PEDESTRAIN,,Friday,,,M,,False,False,False,,B,PEDESTRIAN,,1,0,CLEAR,,NO UNUSUAL CONDITIONS - NO UNUSUAL CONDITIONS,,C,DARK-STREET LIGHTS,,,,,,,B,CROSSING IN CROSS WALK AT INTERSECTION,,A,21950A,,1,TELEGRAPH,1,,,A,,,21ST ST,,,A,7/25/2024 7:59:08 PM,1/28/2025 4:22:53 PM,,,2,,,,,,,
2642197,22-020281,2,False,0109,5/2/2022 4:46:00 PM,1646,11X,14,109,Oakland,1,True,True,H,OTHER,,Monday,,,M,,False,False,False,,E,PARKED MOTOR VEHICLE,,0,0,CLEAR,,NO UNUSUAL CONDITIONS - NO UNUSUAL CONDITIONS,,A,DAYLIGHT,,,,,,,A,NO PEDESTRIANS INVOLVED,,A,22106,,1,ALCATRAZ AV,1,,,A,E,63.0,SHATTUCK AV,F,,A,7/25/2024 7:58:52 PM,1/28/2025 4:22:42 PM,,,2,,,,,,,
2642196,22-020060,2,False,0109,5/1/2022 2:56:00 PM,1456,31Y,14,109,Oakland,1,True,True,C,REAR END,,Sunday,,,M,,False,False,False,,E,PARKED MOTOR VEHICLE,,0,0,CLEAR,,NO UNUSUAL CONDITIONS - NO UNUSUAL CONDITIONS,,A,DAYLIGHT,,,,,,,A,NO PEDESTRIANS INVOLVED,,A,22107,,1,RAILROAD AV,2,,,A,E,58.0,CLARA ST,F,,D,7/25/2024 7:58:52 PM,1/28/2025 4:22:42 PM,,,2,,,,,,,
2642195,22-020007,2,False,0109,5/1/2022 2:54:00 AM,254,29X,14,109,Oakland,1,True,True,C,REAR END,,Sunday,,,,,False,False,True,,C,OTHER MOTOR VEHICLE,,0,0,CLEAR,,NO UNUSUAL CONDITIONS - NO UNUSUAL CONDITIONS,,C,DARK-STREET LIGHTS,,,,,,,A,NO PEDESTRIANS INVOLVED,,A,22350,,1,73RD AV,2,,,A,N,50.0,HILLMONT DR,F,,D,7/25/2024 7:58:52 PM,1/28/2025 4:22:42 PM,,,2,,,,,,,
2641982,22-001898,2,False,0109,1/13/2022 9:10:00 AM,910,32X,14,109,Oakland,1,True,True,B,SIDE SWIPE,,Thursday,,,,,False,False,False,,C,OTHER MOTOR VEHICLE,,0,0,CLEAR,,NO UNUSUAL CONDITIONS - NO UNUSUAL CONDITIONS,,A,DAYLIGHT,,,,,,,A,NO PEDESTRIANS INVOLVED,,A,22106,,1,E ST,2,,,A,E,20.0,108TH AV,F,,A,7/25/2024 7:58:32 PM,1/28/2025 4:22:25 PM,,,2,,,,,,,
2641981,22-000376,2,False,0109,1/3/2022 6:28:00 PM,1828,31Y,14,109,Oakland,1,True,True,H,OTHER,,Monday,,,,,False,False,False,,C,OTHER MOTOR VEHICLE,,0,0,RAINING,,NO UNUSUAL CONDITIONS - NO UNUSUAL CONDITIONS,,C,DARK-STREET LIGHTS,,,,,,,,,,A,22106,,1,KITTY LN,2,,,B,E,180.0,98TH AV,F,,D,7/25/2024 7:58:32 PM,1/28/2025 4:22:25 PM,,,2,,,,,,,
2641980,22-001404,2,False,0109,1/10/2022 10:25:00 AM,1025,12X,14,109,Oakland,1,True,True,E,HIT OBJECT,,Monday,,,,,False,False,True,,I,FIXED OBJECT,,0,0,CLEAR,,NO UNUSUAL CONDITIONS - NO UNUSUAL CONDITIONS,,A,DAYLIGHT,,,,,,,A,NO PEDESTRIANS INVOLVED,,A,22106,,1,MANILA AV,1,,,A,,,MANILA AV 5128,,,D,7/25/2024 7:58:32 PM,1/28/2025 4:22:25 PM,,,2,,,,,,,