collision-id,report-number,report-version,is-preliminary,ncic-code,crash-date-time,crash-time-description,beat,city-id,city-code,city-name,county-code,city-is-active,city-is-incorporated,collision-type-code,collision-type-description,collision-type-other-desc,day-of-week,dispatch-notified,has-photographs,hit-run,is-attachments-mailed,is-deleted,is-highway-related,is-tow-away,judicial-district,motor-vehicle-involved-with-code,motor-vehicle-involved-with-desc,motor-vehicle-involved-with-other-desc,number-injured,number-killed,weather-1,weather-2,road-condition-1,road-condition-2,special-condition-lighting-code,lighting-description,latitude,longitude,milepost-direction,milepost-distance,milepost-marker,milepost-unit-of-measure,pedestrian-action-code,pedestrian-action-desc,prepared-date,primary-collision-factor-code,primary-collision-factor-violation,primary-collision-factor-is-cited,primary-collision-party-number,primary-road,reporting-district,reporting-district-code,reviewed-date,roadway-surface-code,secondary-direction,secondary-distance,secondary-road,secondary-unit-of-measure,sketch-desc,traffic-control-device-code,created-date,modified-date,is-county-road,is-freeway,chp-555-version,is-additonal-object-struck,notification-date,notification-time-description,has-digital-media-files,evidence-number,is-location-refer-to-narrative,is-aoi-one-same-as-location
2704706,22-041485,2,False,0109,9/10/2022 11:08:00 AM,1108,13X,14,109,Oakland,1,True,True,A,HEAD-ON,,Saturday,,,,,False,False,False,,C,OTHER MOTOR VEHICLE,,0,0,CLEAR,,NO UNUSUAL CONDITIONS - NO UNUSUAL CONDITIONS,,A,DAYLIGHT,,,,,,,A,NO PEDESTRIANS INVOLVED,,A,21801A,,1,PARK BL,1,,,A,,,TRAFALGAR PL,,,A,7/26/2024 8:27:42 AM,1/29/2025 8:56:51 AM,,,2,,,,,,,
2704691,22-0473804,2,False,0109,9/24/2022 12:42:00 PM,1242,23X,14,109,Oakland,1,True,True,D,BROADSIDE,,Saturday,,,,,False,False,True,,C,OTHER MOTOR VEHICLE,,1,0,CLEAR,,NO UNUSUAL CONDITIONS - NO UNUSUAL CONDITIONS,,A,DAYLIGHT,,,,,,,A,NO PEDESTRIANS INVOLVED,,A,22102,,1,SAN LEANDRO ST,2,,,A,W,55.0,38TH AV,F,,D,7/26/2024 8:27:42 AM,1/29/2025 8:56:51 AM,,,2,,,,,,,
2704689,22-031381,2,False,0109,7/9/2022 12:07:00 PM,1207,23X,14,109,Oakland,1,True,True,H,OTHER,,Saturday,,,,,False,False,False,,C,OTHER MOTOR VEHICLE,,3,0,CLEAR,,NO UNUSUAL CONDITIONS - NO UNUSUAL CONDITIONS,,A,DAYLIGHT,,,,,,,A,NO PEDESTRIANS INVOLVED,,A,22106,,1,SAN LEANDRO ST,2,,,A,W,30.0,37TH AV,F,,A,7/26/2024 8:27:42 AM,1/29/2025 8:56:51 AM,,,2,,,,,,,
2704688,22-029513,2,False,0109,6/28/2022 6:54:00 PM,1854,31Z,14,109,Oakland,1,True,True,A,HEAD-ON,,Tuesday,,,,,False,False,True,,C,OTHER MOTOR VEHICLE,,1,0,CLEAR,,NO UNUSUAL CONDITIONS - NO UNUSUAL CONDITIONS,,A,DAYLIGHT,,,,,,,A,NO PEDESTRIANS INVOLVED,,A,21651B,,1,SAN LEANDRO ST,2,,,A,,,51ST AV,,,A,7/26/2024 8:27:42 AM,1/29/2025 8:56:51 AM,,,2,,,,,,,
2704687,22-025128,2,False,0109,6/1/2022 5:00:00 PM,1700,19X,14,109,Oakland,1,True,True,B,SIDE SWIPE,,Wednesday,,,,,False,False,False,,C,OTHER MOTOR VEHICLE,,0,0,CLEAR,,NO UNUSUAL CONDITIONS - NO UNUSUAL CONDITIONS,,A,DAYLIGHT,,,,,,,A,NO PEDESTRIANS INVOLVED,,A,216551,,1,16TH AV,1,,,A,E,15.0,INTERNATIONAL BL,F,,D,7/26/2024 8:27:42 AM,1/29/2025 8:56:51 AM,,,2,,,,,,,
2704686,22-042430,2,False,0109,9/16/2022 5:04:00 AM,504,31Y,14,109,Oakland,1,True,True,D,BROADSIDE,,Friday,,,,,False,True,False,,C,OTHER MOTOR VEHICLE,,0,0,CLEAR,,NO UNUSUAL CONDITIONS - NO UNUSUAL CONDITIONS,,C,DARK-STREET LIGHTS,,,,,,,A,NO PEDESTRIANS INVOLVED,,A,21453A,,1,HEGENBERGER RD,2,,,A,S,15.0,RT 880,F,,A,7/26/2024 8:27:42 AM,1/29/2025 8:56:51 AM,,,2,,,,,,,
2704685,22-050592,2,False,0109,11/3/2022 6:14:00 PM,1814,21X,14,109,Oakland,1,True,True,C,REAR END,,Thursday,,,,,False,False,True,,E,PARKED MOTOR VEHICLE,,0,0,CLEAR,,NO UNUSUAL CONDITIONS - NO UNUSUAL CONDITIONS,,A,DAYLIGHT,,,,,,,A,NO PEDESTRIANS INVOLVED,,A,22107,,1,E 27TH ST,2,,,A,W,50.0,25TH AV,F,,D,7/26/2024 8:27:41 AM,1/29/2025 8:56:51 AM,,,2,,,,,,,
2704682,22-020615,2,False,0109,5/4/2022 4:11:00 PM,1611,26X,14,109,Oakland,1,True,True,D,BROADSIDE,,Wednesday,,,M,,False,False,False,,C,OTHER MOTOR VEHICLE,,1,0,CLEAR,,NO UNUSUAL CONDITIONS - NO UNUSUAL CONDITIONS,,A,DAYLIGHT,,,,,,,A,NO PEDESTRIANS INVOLVED,,A,22100B,,1,INTERNATIONAL BL,2,,,A,,,SEMINARY AV,,,A,7/26/2024 8:27:41 AM,1/29/2025 8:56:51 AM,,,2,,,,,,,
2704323,22-048220,2,False,0109,10/20/2022 1:30:00 PM,1330,09X,14,109,Oakland,1,True,True,D,BROADSIDE,,Thursday,,,,,False,False,False,,C,OTHER MOTOR VEHICLE,,2,0,CLEAR,,NO UNUSUAL CONDITIONS - NO UNUSUAL CONDITIONS,,A,DAYLIGHT,,,,,,,A,NO PEDESTRIANS INVOLVED,,A,21453A,,,OAKLAND AV,1,,,A,,,MACARTHUR BL,,,A,7/26/2024 8:27:26 AM,1/29/2025 8:56:37 AM,,,2,,,,,,,
2704322,22-048059,2,False,0109,10/19/2022 4:11:00 PM,1611,03Y,14,109,Oakland,1,True,True,D,BROADSIDE,,Wednesday,,,,,False,False,False,,C,OTHER MOTOR VEHICLE,,1,0,CLEAR,,OTHER* - OTHER*,,A,DAYLIGHT,,,,,,,A,NO PEDESTRIANS INVOLVED,,A,22107,,1,12TH ST,1,,,A,,,CASTRO ST,,,A,7/26/2024 8:27:26 AM,1/29/2025 8:56:36 AM,,,2,,,,,,,
2704321,22-047933,2,False,0109,10/18/2022 10:21:00 PM,2221,14X,14,109,Oakland,1,True,True,D,BROADSIDE,,Tuesday,,,,,False,False,True,,C,OTHER MOTOR VEHICLE,,2,0,CLEAR,,NO UNUSUAL CONDITIONS - NO UNUSUAL CONDITIONS,,C,DARK-STREET LIGHTS,,,,,,,A,NO PEDESTRIANS INVOLVED,,A,21453A,,,GRAND AV,1,,,A,,,MACARTHUR BL,,,A,7/26/2024 8:27:26 AM,1/29/2025 8:56:37 AM,,,2,,,,,,,
2704320,22-046722,2,False,0109,10/11/2022 3:50:00 PM,1550,23X,14,109,Oakland,1,True,True,A,HEAD-ON,,Tuesday,,,,,False,False,False,,I,FIXED OBJECT,,1,0,CLEAR,,NO UNUSUAL CONDITIONS - NO UNUSUAL CONDITIONS,,A,DAYLIGHT,,,,,,,A,NO PEDESTRIANS INVOLVED,,A,22107,,1,106TH AV,2,,,A,,,FOOTHILL BL,,,A,7/26/2024 8:27:26 AM,1/29/2025 8:56:36 AM,,,2,,,,,,,
2704319,22-048006,2,False,0109,10/19/2022 8:14:00 PM,2014,26X,14,109,Oakland,1,True,True,H,OTHER,,Wednesday,,,,,False,False,False,,G,BICYCLE,,1,0,CLEAR,,NO UNUSUAL CONDITIONS - NO UNUSUAL CONDITIONS,,C,DARK-STREET LIGHTS,,,,,,,A,NO PEDESTRIANS INVOLVED,,A,21804A,,1,51ST AV,2,,,A,S,40.0,INTERNATIONAL BL,F,,B,7/26/2024 8:27:26 AM,1/29/2025 8:56:36 AM,,,2,,,,,,,
2704317,22-048205,2,False,0109,10/20/2022 11:10:00 AM,1110,08X,14,109,Oakland,1,True,True,A,HEAD-ON,,Thursday,,,,,False,False,False,,E,PARKED MOTOR VEHICLE,,1,0,CLEAR,,NO UNUSUAL CONDITIONS - NO UNUSUAL CONDITIONS,,A,DAYLIGHT,,,,,,,F,NOT IN ROAD,,A,22102,,1,24TH ST,1,,,A,E,115.0,TELEGRAPH AV,F,,C,7/26/2024 8:27:26 AM,1/29/2025 8:56:36 AM,,,2,,,,,,,
2704312,22-049411,2,False,0109,10/27/2022 5:39:00 PM,1739,33X,14,109,Oakland,1,True,True,A,HEAD-ON,,Thursday,,,,,False,False,False,,C,OTHER MOTOR VEHICLE,,0,0,CLEAR,,NO UNUSUAL CONDITIONS - NO UNUSUAL CONDITIONS,,A,DAYLIGHT,,,,,,,A,NO PEDESTRIANS INVOLVED,,A,21453A,,1,85TH AV,2,,,A,,,SAN LEANDRO ST,,,A,7/26/2024 8:27:26 AM,1/29/2025 8:56:36 AM,,,2,,,,,,,
2704310,22-0419143,2,False,0109,10/26/2022 1:40:00 AM,140,17X,14,109,Oakland,1,True,True,D,BROADSIDE,,Wednesday,,,,,False,False,True,,C,OTHER MOTOR VEHICLE,,0,0,CLEAR,,NO UNUSUAL CONDITIONS - NO UNUSUAL CONDITIONS,,C,DARK-STREET LIGHTS,,,,,,,A,NO PEDESTRIANS INVOLVED,,A,21802A,,1,E 18TH ST,1,,,A,,,12TH AV,,,B,7/26/2024 8:27:26 AM,1/29/2025 8:56:36 AM,,,2,,,,,,,
2704309,22-049930,2,False,0109,10/30/2022 8:47:00 PM,2047,31X,14,109,Oakland,1,True,True,A,HEAD-ON,,Sunday,,,,,False,False,False,,I,FIXED OBJECT,,0,0,CLEAR,,NO UNUSUAL CONDITIONS - NO UNUSUAL CONDITIONS,,C,DARK-STREET LIGHTS,,,,,,,A,NO PEDESTRIANS INVOLVED,,A,22107,,1,SAN LEANDRO ST,2,,,A,,,100TH AV,,,D,7/26/2024 8:27:26 AM,1/29/2025 8:56:36 AM,,,2,,,,,,,
2704308,22-048733,2,False,0109,10/23/2022 12:58:00 PM,1258,24X,14,109,Oakland,1,True,True,C,REAR END,,Sunday,,,,,False,False,False,,C,OTHER MOTOR VEHICLE,,0,0,CLEAR,,NO UNUSUAL CONDITIONS - NO UNUSUAL CONDITIONS,,A,DAYLIGHT,,,,,,,A,NO PEDESTRIANS INVOLVED,,A,22350,,1,FOOTHILL BL,2,,,A,W,50.0,ROSEDALE AV,F,,A,7/26/2024 8:27:26 AM,1/29/2025 8:56:36 AM,,,2,,,,,,,
2704307,22-048812,2,False,0109,10/24/2022 1:52:00 AM,152,32X,14,109,Oakland,1,True,True,C,REAR END,,Monday,,,,,False,False,True,,E,PARKED MOTOR VEHICLE,,0,0,CLEAR,,NO UNUSUAL CONDITIONS - NO UNUSUAL CONDITIONS,,C,DARK-STREET LIGHTS,,,,,,,A,NO PEDESTRIANS INVOLVED,,A,22350,,1,106TH AV,2,,,A,N,200.0,FOOTHILL BL,F,,D,7/26/2024 8:27:26 AM,1/29/2025 8:56:36 AM,,,2,,,,,,,
2704306,22-047638,2,False,0109,10/17/2022 8:13:00 AM,813,21X,14,109,Oakland,1,True,True,D,BROADSIDE,,Monday,,,,,False,False,False,,C,OTHER MOTOR VEHICLE,,0,0,CLEAR,,NO UNUSUAL CONDITIONS - NO UNUSUAL CONDITIONS,,A,DAYLIGHT,,,,,,,A,NO PEDESTRIANS INVOLVED,,A,21801A,,1,FRUITVALE AV,1,,,A,,,BROOKDALE AV,,,A,7/26/2024 8:27:26 AM,1/29/2025 8:56:36 AM,,,2,,,,,,,
2704305,22-047988,2,False,0109,10/19/2022 9:55:00 AM,955,08X,14,109,Oakland,1,True,True,D,BROADSIDE,,Wednesday,,,,,False,False,False,,C,OTHER MOTOR VEHICLE,,0,0,CLEAR,,NO UNUSUAL CONDITIONS - NO UNUSUAL CONDITIONS,,A,DAYLIGHT,,,,,,,A,NO PEDESTRIANS INVOLVED,,A,21801A,,1,BROADWAY,1,,,A,,,40TH ST,,,A,7/26/2024 8:27:26 AM,1/29/2025 8:56:36 AM,,,2,,,,,,,
2704304,22-048028,2,False,0109,10/19/2022 1:36:00 PM,1336,03X,14,109,Oakland,1,True,True,C,REAR END,,Wednesday,,,,,False,False,False,,C,OTHER MOTOR VEHICLE,,0,0,CLEAR,,NO UNUSUAL CONDITIONS - NO UNUSUAL CONDITIONS,,A,DAYLIGHT,,,,,,,A,NO PEDESTRIANS INVOLVED,,A,22350,,1,BROADWAY,1,,,A,N,30.0,6TH ST,F,,A,7/26/2024 8:27:26 AM,1/29/2025 8:56:36 AM,,,2,,,,,,,
2704291,22-049347,2,False,0109,10/27/2022 9:40:00 AM,940,21X,14,109,Oakland,1,True,True,D,BROADSIDE,,Thursday,,,,,False,False,False,,C,OTHER MOTOR VEHICLE,,0,0,CLEAR,,NO UNUSUAL CONDITIONS - NO UNUSUAL CONDITIONS,,A,DAYLIGHT,,,,,,,A,NO PEDESTRIANS INVOLVED,,A,21453A,,,FRUITVALE AV,2,,,A,,,HAROLD ST,,,A,7/26/2024 8:27:25 AM,1/29/2025 8:56:35 AM,,,2,,,,,,,
2704110,22-042432,2,False,0109,9/16/2022 5:37:00 AM,537,17X,14,109,Oakland,1,True,True,B,SIDE SWIPE,,Friday,,,,,False,False,False,,E,PARKED MOTOR VEHICLE,,0,0,CLEAR,,NO UNUSUAL CONDITIONS - NO UNUSUAL CONDITIONS,,C,DARK-STREET LIGHTS,,,,,,,A,NO PEDESTRIANS INVOLVED,,A,22107,,1,E 32ND ST,1,,,A,,,BEAUMONT,,,D,7/26/2024 8:27:19 AM,1/29/2025 8:56:29 AM,,,2,,,,,,,
2704109,22-044796,2,False,0109,9/30/2022 6:16:00 PM,1816,27X,14,109,Oakland,1,True,True,B,SIDE SWIPE,,Friday,,,,,False,False,False,,E,PARKED MOTOR VEHICLE,,0,0,CLEAR,,NO UNUSUAL CONDITIONS - NO UNUSUAL CONDITIONS,,A,DAYLIGHT,,,,,,,A,NO PEDESTRIANS INVOLVED,,A,22107,,1,66TH AV,2,,,A,,,INTERNATIONAL BL,,,A,7/26/2024 8:27:19 AM,1/29/2025 8:56:29 AM,,,2,,,,,,,
2704107,22-042945,2,False,0109,9/19/2022 11:13:00 AM,1113,31X,14,109,Oakland,1,True,True,B,SIDE SWIPE,,Monday,,,,,False,False,False,,C,OTHER MOTOR VEHICLE,,0,0,CLEAR,,NO UNUSUAL CONDITIONS - NO UNUSUAL CONDITIONS,,A,DAYLIGHT,,,,,,,A,NO PEDESTRIANS INVOLVED,,A,22107,,,HEGENBERGER RD,2,,,A,N,0.5,BALDWIN ST,M,,D,7/26/2024 8:27:19 AM,1/29/2025 8:56:28 AM,,,2,,,,,,,
2704102,22-043608,2,False,0109,9/23/2022 8:30:00 AM,830,19X,14,109,Oakland,1,True,True,G,VEHICLE/PEDESTRAIN,,Friday,,,,,False,False,False,,C,OTHER MOTOR VEHICLE,,0,0,CLEAR,,NO UNUSUAL CONDITIONS - NO UNUSUAL CONDITIONS,,A,DAYLIGHT,,,,,,,A,NO PEDESTRIANS INVOLVED,,A,21801A,,1,FOOTHILL BL,1,,,A,,,21ST ST,,,B,7/26/2024 8:27:18 AM,1/29/2025 8:56:28 AM,,,2,,,,,,,
2704101,22-043743,2,False,0109,9/24/2022 12:47:00 AM,47,04X,14,109,Oakland,1,True,True,A,HEAD-ON,,Saturday,,,,,False,False,False,,I,FIXED OBJECT,,0,0,CLEAR,,NO UNUSUAL CONDITIONS - NO UNUSUAL CONDITIONS,,C,DARK-STREET LIGHTS,,,,,,,A,NO PEDESTRIANS INVOLVED,,A,22107,,1,HARRISON ST,1,,,A,,,20TH ST,,,A,7/26/2024 8:27:18 AM,1/29/2025 8:56:28 AM,,,2,,,,,,,
2704082,22-043535,2,False,0109,9/22/2022 8:14:00 PM,2014,31X,14,109,Oakland,1,True,True,B,SIDE SWIPE,,Thursday,,,,,False,False,False,,E,PARKED MOTOR VEHICLE,,0,0,CLEAR,,,,C,DARK-STREET LIGHTS,,,,,,,A,NO PEDESTRIANS INVOLVED,,A,22107,,1,WALTER AV,2,,,A,E,30.0,NEVADA ST,F,,D,7/26/2024 8:27:18 AM,1/29/2025 8:56:27 AM,,,2,,,,,,,
2704081,22-041225,2,False,0109,9/8/2022 7:42:00 PM,1942,29X,14,109,Oakland,1,True,True,D,BROADSIDE,,Thursday,,,M,,False,False,False,,C,OTHER MOTOR VEHICLE,,0,0,CLEAR,,NO UNUSUAL CONDITIONS - NO UNUSUAL CONDITIONS,,B,DUSK-DAWN,,,,,,,A,NO PEDESTRIANS INVOLVED,,A,22106,,2,84TH AV,2,,,A,N,180.0,BANCROFT AV,F,,D,7/26/2024 8:27:18 AM,1/29/2025 8:56:27 AM,,,2,,,,,,,
2704080,22-042523,2,False,0109,9/16/2022 5:52:00 PM,1752,25X,14,109,Oakland,1,True,True,C,REAR END,,Friday,,,M,,False,False,False,,C,OTHER MOTOR VEHICLE,,0,0,CLEAR,,NO UNUSUAL CONDITIONS - NO UNUSUAL CONDITIONS,,A,DAYLIGHT,,,,,,,A,NO PEDESTRIANS INVOLVED,,A,21460A,,1,MACARTHUR BL,2,,,A,W,225.0,HIGH ST,F,,B,7/26/2024 8:27:18 AM,1/29/2025 8:56:27 AM,,,2,,,,,,,
2704079,22-042513,2,False,0109,9/16/2022 4:27:00 PM,1627,22Y,14,109,Oakland,1,True,True,B,SIDE SWIPE,,Friday,,,,,False,False,False,,C,OTHER MOTOR VEHICLE,,0,0,CLEAR,,NO UNUSUAL CONDITIONS - NO UNUSUAL CONDITIONS,,A,DAYLIGHT,,,,,,,A,NO PEDESTRIANS INVOLVED,,D,,,,FRUITVALE AV,2,,,A,N,150.0,FOOTHILL BL,F,,A,7/26/2024 8:27:18 AM,1/29/2025 8:56:27 AM,,,2,,,,,,,
2703986,22-038196,2,False,0109,8/21/2022 12:16:00 PM,1216,27X,14,109,Oakland,1,True,True,G,VEHICLE/PEDESTRAIN,,Sunday,,,,,False,False,False,,B,PEDESTRIAN,,1,0,CLEAR,,NO UNUSUAL CONDITIONS - NO UNUSUAL CONDITIONS,,A,DAYLIGHT,,,,,,,B,CROSSING IN CROSS WALK AT INTERSECTION,,A,21950A,,1,FAIRFAX AV,2,,,A,E,5.0,HIGH ST,F,,A,7/26/2024 8:27:14 AM,1/29/2025 8:56:24 AM,,,2,,,,,,,
2703985,22-038194,2,False,0109,8/21/2022 4:12:00 PM,1612,03Y,14,109,Oakland,1,True,True,D,BROADSIDE,,Sunday,,,,,False,False,False,,C,OTHER MOTOR VEHICLE,,2,0,CLEAR,,NO UNUSUAL CONDITIONS - NO UNUSUAL CONDITIONS,,A,DAYLIGHT,,,,,,,A,NO PEDESTRIANS INVOLVED,,A,23152A,,1,10TH ST,1,,,A,,,CLAY ST,,,A,7/26/2024 8:27:14 AM,1/29/2025 8:56:24 AM,,,2,,,,,,,
2703984,22-038040,2,False,0109,8/21/2022 1:35:00 PM,1335,06X,14,109,Oakland,1,True,True,A,HEAD-ON,,Sunday,,,,,False,False,False,,C,OTHER MOTOR VEHICLE,,2,0,CLEAR,,NO UNUSUAL CONDITIONS - NO UNUSUAL CONDITIONS,,A,DAYLIGHT,,,,,,,A,NO PEDESTRIANS INVOLVED,,A,22107,,1,29TH ST,2,,,A,W,150.0,WEST ST,F,,D,7/26/2024 8:27:14 AM,1/29/2025 8:56:24 AM,,,2,,,,,,,
2703829,22-049539,2,False,0109,10/28/2022 1:00:00 PM,1300,20X,14,109,Oakland,1,True,True,C,REAR END,,Friday,,,,,False,False,False,,C,OTHER MOTOR VEHICLE,,1,0,CLEAR,,NO UNUSUAL CONDITIONS - NO UNUSUAL CONDITIONS,,A,DAYLIGHT,,,,,,,A,NO PEDESTRIANS INVOLVED,,A,22350,,1,FRUITVALE AV,2,,,A,N,100.0,E 18TH ST,F,,A,7/26/2024 8:27:07 AM,1/29/2025 8:56:18 AM,,,2,,,,,,,
2703828,22-049621,2,False,0109,10/28/2022 7:30:00 PM,1930,08X,14,109,Oakland,1,True,True,D,BROADSIDE,,Friday,,,,,False,False,False,,C,OTHER MOTOR VEHICLE,,1,0,CLEAR,,NO UNUSUAL CONDITIONS - NO UNUSUAL CONDITIONS,,C,DARK-STREET LIGHTS,,,,,,,A,NO PEDESTRIANS INVOLVED,,A,21801A,,1,TELEGRAPH AV,1,,,A,,,28TH ST,,,D,7/26/2024 8:27:07 AM,1/29/2025 8:56:18 AM,,,2,,,,,,,
2703827,22-050069,2,False,0109,10/31/2022 8:23:00 PM,2023,33X,14,109,Oakland,1,True,True,G,VEHICLE/PEDESTRAIN,,Monday,,,,,False,False,False,,B,PEDESTRIAN,,1,0,CLEAR,,NO UNUSUAL CONDITIONS - NO UNUSUAL CONDITIONS,,D,DARK-NO STREET LIGHTS,,,,,,,B,CROSSING IN CROSS WALK AT INTERSECTION,,A,21950A,,1,90TH AV,2,,,A,,,A ST,,,A,7/26/2024 8:27:07 AM,1/29/2025 8:56:18 AM,,,2,,,,,,,
2703826,22-048944,2,False,0109,10/2/2022 5:49:00 PM,1749,15X,14,109,Oakland,1,True,True,E,HIT OBJECT,,Sunday,,,,,False,False,False,,I,FIXED OBJECT,,1,0,CLEAR,,NO UNUSUAL CONDITIONS - NO UNUSUAL CONDITIONS,,A,DAYLIGHT,,,,,,,A,NO PEDESTRIANS INVOLVED,,A,22107,,1,MONTCLAIR AV,1,,,A,,,PARK BL,,,D,7/26/2024 8:27:07 AM,1/29/2025 8:56:18 AM,,,2,,,,,,,
2703825,22-047355,2,False,0109,10/15/2022 4:06:00 PM,1606,12X,14,109,Oakland,1,True,True,D,BROADSIDE,,Saturday,,,,,False,False,True,,C,OTHER MOTOR VEHICLE,,1,0,CLOUDY,,NO UNUSUAL CONDITIONS - NO UNUSUAL CONDITIONS,,A,DAYLIGHT,,,,,,,A,NO PEDESTRIANS INVOLVED,,A,21802A,,1,51ST ST,1,,,A,,,LAWTON AV,,,A,7/26/2024 8:27:07 AM,1/29/2025 8:56:18 AM,,,2,,,,,,,
2703811,22-048738,2,False,0109,10/23/2022 1:16:00 PM,1316,27X,14,109,Oakland,1,True,True,D,BROADSIDE,,Sunday,,,,,False,False,False,,C,OTHER MOTOR VEHICLE,,7,0,CLEAR,,NO UNUSUAL CONDITIONS - NO UNUSUAL CONDITIONS,,A,DAYLIGHT,,,,,,,A,NO PEDESTRIANS INVOLVED,,A,21453A,,1,BANCROFT AV,2,,,A,,,VICKSBURG AV,,,A,7/26/2024 8:27:06 AM,1/29/2025 8:56:17 AM,,,2,,,,,,,
2703808,22-049908,2,False,0109,10/30/2022 4:37:00 PM,1637,30X,14,109,Oakland,1,True,True,D,BROADSIDE,,Sunday,,,,,False,False,False,,C,OTHER MOTOR VEHICLE,,2,0,CLEAR,,NO UNUSUAL CONDITIONS - NO UNUSUAL CONDITIONS,,A,DAYLIGHT,,,,,,,A,NO PEDESTRIANS INVOLVED,,A,21802A,,1,BANCROFT AV,2,,,A,,,RITCHIE ST,,,D,7/26/2024 8:27:06 AM,1/29/2025 8:56:17 AM,,,2,,,,,,,
2703806,22-049585,2,False,0109,10/28/2022 4:16:00 PM,1616,03Y,14,109,Oakland,1,True,True,D,BROADSIDE,,Friday,,,,,False,False,False,,G,BICYCLE,,2,0,CLEAR,,NO UNUSUAL CONDITIONS - NO UNUSUAL CONDITIONS,,A,DAYLIGHT,,,,,,,A,NO PEDESTRIANS INVOLVED,,A,22107,,1,14TH ST,1,,,A,W,25.0,MARTIN LUTHER KING WY,F,,A,7/26/2024 8:27:06 AM,1/29/2025 8:56:17 AM,,,2,,,,,,,
2703799,22-042266,2,False,0109,9/15/2022 12:19:00 AM,19,26X,14,109,Oakland,1,True,True,D,BROADSIDE,,Thursday,,,,,False,False,False,,C,OTHER MOTOR VEHICLE,,2,0,CLEAR,,NO UNUSUAL CONDITIONS - NO UNUSUAL CONDITIONS,,B,DUSK-DAWN,,,,,,,A,NO PEDESTRIANS INVOLVED,,A,21453A,,,HEGENBERGER RD,2,,,A,,,HAMILTON ST,,,A,7/26/2024 8:27:05 AM,1/29/2025 8:56:17 AM,,,2,,,,,,,
2703798,22-043310,2,False,0109,9/21/2022 12:37:00 PM,1237,17X,14,109,Oakland,1,True,True,D,BROADSIDE,,Wednesday,,,,,False,False,False,,C,OTHER MOTOR VEHICLE,,2,0,CLEAR,,NO UNUSUAL CONDITIONS - NO UNUSUAL CONDITIONS,,A,DAYLIGHT,,,,,,,A,NO PEDESTRIANS INVOLVED,,A,21453A,,1,5TH AV,1,,,A,,,FOOTHILL BL,,,A,7/26/2024 8:27:05 AM,1/29/2025 8:56:17 AM,,,2,,,,,,,
2703797,22-043256,2,False,0109,9/21/2022 8:31:00 AM,831,18X,14,109,Oakland,1,True,True,D,BROADSIDE,,Wednesday,,,,,False,False,False,,C,OTHER MOTOR VEHICLE,,1,0,CLOUDY,,NO UNUSUAL CONDITIONS - NO UNUSUAL CONDITIONS,,A,DAYLIGHT,,,,,,,A,NO PEDESTRIANS INVOLVED,,A,21801A,,1,PARK BL,1,,,B,,,E 19 ST,,,A,7/26/2024 8:27:05 AM,1/29/2025 8:56:17 AM,,,2,,,,,,,
2703796,22-042305,2,False,0109,9/15/2022 10:28:00 AM,1028,34X,14,109,Oakland,1,True,True,D,BROADSIDE,,Thursday,,,,,False,False,False,,C,OTHER MOTOR VEHICLE,,1,0,CLOUDY,,NO UNUSUAL CONDITIONS - NO UNUSUAL CONDITIONS,,A,DAYLIGHT,,,,,,,A,NO PEDESTRIANS INVOLVED,,A,22350,,1,BANCROFT AV,2,,,A,,,86TH AV,,,B,7/26/2024 8:27:05 AM,1/29/2025 8:56:17 AM,,,2,,,,,,,
2703775,22-051394,2,False,0109,11/8/2022 11:30:00 AM,1130,10X,14,109,Oakland,1,True,True,B,SIDE SWIPE,,Tuesday,,,M,,False,False,False,,C,OTHER MOTOR VEHICLE,,0,0,CLEAR,,NO UNUSUAL CONDITIONS - NO UNUSUAL CONDITIONS,,A,DAYLIGHT,,,,,,,A,NO PEDESTRIANS INVOLVED,,A,22107,,1,46TH ST,1,,,B,,,MARTIN LUTHER KING JR WY,,,A,7/26/2024 8:27:04 AM,1/29/2025 8:56:16 AM,,,2,,,,,,,
2703638,22-037922,2,False,0109,8/19/2022 9:40:00 PM,2140,24X,14,109,Oakland,1,True,True,C,REAR END,,Friday,,,,,False,False,False,,C,OTHER MOTOR VEHICLE,,0,0,CLEAR,,NO UNUSUAL CONDITIONS - NO UNUSUAL CONDITIONS,,C,DARK-STREET LIGHTS,,,,,,,A,NO PEDESTRIANS INVOLVED,,A,21703,,1,INTERNATIONAL BL,2,,,A,W,10.0,73RD AV,F,,A,7/26/2024 8:26:59 AM,1/29/2025 8:56:11 AM,,,2,,,,,,,
2703637,22-037778,2,False,0109,8/19/2022 11:02:00 PM,2302,19X,14,109,Oakland,1,True,True,D,BROADSIDE,,Friday,,,M,,False,False,False,,C,OTHER MOTOR VEHICLE,,0,0,CLEAR,,NO UNUSUAL CONDITIONS - NO UNUSUAL CONDITIONS,,B,DUSK-DAWN,,,,,,,A,NO PEDESTRIANS INVOLVED,,A,22450A,,1,E 15TH ST,1,,,A,,,22ND AV,,,A,7/26/2024 8:26:59 AM,1/29/2025 8:56:11 AM,,,2,,,,,,,
2703634,22-037744,2,False,0109,8/18/2022 6:55:00 PM,1855,22Y,14,109,Oakland,1,True,True,C,REAR END,,Thursday,,,,,False,False,False,,C,OTHER MOTOR VEHICLE,,0,0,CLEAR,,NO UNUSUAL CONDITIONS - NO UNUSUAL CONDITIONS,,A,DAYLIGHT,,,,,,,A,NO PEDESTRIANS INVOLVED,,A,21453A,,1,REDWOOD RD,2,,,A,,,ALISO AV,,,A,7/26/2024 8:26:59 AM,1/29/2025 8:56:10 AM,,,2,,,,,,,
2703629,22-037068,2,False,0109,8/30/2022 4:31:00 PM,1631,27X,14,109,Oakland,1,True,True,G,VEHICLE/PEDESTRAIN,,Tuesday,,,,,False,False,False,,C,OTHER MOTOR VEHICLE,,0,0,CLEAR,,NO UNUSUAL CONDITIONS - NO UNUSUAL CONDITIONS,,C,DARK-STREET LIGHTS,,,,,,,A,NO PEDESTRIANS INVOLVED,,A,21801A,,1,FOOTHILL BL,2,,,A,,,VICKSBURG BL,,,A,7/26/2024 8:26:59 AM,1/29/2025 8:56:10 AM,,,2,,,,,,,