collision-id,report-number,report-version,is-preliminary,ncic-code,crash-date-time,crash-time-description,beat,city-id,city-code,city-name,county-code,city-is-active,city-is-incorporated,collision-type-code,collision-type-description,collision-type-other-desc,day-of-week,dispatch-notified,has-photographs,hit-run,is-attachments-mailed,is-deleted,is-highway-related,is-tow-away,judicial-district,motor-vehicle-involved-with-code,motor-vehicle-involved-with-desc,motor-vehicle-involved-with-other-desc,number-injured,number-killed,weather-1,weather-2,road-condition-1,road-condition-2,special-condition-lighting-code,lighting-description,latitude,longitude,milepost-direction,milepost-distance,milepost-marker,milepost-unit-of-measure,pedestrian-action-code,pedestrian-action-desc,prepared-date,primary-collision-factor-code,primary-collision-factor-violation,primary-collision-factor-is-cited,primary-collision-party-number,primary-road,reporting-district,reporting-district-code,reviewed-date,roadway-surface-code,secondary-direction,secondary-distance,secondary-road,secondary-unit-of-measure,sketch-desc,traffic-control-device-code,created-date,modified-date,is-county-road,is-freeway,chp-555-version,is-additonal-object-struck,notification-date,notification-time-description,has-digital-media-files,evidence-number,is-location-refer-to-narrative,is-aoi-one-same-as-location
2702736,22-052294,2,False,0109,11/13/2022 1:37:00 PM,1337,29X,14,109,Oakland,1,True,True,H,OTHER,,Sunday,,,,,False,False,False,,A,NON-COLLISION,,1,0,CLEAR,,NO UNUSUAL CONDITIONS - NO UNUSUAL CONDITIONS,,A,DAYLIGHT,,,,,,,A,NO PEDESTRIANS INVOLVED,,A,22107,,1,HILLMONT DR,2,,,A,W,25.0,ARCHMONT PL,F,,A,7/26/2024 8:26:24 AM,1/29/2025 8:55:38 AM,,,2,,,,,,,
2702735,22-052332,2,False,0109,11/13/2022 6:30:00 PM,1830,10X,14,109,Oakland,1,True,True,B,SIDE SWIPE,,Sunday,,,,,False,False,False,,G,BICYCLE,,1,0,CLEAR,,NO UNUSUAL CONDITIONS - NO UNUSUAL CONDITIONS,,C,DARK-STREET LIGHTS,,,,,,,A,NO PEDESTRIANS INVOLVED,,A,22107,,1,TELEGRAPH AV,1,,,A,,,55TH ST,,,A,7/26/2024 8:26:24 AM,1/29/2025 8:55:38 AM,,,2,,,,,,,
2702734,22-053124,2,False,0109,11/18/2022 7:47:00 AM,747,35X,14,109,Oakland,1,True,True,G,VEHICLE/PEDESTRAIN,,Friday,,,,,False,False,False,,G,BICYCLE,,1,0,CLEAR,,NO UNUSUAL CONDITIONS - NO UNUSUAL CONDITIONS,,A,DAYLIGHT,,,,,,,B,CROSSING IN CROSS WALK AT INTERSECTION,,A,21801A,,1,82ND AV,2,,,A,,,BANCROFT AV,,,A,7/26/2024 8:26:24 AM,1/29/2025 8:55:38 AM,,,2,,,,,,,
2702733,22-052736,2,False,0109,11/16/2022 8:21:00 AM,821,03X,14,109,Oakland,1,True,True,G,VEHICLE/PEDESTRAIN,,Wednesday,,,,,False,False,False,,B,PEDESTRIAN,,1,0,CLEAR,,,,A,DAYLIGHT,,,,,,,B,CROSSING IN CROSS WALK AT INTERSECTION,,A,21950A,,1,10TH ST,1,,,A,,,HARRISON ST,,,A,7/26/2024 8:26:24 AM,1/29/2025 8:55:38 AM,,,2,,,,,,,
2702732,22-052573,2,False,0109,11/15/2022 8:30:00 AM,830,12X,14,109,Oakland,1,True,True,G,VEHICLE/PEDESTRAIN,,Tuesday,,,,,False,False,False,,B,PEDESTRIAN,,1,0,CLEAR,,OBSTRUCTION ON ROADWAY* - OBSTRUCTION ON ROADWAY*,,A,DAYLIGHT,,,,,,,E,IN ROAD - INCLUDES SHOULDER,,A,22107,,1,MANILA AV,1,,,A,W,10.0,BROADWAY,F,,A,7/26/2024 8:26:24 AM,1/29/2025 8:55:38 AM,,,2,,,,,,,
2702731,22-052422,2,False,0109,11/14/2022 11:35:00 AM,1135,07X,14,109,Oakland,1,True,True,D,BROADSIDE,,Monday,,,,,False,False,False,,G,BICYCLE,,1,0,CLEAR,,NO UNUSUAL CONDITIONS - NO UNUSUAL CONDITIONS,,A,DAYLIGHT,,,,,,,A,NO PEDESTRIANS INVOLVED,,A,21801A,,1,BRUSH ST,1,,,A,S,40.0,SAN PABLO AV,F,,A,7/26/2024 8:26:24 AM,1/29/2025 8:55:38 AM,,,2,,,,,,,
2702730,22-052035,2,False,0109,11/12/2022 12:50:00 AM,50,10X,14,109,Oakland,1,True,True,D,BROADSIDE,,Saturday,,,,,False,False,True,,C,OTHER MOTOR VEHICLE,,1,0,CLEAR,,NO UNUSUAL CONDITIONS - NO UNUSUAL CONDITIONS,,C,DARK-STREET LIGHTS,,,,,,,A,NO PEDESTRIANS INVOLVED,,A,21802A,,1,SAN PABLO AV,1,,,A,,,59TH ST,,,A,7/26/2024 8:26:24 AM,1/29/2025 8:55:37 AM,,,2,,,,,,,
2702729,22-052558,2,False,0109,11/15/2022 8:04:00 AM,804,03X,14,109,Oakland,1,True,True,D,BROADSIDE,,Tuesday,,,,,False,False,False,,C,OTHER MOTOR VEHICLE,,1,0,CLEAR,,NO UNUSUAL CONDITIONS - NO UNUSUAL CONDITIONS,,A,DAYLIGHT,,,,,,,A,NO PEDESTRIANS INVOLVED,,A,21453A,,1,7TH ST,1,,,A,,,HARRISON ST,,,A,7/26/2024 8:26:24 AM,1/29/2025 8:55:38 AM,,,2,,,,,,,
2702728,22-052388,2,False,0109,11/14/2022 8:30:00 AM,830,32X,14,109,Oakland,1,True,True,C,REAR END,,Monday,,,,,False,False,False,,C,OTHER MOTOR VEHICLE,,1,0,CLEAR,,NO UNUSUAL CONDITIONS - NO UNUSUAL CONDITIONS,,A,DAYLIGHT,,,,,,,A,NO PEDESTRIANS INVOLVED,,A,22350,,1,SUNNYSIDE ST,2,,,A,E,50.0,98TH AV,F,,D,7/26/2024 8:26:24 AM,1/29/2025 8:55:37 AM,,,2,,,,,,,
2702726,22-052129,2,False,0109,11/12/2022 3:05:00 PM,1505,10X,14,109,Oakland,1,True,True,D,BROADSIDE,,Saturday,,,,,False,False,False,,C,OTHER MOTOR VEHICLE,,1,0,CLEAR,,NO UNUSUAL CONDITIONS - NO UNUSUAL CONDITIONS,,A,DAYLIGHT,,,,,,,A,NO PEDESTRIANS INVOLVED,,A,22106,,1,SAN PABLO AV,1,,,A,N,50.0,59TH ST,F,,D,7/26/2024 8:26:24 AM,1/29/2025 8:55:37 AM,,,2,,,,,,,
2702725,22-051550,2,False,0109,11/9/2022 9:43:00 AM,943,29X,14,109,Oakland,1,True,True,D,BROADSIDE,,Wednesday,,,,,False,False,False,,C,OTHER MOTOR VEHICLE,,1,0,CLEAR,,NO UNUSUAL CONDITIONS - NO UNUSUAL CONDITIONS,,A,DAYLIGHT,,,,,,,A,NO PEDESTRIANS INVOLVED,,A,22450A,,1,SEMINARY AV,2,,,A,,,BRANN ST,,,A,7/26/2024 8:26:24 AM,1/29/2025 8:55:37 AM,,,2,,,,,,,
2702709,22-054486,2,False,0109,11/26/2022 7:21:00 PM,1921,32X,14,109,Oakland,1,True,True,C,REAR END,,Saturday,,,M,,False,False,False,,C,OTHER MOTOR VEHICLE,,2,0,CLEAR,,NO UNUSUAL CONDITIONS - NO UNUSUAL CONDITIONS,,C,DARK-STREET LIGHTS,,,,,,,A,NO PEDESTRIANS INVOLVED,,A,22350,,1,98TH AV,2,,,A,N,180.0,SAN LEANDRO ST,F,,A,7/26/2024 8:26:23 AM,1/29/2025 8:55:37 AM,,,2,,,,,,,
2702708,22-054131,2,False,0109,11/24/2022 9:14:00 AM,914,04X,14,109,Oakland,1,True,True,D,BROADSIDE,,Thursday,,,,,False,False,False,,C,OTHER MOTOR VEHICLE,,1,0,CLEAR,,NO UNUSUAL CONDITIONS - NO UNUSUAL CONDITIONS,,A,DAYLIGHT,,,,,,,A,NO PEDESTRIANS INVOLVED,,A,21453A,,1,14TH ST,1,,,A,,,JACKSON ST,,,A,7/26/2024 8:26:23 AM,1/29/2025 8:55:37 AM,,,2,,,,,,,
2702707,22-051528,2,False,0109,11/9/2022 7:56:00 AM,756,27X,14,109,Oakland,1,True,True,G,VEHICLE/PEDESTRAIN,,Wednesday,,,,,False,False,False,,G,BICYCLE,,1,0,CLEAR,,NO UNUSUAL CONDITIONS - NO UNUSUAL CONDITIONS,,A,DAYLIGHT,,,,,,,B,CROSSING IN CROSS WALK AT INTERSECTION,,A,21802A,,1,BANCROFT AV,2,,,B,,,64TH AV,,,A,7/26/2024 8:26:23 AM,1/29/2025 8:55:37 AM,,,2,,,,,,,
2702706,22-050765,2,False,0109,11/4/2022 6:42:00 PM,1842,29X,14,109,Oakland,1,True,True,G,VEHICLE/PEDESTRAIN,,Friday,,,,,False,False,False,,B,PEDESTRIAN,,1,0,CLEAR,,NO UNUSUAL CONDITIONS - NO UNUSUAL CONDITIONS,,C,DARK-STREET LIGHTS,,,,,,,E,IN ROAD - INCLUDES SHOULDER,,A,21950B,,1,MACARTHUR BL,1,,,A,S,5.0,64TH AV,F,,A,7/26/2024 8:26:23 AM,1/29/2025 8:55:37 AM,,,2,,,,,,,
2702705,22-054396,2,False,0109,11/26/2022 2:39:00 AM,239,29X,14,109,Oakland,1,True,True,A,HEAD-ON,,Saturday,,,,,False,False,False,,C,OTHER MOTOR VEHICLE,,1,0,CLEAR,,NO UNUSUAL CONDITIONS - NO UNUSUAL CONDITIONS,,C,DARK-STREET LIGHTS,,,,,,,A,NO PEDESTRIANS INVOLVED,,A,21453A,,1,SEMINARY AV,2,,,A,,,MACARTHUR BL,,,A,7/26/2024 8:26:23 AM,1/29/2025 8:55:37 AM,,,2,,,,,,,
2702704,22-052315,2,False,0109,11/13/2022 6:00:00 PM,1800,07X,14,109,Oakland,1,True,True,D,BROADSIDE,,Sunday,,,,,False,False,False,,C,OTHER MOTOR VEHICLE,,2,0,CLEAR,,NO UNUSUAL CONDITIONS - NO UNUSUAL CONDITIONS,,B,DUSK-DAWN,,,,,,,A,NO PEDESTRIANS INVOLVED,,A,22450A,,1,34TH ST,1,,,A,,,PERALTA ST,,,A,7/26/2024 8:26:23 AM,1/29/2025 8:55:37 AM,,,2,,,,,,,
2702618,22-051539,2,False,0109,11/9/2022 8:54:00 AM,854,23X,14,109,Oakland,1,True,True,D,BROADSIDE,,Wednesday,,,,,False,False,False,,C,OTHER MOTOR VEHICLE,,0,0,CLEAR,,NO UNUSUAL CONDITIONS - NO UNUSUAL CONDITIONS,,A,DAYLIGHT,,,,,,,A,NO PEDESTRIANS INVOLVED,,A,21804A,,1,38TH AV,2,,,A,N,30.0,INTERNATIONAL BL,F,,A,7/26/2024 8:26:19 AM,1/29/2025 8:55:33 AM,,,2,,,,,,,
2702615,22-054069,2,False,0109,11/23/2022 10:16:00 PM,2216,02X,14,109,Oakland,1,True,True,D,BROADSIDE,,Wednesday,,,,,False,False,True,,C,OTHER MOTOR VEHICLE,,1,0,CLEAR,,NO UNUSUAL CONDITIONS - NO UNUSUAL CONDITIONS,,D,DARK-NO STREET LIGHTS,,,,,,,A,NO PEDESTRIANS INVOLVED,,A,21453A,,,MARKET ST,1,,,A,,,6TH ST,,,A,7/26/2024 8:26:19 AM,1/29/2025 8:55:34 AM,,,2,,,,,,,
2702612,22-050106,2,False,0109,11/1/2022 1:14:00 AM,114,33X,14,109,Oakland,1,True,True,A,HEAD-ON,,Tuesday,,,,,False,False,False,,C,OTHER MOTOR VEHICLE,,2,0,CLEAR,,NO UNUSUAL CONDITIONS - NO UNUSUAL CONDITIONS,,C,DARK-STREET LIGHTS,,,,,,,A,NO PEDESTRIANS INVOLVED,,A,21453A,,,85TH AV,2,,,A,,,INTERNATIONAL BL,,,A,7/26/2024 8:26:19 AM,1/29/2025 8:55:33 AM,,,2,,,,,,,
2702606,22-052836,2,False,0109,11/16/2022 2:21:00 PM,1421,34X,14,109,Oakland,1,True,True,D,BROADSIDE,,Wednesday,,,M,,False,False,True,,C,OTHER MOTOR VEHICLE,,1,0,CLEAR,,NO UNUSUAL CONDITIONS - NO UNUSUAL CONDITIONS,,A,DAYLIGHT,,,,,,,A,NO PEDESTRIANS INVOLVED,,A,22450A,,1,AUSEON AV,2,,,A,,,HOLLY ST,,,A,7/26/2024 8:26:19 AM,1/29/2025 8:55:33 AM,,,2,,,,,,,
2702603,22-050959,2,False,0109,11/5/2022 8:14:00 PM,2014,26X,14,109,Oakland,1,True,True,C,REAR END,,Saturday,,,,,False,False,True,,C,OTHER MOTOR VEHICLE,,1,0,RAINING,,NO UNUSUAL CONDITIONS - NO UNUSUAL CONDITIONS,,C,DARK-STREET LIGHTS,,,,,,,A,NO PEDESTRIANS INVOLVED,,A,22350,,1,73RD AV,2,,,B,,,INTERNATIONAL BL,,,A,7/26/2024 8:26:19 AM,1/29/2025 8:55:33 AM,,,2,,,,,,,
2702600,22-053687,2,False,0109,11/21/2022 3:34:00 PM,1534,31X,14,109,Oakland,1,True,True,B,SIDE SWIPE,,Monday,,,M,,False,False,False,,C,OTHER MOTOR VEHICLE,,1,0,CLEAR,,NO UNUSUAL CONDITIONS - NO UNUSUAL CONDITIONS,,A,DAYLIGHT,,,,,,,A,NO PEDESTRIANS INVOLVED,,A,22107,,1,COLISEUM WY,2,,,A,E,200.0,HIGH ST,F,,D,7/26/2024 8:26:19 AM,1/29/2025 8:55:33 AM,,,2,,,,,,,
2702596,22-052716,2,False,0109,11/16/2022 12:33:00 AM,33,23X,14,109,Oakland,1,True,True,A,HEAD-ON,,Wednesday,,,M,,False,False,True,,E,PARKED MOTOR VEHICLE,,0,0,CLEAR,,NO UNUSUAL CONDITIONS - NO UNUSUAL CONDITIONS,,C,DARK-STREET LIGHTS,,,,,,,A,NO PEDESTRIANS INVOLVED,,A,22107,,1,E 9TH ST,2,,,A,E,40.0,34TH AV,F,,D,7/26/2024 8:26:19 AM,1/29/2025 8:55:33 AM,,,2,,,,,,,
2702591,22-053963,2,False,0109,11/23/2022 8:55:00 AM,855,05X,14,109,Oakland,1,True,True,D,BROADSIDE,,Wednesday,,,M,,False,False,False,,C,OTHER MOTOR VEHICLE,,0,0,CLEAR,,NO UNUSUAL CONDITIONS - NO UNUSUAL CONDITIONS,,A,DAYLIGHT,,,,,,,A,NO PEDESTRIANS INVOLVED,,A,22450A,,1,BRUSH ST,1,,,A,,,15TH ST,,,D,7/26/2024 8:26:18 AM,1/29/2025 8:55:33 AM,,,2,,,,,,,
2702587,22-054139,2,False,0109,11/24/2022 10:07:00 AM,1007,26X,14,109,Oakland,1,True,True,A,HEAD-ON,,Thursday,,,M,,False,False,False,,E,PARKED MOTOR VEHICLE,,0,0,CLEAR,,OTHER* - OTHER*,,A,DAYLIGHT,,,,,,,A,NO PEDESTRIANS INVOLVED,,A,22350,,1,PEPPERMINT ACCESS RD,2,,,A,S,200.0,OAKPORT RD,F,,D,7/26/2024 8:26:18 AM,1/29/2025 8:55:32 AM,,,2,,,,,,,
2702553,22-048025,2,False,0109,10/19/2022 1:19:00 PM,1319,04X,14,109,Oakland,1,True,True,B,SIDE SWIPE,,Wednesday,,,,,False,False,False,,C,OTHER MOTOR VEHICLE,,0,0,CLEAR,,NO UNUSUAL CONDITIONS - NO UNUSUAL CONDITIONS,,A,DAYLIGHT,,,,,,,A,NO PEDESTRIANS INVOLVED,,A,21658A,,1,LAKESIDE DR,1,,,A,N,200.0,14TH ST,F,,A,7/26/2024 8:26:17 AM,1/29/2025 8:55:31 AM,,,2,,,,,,,
2702549,22-053283,2,False,0109,11/19/2022 9:05:00 AM,905,06X,14,109,Oakland,1,True,True,B,SIDE SWIPE,,Saturday,,,,,False,False,False,,C,OTHER MOTOR VEHICLE,,1,0,CLEAR,,NO UNUSUAL CONDITIONS - NO UNUSUAL CONDITIONS,,A,DAYLIGHT,,,,,,,A,NO PEDESTRIANS INVOLVED,,A,22107,,1,MARTIN LUTHER KING JR WY,1,,,A,N,50.0,27TH ST,F,,A,7/26/2024 8:26:17 AM,1/29/2025 8:55:31 AM,,,2,,,,,,,
2702546,22-052440,2,False,0109,11/14/2022 12:46:00 PM,1246,30X,14,109,Oakland,1,True,True,C,REAR END,,Monday,,,,,False,False,False,,C,OTHER MOTOR VEHICLE,,1,0,CLEAR,,NO UNUSUAL CONDITIONS - NO UNUSUAL CONDITIONS,,A,DAYLIGHT,,,,,,,A,NO PEDESTRIANS INVOLVED,,A,22350,,1,73RD AV,2,,,A,S,100.0,MACARTHUR BL,F,,A,7/26/2024 8:26:17 AM,1/29/2025 8:55:31 AM,,,2,,,,,,,
2702519,22-051100,2,False,0109,11/6/2022 12:00:00 PM,1200,30Y,14,109,Oakland,1,True,True,D,BROADSIDE,,Sunday,,,M,,False,False,True,,I,FIXED OBJECT,,0,0,CLEAR,,NO UNUSUAL CONDITIONS - NO UNUSUAL CONDITIONS,,A,DAYLIGHT,,,,,,,A,NO PEDESTRIANS INVOLVED,,A,22107,,1,70TH AV,2,,,A,N,150.0,HOLLY ST,F,,D,7/26/2024 8:26:16 AM,1/29/2025 8:55:30 AM,,,2,,,,,,,
2700891,22-032656,2,False,0109,7/17/2022 10:11:00 PM,2211,27Y,14,109,Oakland,1,True,True,G,VEHICLE/PEDESTRAIN,,Sunday,,,F,,False,False,False,,B,PEDESTRIAN,,0,1,CLEAR,,NO UNUSUAL CONDITIONS - NO UNUSUAL CONDITIONS,,C,DARK-STREET LIGHTS,,,,,,,E,IN ROAD - INCLUDES SHOULDER,,D,,,,BANCROFT AV,2,,,A,,,62ND AV,,,D,7/26/2024 8:25:17 AM,1/29/2025 8:54:26 AM,,,2,,,,,,,
2700884,22-027672,2,False,0109,6/16/2022 8:21:00 PM,2021,04X,14,109,Oakland,1,True,True,H,OTHER,,Thursday,,,F,,False,False,False,,G,BICYCLE,,0,1,CLEAR,,NO UNUSUAL CONDITIONS - NO UNUSUAL CONDITIONS,,A,DAYLIGHT,,,,,,,A,NO PEDESTRIANS INVOLVED,,A,21453A,,1,14TH ST,1,,,A,,,JEFFERSON BL,,,A,7/26/2024 8:25:17 AM,1/29/2025 8:54:26 AM,,,2,,,,,,,
2700851,22-038918,2,False,0109,8/25/2022 4:02:00 PM,1602,09X,14,109,Oakland,1,True,True,G,VEHICLE/PEDESTRAIN,,Thursday,,,F,,False,False,True,,B,PEDESTRIAN,,0,1,CLEAR,,NO UNUSUAL CONDITIONS - NO UNUSUAL CONDITIONS,,A,DAYLIGHT,,,,,,,E,IN ROAD - INCLUDES SHOULDER,,A,22350,,1,MACARTHUR BL,1,,,A,,,PIEDMONT AV,,,A,7/26/2024 8:25:16 AM,1/29/2025 8:54:25 AM,,,2,,,,,,,
2700846,22-058455,2,False,0109,12/20/2022 12:44:00 AM,44,13Y,14,109,Oakland,1,True,True,F,OVERTURNED,,Tuesday,,,,,False,False,True,,I,FIXED OBJECT,,1,1,CLEAR,,NO UNUSUAL CONDITIONS - NO UNUSUAL CONDITIONS,,D,DARK-NO STREET LIGHTS,,,,,,,A,NO PEDESTRIANS INVOLVED,,A,23152A,,1,GRIZZLY PEAK BL,1,,,A,W,0.7,FISH RANCH RD,M,,D,7/26/2024 8:25:16 AM,1/29/2025 8:54:24 AM,,,2,,,,,,,
2700817,22-045333,2,False,0109,10/3/2022 9:47:00 PM,2147,26Y,14,109,Oakland,1,True,True,G,VEHICLE/PEDESTRAIN,,Monday,,,F,,False,False,True,,B,PEDESTRIAN,,0,1,CLOUDY,,NO UNUSUAL CONDITIONS - NO UNUSUAL CONDITIONS,,C,DARK-STREET LIGHTS,,,,,,,C,CROSSING IN CROSS WALK - NOT AT INTERSECTION,,A,21954A,,1,HEGENBERGER RD,2,,,A,S,350.0,HAMILTON ST,F,,D,7/26/2024 8:25:15 AM,1/29/2025 8:54:23 AM,,,2,,,,,,,
2700783,22-011088,2,False,0109,3/8/2022 6:24:00 PM,1824,31X,14,109,Oakland,1,True,True,D,BROADSIDE,,Tuesday,,,,,False,False,True,,C,OTHER MOTOR VEHICLE,,0,1,CLEAR,,NO UNUSUAL CONDITIONS - NO UNUSUAL CONDITIONS,,C,DARK-STREET LIGHTS,,,,,,,A,NO PEDESTRIANS INVOLVED,,A,23152F,,1,BALDWIN ST,2,,,A,E,387.0,HEGENBERGER RD,F,,D,7/26/2024 8:25:14 AM,1/29/2025 8:54:22 AM,,,2,,,,,,,
2700773,22-003318,2,False,0109,1/21/2022 8:00:00 PM,2000,27X,14,109,Oakland,1,True,True,G,VEHICLE/PEDESTRAIN,,Friday,,,F,,False,False,False,,B,PEDESTRIAN,,0,1,CLEAR,WIND,NO UNUSUAL CONDITIONS - NO UNUSUAL CONDITIONS,,B,DUSK-DAWN,,,,,,,D,CROSSING - NOT IN CROSSWALK,,A,21954A,,1,BANCROFT AV,2,,,A,E,90.0,61ST AV,F,,A,7/26/2024 8:25:13 AM,1/29/2025 8:54:21 AM,,,2,,,,,,,
2700757,22-012616,2,False,0109,3/16/2022 8:47:00 PM,2047,26Y,14,109,Oakland,1,True,True,D,BROADSIDE,,Wednesday,,,F,,False,False,True,,C,OTHER MOTOR VEHICLE,,1,2,CLEAR,,NO UNUSUAL CONDITIONS - NO UNUSUAL CONDITIONS,,C,DARK-STREET LIGHTS,,,,,,,A,NO PEDESTRIANS INVOLVED,,A,23152F,,1,76TH AV,2,,,A,,,RUDSDALE ST,,,A,7/26/2024 8:25:13 AM,1/29/2025 8:54:20 AM,,,2,,,,,,,
2700735,22-01250,2,False,0109,3/19/2022 12:40:00 AM,40,34X,14,109,Oakland,1,True,True,G,VEHICLE/PEDESTRAIN,,Saturday,,,F,,False,False,False,,B,PEDESTRIAN,,0,1,CLEAR,,NO UNUSUAL CONDITIONS - NO UNUSUAL CONDITIONS,,C,DARK-STREET LIGHTS,,,,,,,D,CROSSING - NOT IN CROSSWALK,,A,21954A,,2,INTERNATIONAL BL,2,,,A,E,130.0,89TH AV,F,,A,7/26/2024 8:25:12 AM,1/29/2025 8:54:19 AM,,,2,,,,,,,
2700683,22-024410,2,False,0109,5/27/2022 10:38:00 PM,2238,11X,14,109,Oakland,1,True,True,A,HEAD-ON,,Friday,,,,,False,False,False,,C,OTHER MOTOR VEHICLE,,0,1,CLEAR,,NO UNUSUAL CONDITIONS - NO UNUSUAL CONDITIONS,,C,DARK-STREET LIGHTS,,,,,,,A,NO PEDESTRIANS INVOLVED,,A,21801A,,1,SHATTUCK AV,1,,,A,,,55TH ST,,,A,7/26/2024 8:25:10 AM,1/29/2025 8:54:17 AM,,,2,,,,,,,
2700644,22-029083,2,False,0109,6/26/2022 1:51:00 AM,151,26X,14,109,Oakland,1,True,True,B,SIDE SWIPE,,Sunday,,,,,False,True,True,,C,OTHER MOTOR VEHICLE,,5,1,CLEAR,,NO UNUSUAL CONDITIONS - NO UNUSUAL CONDITIONS,,C,DARK-STREET LIGHTS,,,,,,,F,NOT IN ROAD,,A,22350,,1,RT 185,2,,,A,E,6.0,54TH AV,F,,A,7/26/2024 8:25:09 AM,1/29/2025 8:54:16 AM,,,2,,,,,,,
2700590,22-047635,2,False,0109,10/17/2022 7:00:00 AM,700,26X,14,109,Oakland,1,True,True,D,BROADSIDE,,Monday,,,,,False,False,True,,C,OTHER MOTOR VEHICLE,,0,1,CLEAR,,NO UNUSUAL CONDITIONS - NO UNUSUAL CONDITIONS,,A,DAYLIGHT,,,,,,,A,NO PEDESTRIANS INVOLVED,,A,21453A,,1,69TH AV,2,,,A,,,SAN LEANDRO ST,,,A,7/26/2024 8:25:07 AM,1/29/2025 8:54:14 AM,,,2,,,,,,,
2700531,22-005199,2,False,0109,2/1/2022 9:36:00 PM,2136,30X,14,109,Oakland,1,True,True,A,HEAD-ON,,Tuesday,,,F,,False,True,True,,C,OTHER MOTOR VEHICLE,,2,2,CLEAR,,NO UNUSUAL CONDITIONS - NO UNUSUAL CONDITIONS,,C,DARK-STREET LIGHTS,,,,,,,A,NO PEDESTRIANS INVOLVED,,A,21460A,,1,RT 185,2,,,A,N,40.0,79TH AV,F,,A,7/26/2024 8:25:05 AM,1/29/2025 8:54:12 AM,,,2,,,,,,,
2719986,22-056359,2,False,0109,12/7/2022 4:06:00 PM,1606,03X,14,109,Oakland,1,True,True,E,HIT OBJECT,,Wednesday,,,,,False,False,False,,I,FIXED OBJECT,,0,0,CLEAR,,NO UNUSUAL CONDITIONS - NO UNUSUAL CONDITIONS,,B,DUSK-DAWN,,,,,,,A,NO PEDESTRIANS INVOLVED,,A,22107,,1,7TH ST,1,,,A,,,JACKSON ST,,,A,7/26/2024 8:41:01 AM,1/29/2025 9:31:02 AM,,,2,,,,,,,
2719984,22-060032,2,False,0109,12/30/2022 10:07:00 PM,2207,33X,14,109,Oakland,1,True,True,E,HIT OBJECT,,Friday,,,F,,False,False,False,,I,FIXED OBJECT,,0,0,RAINING,,OTHER* - OTHER*,,C,DARK-STREET LIGHTS,,,,,,,A,NO PEDESTRIANS INVOLVED,,A,22107,,1,83RD AV,2,,,B,,,A ST,,,C,7/26/2024 8:41:01 AM,1/29/2025 9:31:02 AM,,,2,,,,,,,
2719507,22-059923,2,False,0109,12/29/2022 11:20:00 AM,1120,30X,14,109,Oakland,1,True,True,B,SIDE SWIPE,,Thursday,,,,,False,False,False,,C,OTHER MOTOR VEHICLE,,0,0,CLOUDY,,NO UNUSUAL CONDITIONS - NO UNUSUAL CONDITIONS,,A,DAYLIGHT,,,,,,,A,NO PEDESTRIANS INVOLVED,,A,21801A,,1,73RD AV,1,,,B,,,ARTHUR ST,,,A,7/26/2024 8:40:32 AM,1/29/2025 9:30:54 AM,,,2,,,,,,,
2717714,22-045697,2,False,0109,10/5/2022 6:58:00 PM,1858,19X,14,109,Oakland,1,True,True,D,BROADSIDE,,Wednesday,,,,,False,True,False,,C,OTHER MOTOR VEHICLE,,0,0,CLEAR,,NO UNUSUAL CONDITIONS - NO UNUSUAL CONDITIONS,,A,DAYLIGHT,,,,,,,A,NO PEDESTRIANS INVOLVED,,A,21802A,,1,EMBERCADERO,1,,,A,,,RT 880,,,A,7/26/2024 8:38:41 AM,1/29/2025 9:30:28 AM,,,2,,,,,,,
2717410,22-055948,2,False,0109,12/5/2022 10:48:00 AM,1048,27X,14,109,Oakland,1,True,True,D,BROADSIDE,,Monday,,,M,,False,False,False,,C,OTHER MOTOR VEHICLE,,0,0,CLEAR,,NO UNUSUAL CONDITIONS - NO UNUSUAL CONDITIONS,,A,DAYLIGHT,,,,,,,A,NO PEDESTRIANS INVOLVED,,A,21802A,,1,FOOTHILL BL,2,,,A,,,51ST AV,,,D,7/26/2024 8:38:24 AM,1/29/2025 9:30:24 AM,,,2,,,,,,,
2717259,22-048030,2,False,0109,10/19/2022 1:39:00 PM,1339,33X,14,109,Oakland,1,True,True,B,SIDE SWIPE,,Wednesday,,,M,,False,False,False,,C,OTHER MOTOR VEHICLE,,2,0,CLEAR,,NO UNUSUAL CONDITIONS - NO UNUSUAL CONDITIONS,,A,DAYLIGHT,,,,,,,A,NO PEDESTRIANS INVOLVED,,A,22107,,1,92ND AV,2,,,A,S,35.0,C ST,F,,A,7/26/2024 8:38:15 AM,1/29/2025 9:30:22 AM,,,2,,,,,,,
2717241,22-054301,2,False,0109,11/25/2022 12:30:00 PM,1230,12X,14,109,Oakland,1,True,True,B,SIDE SWIPE,,Friday,,,,,False,False,False,,C,OTHER MOTOR VEHICLE,,1,0,CLEAR,,NO UNUSUAL CONDITIONS - NO UNUSUAL CONDITIONS,,A,DAYLIGHT,,,,,,,A,NO PEDESTRIANS INVOLVED,,A,22106,,1,43RD ST,1,,,A,W,50.0,TELEGRAPH AV,F,,D,7/26/2024 8:38:14 AM,1/29/2025 9:30:21 AM,,,2,,,,,,,
2717229,22-057516,2,False,0109,12/14/2022 12:00:00 PM,1200,31X,14,109,Oakland,1,True,True,B,SIDE SWIPE,,Wednesday,,,,,False,False,False,,C,OTHER MOTOR VEHICLE,,1,0,CLEAR,,NO UNUSUAL CONDITIONS - NO UNUSUAL CONDITIONS,,A,DAYLIGHT,,,,,,,A,NO PEDESTRIANS INVOLVED,,A,22100A,,1,EDES AV,2,,,A,,,85TH AV,,,A,7/26/2024 8:38:13 AM,1/29/2025 9:30:21 AM,,,2,,,,,,,
2717221,22-055354,2,False,0109,12/1/2022 6:15:00 PM,1815,31X,14,109,Oakland,1,True,True,D,BROADSIDE,,Thursday,,,,,False,False,False,,C,OTHER MOTOR VEHICLE,,0,0,CLEAR,,NO UNUSUAL CONDITIONS - NO UNUSUAL CONDITIONS,,A,DAYLIGHT,,,,,,,A,NO PEDESTRIANS INVOLVED,,A,21802A,,1,COLLINS RD,2,,,A,,,HEGENBERGER RD,,,D,7/26/2024 8:38:13 AM,1/29/2025 9:30:21 AM,,,2,,,,,,,